id_acciones_presencia,fecha_hecho,fuente,municipio,departamento,region,pdet,pnis,zona,evento,tipo_accion,accion,acciones_tradicionales,aux_responsable,subgrupo_responsable,total_victimas,descripcion_hecho,actor_consolidado,tipo_accion_clean,departamento_clean,municipio_clean,largo_texto,renta_ilicita_identificada,afecta_sector_privado,llave_geo,impactos_sectoriales,sectores_afectados_lista
20201,2026-07-31,el espectador,Silvia,Cauca,Pacífico,False,False,Rural,Acciones de los grupos armados al margen de la ley,Masacre,Otra,True,"ejercito nacional, desconocido",,3,"en cauca, tres militares retirados —el coronel (r) libardo osorio sanchez y los mayores (r) harold sanchez vergara y rodrigo amortegui— fueron asesinados el 30 de julio de 2026 mientras se desplazaban en bicicleta por la via entre silvia y totoro, en el sector de miraflores. segun la informacion preliminar, un grupo armado los intercepto y les disparo a corta distancia, causandoles la muerte. las autoridades no habian establecido aun el responsable, aunque en la zona tienen presencia las disidencias de las farc y el eln, que mantienen disputas por el control territorial.","ejercito nacional, desconocido",Masacre,Cauca,Silvia,93,Ninguna,False,Silvia - Cauca,{},Ninguno
20204,2026-07-31,ejercito nacional,La Pintada,Antioquia,Andina,False,False,Urbana,Acciones de la fuerza publica y otros servidores publicos,Mineria,Otra,False,"otro grupo armado ilegal, ejercito nacional",clan del golfo,0,"en la pintada y san francisco, antioquia, tropas del ejercito nacional intervinieron dos unidades de produccion minera ilegal que, segun informacion de inteligencia militar, eran utilizadas por el clan del golfo. durante la operacion fueron destruidos o inutilizados equipos y maquinaria empleados para la explotacion ilicita de oro, entre ellos una draga, una retroexcavadora, una plataforma de lavado, cinco motores y tres clasificadoras, ademas de combustibles y otros elementos. la operacion represento una afectacion economica superior a $800 millones y evito una extraccion estimada de 8.400 gramos de oro mensuales, valorados en aproximadamente $3.915 millones","otro grupo armado ilegal, ejercito nacional",Mineria,Antioquia,La Pintada,95,Minería,False,La Pintada - Antioquia,"{""Minero"": ""Negativo""}",Minero
20205,2026-07-31,ejercito nacional,San Francisco,Antioquia,Andina,False,False,,Acciones de la fuerza publica y otros servidores publicos,Mineria,Otra,False,"otro grupo armado ilegal, ejercito nacional",clan del golfo,0,"en la pintada y san francisco, antioquia, tropas del ejercito nacional intervinieron dos unidades de produccion minera ilegal que, segun informacion de inteligencia militar, eran utilizadas por el clan del golfo. durante la operacion fueron destruidos o inutilizados equipos y maquinaria empleados para la explotacion ilicita de oro, entre ellos una draga, una retroexcavadora, una plataforma de lavado, cinco motores y tres clasificadoras, ademas de combustibles y otros elementos. la operacion represento una afectacion economica superior a $800 millones y evito una extraccion estimada de 8.400 gramos de oro mensuales, valorados en aproximadamente $3.915 millones","otro grupo armado ilegal, ejercito nacional",Mineria,Antioquia,San Francisco,95,Minería,False,San Francisco - Antioquia,"{""Minero"": ""Negativo""}",Minero
20207,2026-07-31,la opinion,Convención,Norte De Santander,Andina,True,False,,Presencia grupos armados ilegales,Solo presencia,Otra,False,eln,,0,"en convencion, norte de santander, habitantes reportaron la presencia de integrantes del eln en distintos puntos del municipio, incluyendo el casco urbano y la via hacia ocana, especificamente en el sector de la cadena, una zona comercial. la presencia de hombres armados genero temor entre la poblacion ante el riesgo de posibles confrontaciones. al momento de la publicacion, las autoridades no habian confirmado oficialmente la situacion",eln,Solo presencia,Norte De Santander,Convención,66,Ninguna,False,Convención - Norte De Santander,{},Ninguno
20211,2026-07-31,ejercito nacional,Cumaribo,Vichada,Orinoquía,False,True,Rural,Acciones de la fuerza publica y otros servidores publicos,Destruccion de otra infraestructura ilegal,Otra,False,"otro grupo armado ilegal, ejercito nacional, fuerza publica no identificada, disidencias de las farc",estructura 44 antonio ricaurte; estado mayor central,0,"en zona rural de cumaribo, vichada, tropas del ejercito nacional, en operacion conjunta con la armada, ubicaron y destruyeron un mega laboratorio para el procesamiento de pasta base de coca y cocaina, perteneciente presuntamente a la estructura 44 “antonio ricaurte” de un grupo armado organizado residual. en el lugar fueron encontrados 3.703 galones de insumos liquidos y 2.359 kg de insumos solidos, ademas de maquinaria y elementos utilizados para la produccion y transporte de estupefacientes. la operacion habria generado una afectacion economica superior a $500 millones y afectado las finanzas de la estructura, que segun el ejercito obtenia mas de $800 millones mensuales por la comercializacion de narcoticos.","otro grupo armado ilegal, ejercito nacional, fuerza publica no identificada, disidencias de las farc",Destruccion de otra infraestructura ilegal,Vichada,Cumaribo,108,Narcotráfico,False,Cumaribo - Vichada,"{""Agropecuario"": ""Negativo""}",Agropecuario
20197,2026-07-30,ejercito nacional,Aguazul,Casanare,Orinoquía,False,False,Rural,Acciones de la fuerza publica y otros servidores publicos,Desactivacion de artefactos explosivos,Otra,False,"eln, ejercito nacional",,0,"en zona rural de aguazul, casanare, tropas del ejercito nacional localizaron un campo minado compuesto por varios artefactos explosivos improvisados, presuntamente instalados recientemente por integrantes del eln. el area fue despejada por personal especializado y los explosivos fueron destruidos de manera controlada, evitando riesgos para los militares y la poblacion civil. segun inteligencia militar, los dispositivos tenian alta capacidad destructiva y estaban dirigidos contra tropas y posiblemente poblacion civil.","eln, ejercito nacional",Desactivacion de artefactos explosivos,Casanare,Aguazul,69,Ninguna,False,Aguazul - Casanare,"{""Agropecuario"": ""Negativo""}",Agropecuario
20198,2026-07-30,la fm,Pueblo Rico,Risaralda,Andina,False,False,Rural,Acciones de los grupos armados al margen de la ley,Activacion de artefacto explosivo,Ataque a infraestructura y bienes civiles,True,"eln, ejercito nacional",frente manuel hernandes el boche; eln,3,"en la vereda el pital, de pueblo rico, risaralda, tropas del batallon san mateo y de la octava brigada del ejercito fueron atacadas con artefactos explosivos improvisados lanzados desde drones, mientras adelantaban operaciones militares en la vereda el pital. el ataque, atribuido por las autoridades a presuntos integrantes del frente manuel hernandez el boche del eln, dejo tres militares heridos, un suboficial y dos soldados profesionales, quienes fueron trasladados a un centro asistencial","eln, ejercito nacional",Activacion de artefacto explosivo,Risaralda,Pueblo Rico,73,Ninguna,False,Pueblo Rico - Risaralda,{},Ninguno
20199,2026-07-30,la fm,Pueblo Rico,Risaralda,Andina,False,False,Rural,Acciones de los grupos armados al margen de la ley,Ataque a personal militar/ ataque francotirador,Ataques contra la fuerza publica,True,"eln, ejercito nacional",frente manuel hernandez el boche; eln,3,"en la vereda el pital, de pueblo rico, risaralda, tropas del batallon san mateo y de la octava brigada del ejercito fueron atacadas con artefactos explosivos improvisados lanzados desde drones, mientras adelantaban operaciones militares en la vereda el pital. el ataque, atribuido por las autoridades a presuntos integrantes del frente manuel hernandez el boche del eln, dejo tres militares heridos, un suboficial y dos soldados profesionales, quienes fueron trasladados a un centro asistencial.","eln, ejercito nacional",Ataque a personal militar/ ataque francotirador,Risaralda,Pueblo Rico,73,Ninguna,False,Pueblo Rico - Risaralda,{},Ninguno
20200,2026-07-30,caracol radio,Miraflores,Guaviare,Amazonia,True,True,,Acciones de los grupos armados al margen de la ley,Confinamiento,Otra,False,disidencias de las farc,bloque jorge suarez briceno; estado mayor de bloques y frentes,0,"en miraflores, guaviare, las autoridades reportaron el confinamiento de comunidades tras la llegada de un nuevo grupo armado ilegal y la circulacion de un audio que imponia restricciones a la movilidad de la poblacion. las restricciones afectaron especialmente el transito por el rio guaviare, principal corredor de abastecimiento del municipio, generando preocupacion por el desabastecimiento de alimentos y otros productos. ante la situacion, el ejercito evaluaba realizar vuelos con viveres para garantizar el abastecimiento de las comunidades. la decision se dio luego de evaluar el impacto que ha tenido el ingreso de integrantes del bloque jorge suarez briceno, al mando de alias calarca, y las restricciones que hoy mantienen aisladas a decenas de comunidades.",disidencias de las farc,Confinamiento,Guaviare,Miraflores,114,Ninguna,False,Miraflores - Guaviare,"{""Ambiental"": ""Negativo"", ""Humanitario"": ""Negativo""}","Ambiental, Humanitario"
20202,2026-07-30,blu radio,Policarpa,Nariño,Pacífico,True,False,Rural,Acciones de los grupos armados al margen de la ley,Secuestro,Otra,False,"policia nacional, desconocido",,1,"en policarpa, narino, un patrullero de la policia, alvaro jair pistala garrido, fue secuestrado por hombres armados en el sector de la vereda altamira. el uniformado se movilizaba en un transporte intermunicipal cuando el vehiculo fue interceptado en un reten ilegal instalado por entre 10 y 15 hombres armados, quienes hicieron descender a los pasajeros y revisaron sus telefonos e informacion personal. tras identificar al patrullero, lo obligaron a bajar del vehiculo y se lo llevaron con rumbo desconocido. los demas pasajeros fueron liberados posteriormente. la policia atribuyo preliminarmente el hecho a integrantes de un grupo armado ilegal sin identificar una estructura en particular. ","policia nacional, desconocido",Secuestro,Nariño,Policarpa,104,Ninguna,False,Policarpa - Nariño,{},Ninguno
20203,2026-07-30,blu radio,Policarpa,Nariño,Pacífico,True,False,Rural,Acciones de los grupos armados al margen de la ley,Reten ilegal,Otra,False,"policia nacional, desconocido",,1,"en policarpa, narino, un patrullero de la policia, alvaro jair pistala garrido, fue secuestrado por hombres armados en el sector de la vereda altamira. el uniformado se movilizaba en un transporte intermunicipal cuando el vehiculo fue interceptado en un reten ilegal instalado por entre 10 y 15 hombres armados, quienes hicieron descender a los pasajeros y revisaron sus telefonos e informacion personal. tras identificar al patrullero, lo obligaron a bajar del vehiculo y se lo llevaron con rumbo desconocido. los demas pasajeros fueron liberados posteriormente. la policia atribuyo preliminarmente el hecho a integrantes de un grupo armado ilegal sin identificar una estructura en particular. ","policia nacional, desconocido",Reten ilegal,Nariño,Policarpa,104,Ninguna,False,Policarpa - Nariño,{},Ninguno
20188,2026-07-29,caracol radio,El Zulia,Norte De Santander,Andina,False,False,Rural,Acciones de los grupos armados al margen de la ley,Emboscada,Ataques contra la fuerza publica,True,"policia nacional, desconocido",,0,"en el zulia, norte de santander, fue atacada la caravana en la que se movilizaba el comandante de la policia de norte de santander, coronel jorge bernal, cuando se dirigia hacia sardinata. la emboscada comenzo con la activacion de un artefacto explosivo contra los vehiculos oficiales, seguida de disparos de fusil desde la parte alta de la montana. dos uniformados de transito que integraban el esquema de seguridad, edison duque y freyman urena, resultaron gravemente heridos y uno de los vehiculos sufrio danos severos. la policia y el ejercito desplegaron operaciones para asegurar la zona y localizar a los responsables.","policia nacional, desconocido",Emboscada,Norte De Santander,El Zulia,100,Ninguna,False,El Zulia - Norte De Santander,{},Ninguno
20190,2026-07-29,el pais,Caloto,Cauca,Pacífico,True,False,,Acciones de los grupos armados al margen de la ley,Reten ilegal,Otra,False,disidencias de las farc,frente dagoberto ramos; disidencias de las farc,1,"en caloto, cauca, comunidades indigenas denunciaron la instalacion de un reten ilegal por parte de presuntos integrantes de las disidencias de las farc, frente dagoberto ramos, en la via que comunica los sectores de la selva y toez. segun la denuncia, hombres armados retuvieron temporalmente e intimidaron a un joven indigena, a quien habrian amenazado con quitarle su motocicleta. posteriormente, los hombres armados abandonaron el sector antes de la llegada del ejercito. la fuerza publica desplego operaciones de verificacion y seguridad en la zona, ante informacion sobre la posible instalacion de artefactos explosivos improvisados en el corredor.",disidencias de las farc,Reten ilegal,Cauca,Caloto,97,Ninguna,False,Caloto - Cauca,{},Ninguno
20191,2026-07-29,el pais,Caloto,Cauca,Pacífico,True,False,,Acciones de los grupos armados al margen de la ley,Amenaza,Otra,False,disidencias de las farc,frente dagoberto ramos; disidencias de las farc,0,"en caloto, cauca, comunidades indigenas denunciaron la instalacion de un reten ilegal por parte de presuntos integrantes de las disidencias de las farc, frente dagoberto ramos, en la via que comunica los sectores de la selva y toez. segun la denuncia, hombres armados retuvieron temporalmente e intimidaron a un joven indigena, a quien habrian amenazado con quitarle su motocicleta. posteriormente, los hombres armados abandonaron el sector antes de la llegada del ejercito. la fuerza publica desplego operaciones de verificacion y seguridad en la zona, ante informacion sobre la posible instalacion de artefactos explosivos improvisados en el corredor.",disidencias de las farc,Amenaza,Cauca,Caloto,97,Ninguna,False,Caloto - Cauca,{},Ninguno
20192,2026-07-29,ejercito nacional,Garzón,Huila,Andina,False,False,Urbana,Acciones de los grupos armados al margen de la ley,Desmovilizacion/ entrega voluntaria,Otra,False,"otro grupo armado ilegal, ejercito nacional",frente carlos eduardo escobar; coordinadora guerrillera del pacifico,0,"en garzon, huila, un integrante de un grupo armado ilegal, conocido como alias “piloso”, se presento voluntariamente ante tropas del ejercito nacional para iniciar su retorno a la legalidad. segun el ejercito, habria pertenecido durante aproximadamente dos anos y medio a la estructura ivan rios, frente carlos eduardo escobar, de la coordinadora guerrillera del pacifico, donde se desempenaba como guerrillero raso y reemplazante de escuadra. al momento de su entrega, hizo entrega de una pistola calibre 7,65 mm, un proveedor y siete cartuchos.","otro grupo armado ilegal, ejercito nacional",Desmovilizacion/ entrega voluntaria,Huila,Garzón,83,Ninguna,False,Garzón - Huila,{},Ninguno
20193,2026-07-29,ejercito nacional,Garzón,Huila,Andina,False,False,Urbana,Acciones de la fuerza publica y otros servidores publicos,Incautacion,Otra,False,"otro grupo armado ilegal, ejercito nacional",frente carlos eduardo escobar; coordinadora guerrillera del pacifico,0,"en garzon, huila, un integrante de un grupo armado ilegal, conocido como alias “piloso”, se presento voluntariamente ante tropas del ejercito nacional para iniciar su retorno a la legalidad. segun el ejercito, habria pertenecido durante aproximadamente dos anos y medio a la estructura ivan rios, frente carlos eduardo escobar, de la coordinadora guerrillera del pacifico, donde se desempenaba como guerrillero raso y reemplazante de escuadra. al momento de su entrega, hizo entrega de una pistola calibre 7,65 mm, un proveedor y siete cartuchos.","otro grupo armado ilegal, ejercito nacional",Incautacion,Huila,Garzón,83,Ninguna,False,Garzón - Huila,{},Ninguno
20195,2026-07-29,ejercito nacional,Donmatías,Antioquia,Andina,False,False,Rural,Acciones de la fuerza publica y otros servidores publicos,Mineria,Otra,False,"otro grupo armado ilegal, ejercito nacional, policia nacional",edwin roman velasquez; clan del golfo,6,"en la vereda la montera, del municipio de donmatias en antioquia, durante una operacion conjunta entre el ejercito y la policia nacional. se intervinieron seis unidades de produccion minera ilegal utilizadas para la extraccion ilicita de minerales. durante la operacion fueron capturadas seis personas, quienes fueron puestas a disposicion de la autoridad competente para el proceso de judicializacion. asimismo, los soldados y policias destruyeron cuatro dragas artesanales tipo buzo, sellaron dos socavones e incautaron dos motores diesel empleados para las labores de extraccion, debilitando significativamente esta actividad ilicita que afecta los recursos naturales y financia organizaciones armadas ilegales. estos recursos fortalecerian las finanzas del gao clan del golfo, subestructura edwin roman velasquez.","otro grupo armado ilegal, ejercito nacional, policia nacional",Mineria,Antioquia,Donmatías,112,Ninguna,False,Donmatías - Antioquia,"{""Minero"": ""Negativo""}",Minero
20196,2026-07-29,ejercito nacional,Donmatías,Antioquia,Andina,False,False,Rural,Acciones de la fuerza publica y otros servidores publicos,Captura,Otra,False,"otro grupo armado ilegal, ejercito nacional, policia nacional",edwin roman velasquez; clan del golfo,6,"en la vereda la montera, del municipio de donmatias en antioquia, durante una operacion conjunta entre el ejercito y la policia nacional. se intervinieron seis unidades de produccion minera ilegal utilizadas para la extraccion ilicita de minerales. durante la operacion fueron capturadas seis personas, quienes fueron puestas a disposicion de la autoridad competente para el proceso de judicializacion. asimismo, los soldados y policias destruyeron cuatro dragas artesanales tipo buzo, sellaron dos socavones e incautaron dos motores diesel empleados para las labores de extraccion, debilitando significativamente esta actividad ilicita que afecta los recursos naturales y financia organizaciones armadas ilegales. estos recursos fortalecerian las finanzas del gao clan del golfo, subestructura edwin roman velasquez.","otro grupo armado ilegal, ejercito nacional, policia nacional",Captura,Antioquia,Donmatías,112,Ninguna,False,Donmatías - Antioquia,"{""Minero"": ""Negativo""}",Minero
20206,2026-07-29,el tiempo,Tarazá,Antioquia,Andina,True,True,,Acciones de los grupos armados al margen de la ley,Enfrentamiento,Enfrentamientos,True,"eln, otro grupo armado ilegal",clan del golfo,5,"en taraza, antioquia, se registraron enfrentamientos entre el eln y el clan del golfo que dejaron al menos cinco personas muertas, tras varias detonaciones de explosivos. el hecho estaria relacionado con la disputa entre ambas estructuras armadas por el control territorial en la zona. las autoridades investigan lo ocurrido y buscan establecer las circunstancias y la identidad de las victimas.","eln, otro grupo armado ilegal",Enfrentamiento,Antioquia,Tarazá,60,Ninguna,False,Tarazá - Antioquia,{},Ninguno
20208,2026-07-29,el tiempo,Tarazá,Antioquia,Andina,True,True,Rural,Acciones de los grupos armados al margen de la ley,Activacion de artefacto explosivo,Ataque a infraestructura y bienes civiles,True,eln,,0,"en taraza, antioquia, se registraron enfrentamientos entre el eln y el clan del golfo que dejaron al menos cinco personas muertas, tras varias detonaciones de explosivos. el hecho estaria relacionado con la disputa entre ambas estructuras armadas por el control territorial en la zona. las autoridades investigan lo ocurrido y buscan establecer las circunstancias y la identidad de las victimas.",eln,Activacion de artefacto explosivo,Antioquia,Tarazá,60,Ninguna,False,Tarazá - Antioquia,{},Ninguno
20183,2026-07-28,el espectador,Tibú,Norte De Santander,Andina,True,True,,Acciones de la fuerza publica y otros servidores publicos,Amenaza,Otra,False,"ejercito nacional, policia nacional, desconocido",,0,"l 28 de julio de 2026, en el corregimiento de la gabarra, tibu (norte de santander), fue capturado un ciudadano extranjero durante una operacion del ejercito y la policia. la persona es senalada del delito de fabricacion, trafico, porte o tenencia de armas y municiones. durante el procedimiento fueron incautados dos artefactos explosivos improvisados, una pistola 9 mm, 16 cartuchos y un celular. segun el analisis de las autoridades, los artefactos tenian caracteristicas que permitirian utilizarlos en una accion terrorista, y las labores de inteligencia apuntan a que el posible objetivo eran integrantes de la fuerza publica que realizan operaciones de seguridad en la gabarra. el caso quedo en manos de las autoridades judiciales y continua la investigacion sobre el posible ataque.","ejercito nacional, policia nacional, desconocido",Amenaza,Norte De Santander,Tibú,122,Ninguna,False,Tibú - Norte De Santander,{},Ninguno
20184,2026-07-28,pulzo,Popayán,Cauca,Pacífico,False,False,Urbana,Acciones de la fuerza publica y otros servidores publicos,Captura,Otra,False,"ejercito nacional, otro funcionario publico, disidencias de las farc",frente carlos patino; estado mayor central,1,"en popayan, cauca, fueron capturadas tres personas senaladas por la fiscalia de participar en el ataque con un dron cargado con explosivos contra el canton militar jose hilario lopez, ocurrido el 25 de abril. los capturados son leonardo garcia ramirez, alias “toche”, presunto integrante del frente carlos patino del emc y encargado de la logistica del atentado; fabian andres tumbo ulcue, alias “michael”, senalado de recibir entrenamiento en drones y explosivos; y yeli marcela usnas campo, quien presuntamente ocultaba un detonador electrico utilizado para activar explosivos. durante las capturas tambien fueron incautadas dos granadas de uso exclusivo de las fuerzas militares, panfletos del emc, licencias de conduccion falsas y un detonador electrico.","ejercito nacional, otro funcionario publico, disidencias de las farc",Captura,Cauca,Popayán,112,Ninguna,False,Popayán - Cauca,"{""Energético"": ""Negativo""}",Energético
20185,2026-07-28,pulzo,Popayán,Cauca,Pacífico,False,False,Urbana,Acciones de la fuerza publica y otros servidores publicos,Incautacion,Otra,False,"ejercito nacional, policia nacional, disidencias de las farc",frente carlos patino; estado mayor central,0,"en popayan, cauca, fueron capturadas tres personas senaladas por la fiscalia de participar en el ataque con un dron cargado con explosivos contra el canton militar jose hilario lopez, ocurrido el 25 de abril. los capturados son leonardo garcia ramirez, alias “toche”, presunto integrante del frente carlos patino del emc y encargado de la logistica del atentado; fabian andres tumbo ulcue, alias “michael”, senalado de recibir entrenamiento en drones y explosivos; y yeli marcela usnas campo, quien presuntamente ocultaba un detonador electrico utilizado para activar explosivos. durante las capturas tambien fueron incautadas dos granadas de uso exclusivo de las fuerzas militares, panfletos del emc, licencias de conduccion falsas y un detonador electrico.","ejercito nacional, policia nacional, disidencias de las farc",Incautacion,Cauca,Popayán,112,Ninguna,False,Popayán - Cauca,"{""Energético"": ""Negativo""}",Energético
20189,2026-07-28,blu radio,Salgar,Antioquia,Andina,False,False,Rural,Acciones de los grupos armados al margen de la ley,Hostigamiento,Ataques contra la fuerza publica,True,"otro grupo armado ilegal, policia nacional",clan del golfo,0,"en salgar, antioquia, hombres armados que se movilizaban en motocicletas y que, segun las autoridades, pertenecerian al clan del golfo, se enfrentaron con unidades de la policia en las afueras del municipio, en la via entre penalisa y el casco urbano. los uniformados identificaron a entre seis y ocho hombres portando fusiles y se produjo un intercambio de disparos de aproximadamente cinco minutos. los sujetos huyeron hacia la vereda clara. no se reportaron policias heridos ni otras afectaciones. las autoridades reforzaron la seguridad con unidades de policia y ejercito.","otro grupo armado ilegal, policia nacional",Hostigamiento,Antioquia,Salgar,89,Ninguna,False,Salgar - Antioquia,{},Ninguno
20179,2026-07-27,ejercito nacional,Tello,Huila,Andina,False,False,,Acciones de la fuerza publica y otros servidores publicos,Desmovilizacion/ entrega voluntaria,Otra,False,disidencias de las farc,bloque occidental comandante jacobo arenas; estado mayor central,0,"como resultado de las operaciones permanentes adelantadas por el ejercito nacional, tropas del batallon de artilleria de campana n.º 9, en tello, huila, lograron el sometimiento voluntario a la justicia de un sujeto que manifesto pertenecer al grupo armado organizado residual, gao-r, bloque occidental jacobo arenas, estructura carlos patino, columna movil fardey diaz.el hombre, identificado con el alias de samir, aseguro desempenarse como explosivista de esta estructura ilegal. su decision de abandonar la organizacion criminal y acogerse a la justicia se produjo como consecuencia de la presion operacional ejercida por la fuerza publica en el departamento del cauca.",disidencias de las farc,Desmovilizacion/ entrega voluntaria,Huila,Tello,98,Ninguna,False,Tello - Huila,{},Ninguno
20182,2026-07-27,ejercito nacional,Albania,Caquetá,Amazonia,True,False,Rural,Acciones de la fuerza publica y otros servidores publicos,Destruccion de laboratorios,Otra,False,"ejercito nacional, disidencias de las farc",frente comandante raul reyes; estado mayor de bloques y frentes,0,"en zona rural del municipio de albania, en caqueta, el ejercito ubico y destruyo dos laboratorios clandestinos y un deposito ilegal utilizados para el procesamiento y almacenamiento de pasta base de coca, pertenecientes a la estructura raul reyes. durante el desarrollo de las operaciones militares fueron destruidas dos infraestructuras clandestinas acondicionadas para el procesamiento de pasta base de coca, donde fueron hallados cerca de 140 galones de pasta base de coca en proceso, 100 galones de gasolina, mas de 40 kilogramos de insumos quimicos y una importante cantidad de hoja de coca lista para su transformacion, ademas de canecas, recipientes y demas elementos empleados para la produccion del alcaloide.de igual forma, los soldados ubicaron un deposito ilegal en el que se almacenaban aproximadamente 150 galones de pasta base de coca liquida, evitando que este estupefaciente continuara su cadena de produccion y comercializacion hacia mercados ilegales.","ejercito nacional, disidencias de las farc",Destruccion de laboratorios,Caquetá,Albania,145,Narcotráfico,False,Albania - Caquetá,"{""Hidrocarburos"": ""Negativo"", ""Agropecuario"": ""Negativo""}","Hidrocarburos, Agropecuario"
20186,2026-07-27,minuto 30,Andes,Antioquia,Andina,False,False,Rural,Acciones de los grupos armados al margen de la ley,Masacre,Otra,True,"otro grupo armado ilegal, desconocido",clan del golfo,3,"en el corregimiento santa ines, del municipio de andes, antioquia, un ataque armado ocurrido en la noche del 27 de julio de 2026 dejo tres personas muertas, entre ellas posiblemente un menor de edad. los habitantes reportaron varias detonaciones de arma de fuego. las autoridades senalaron que no adelantaban operaciones en la zona al momento del ataque. el comandante de la policia antioquia, coronel luis fernando munoz, explico que, segun la informacion preliminar, el hecho estaria relacionado con una confrontacion entre el clan del golfo y otro grupo armado ilegal que delinque en esa zona del departamento. entre las victimas, se hallo a un menor de edad.","otro grupo armado ilegal, desconocido",Masacre,Antioquia,Andes,107,Ninguna,False,Andes - Antioquia,{},Ninguno
20180,2026-07-26,caracol radio,San Carlos,Antioquia,Andina,False,False,Rural,Acciones de la fuerza publica y otros servidores publicos,Mineria,Otra,False,"ejercito nacional, policia nacional",,0,"el ejercito y la policia intervinieron dos unidades de mineria ilegal de oro ubicadas en un afluente de la vereda la honda, en san carlos, antioquia. en el lugar fueron encontradas retroexcavadoras, dos dragas tipo buzo, cuatro motores, mangueras de succion y compresores, con una afectacion economica estimada en $900 millones. segun las autoridades, estas unidades podian extraer alrededor de 3.744 gramos de oro mensualmente, equivalentes a unos $2.000 millones, y la actividad generaba graves afectaciones ambientales sobre las fuentes hidricas, la fauna y la flora.","ejercito nacional, policia nacional",Mineria,Antioquia,San Carlos,86,Minería,False,San Carlos - Antioquia,"{""Minero"": ""Negativo"", ""Ambiental"": ""Negativo""}","Minero, Ambiental"
20181,2026-07-26,caracol radio,San Carlos,Antioquia,Andina,False,False,Rural,Acciones de la fuerza publica y otros servidores publicos,Incautacion,Otra,False,"ejercito nacional, policia nacional",,0,"el ejercito y la policia intervinieron dos unidades de mineria ilegal de oro ubicadas en un afluente de la vereda la honda, en san carlos, antioquia. en el lugar fueron encontradas retroexcavadoras, dos dragas tipo buzo, cuatro motores, mangueras de succion y compresores, con una afectacion economica estimada en $900 millones. segun las autoridades, estas unidades podian extraer alrededor de 3.744 gramos de oro mensualmente, equivalentes a unos $2.000 millones, y la actividad generaba graves afectaciones ambientales sobre las fuentes hidricas, la fauna y la flora","ejercito nacional, policia nacional",Incautacion,Antioquia,San Carlos,86,Minería,False,San Carlos - Antioquia,"{""Minero"": ""Negativo"", ""Ambiental"": ""Negativo""}","Minero, Ambiental"
20175,2026-07-26,ejercito nacional,Santiago,Norte De Santander,Andina,False,False,Rural,Acciones de la fuerza publica y otros servidores publicos,Desactivacion de artefactos explosivos,Otra,False,"eln, ejercito nacional, policia nacional",frente juan fernando porras martinez; eln,0,"el ejercito y la policia ubicaron en la vereda cacahuala, municipio de santiago, norte de santander, un deposito perteneciente presuntamente al frente juan fernando porras martinez del eln. alli encontraron dos cilindros preparados con anfo, aproximadamente 100 kg adicionales de anfo y tres dispositivos explosivos con sistemas de iniciacion electricos. posteriormente, el material fue destruido de manera controlada.","eln, ejercito nacional, policia nacional",Desactivacion de artefactos explosivos,Norte De Santander,Santiago,58,Ninguna,False,Santiago - Norte De Santander,{},Ninguno
20177,2026-07-26,la fm,Sácama,Casanare,Orinoquía,False,False,Rural,Acciones de la fuerza publica y otros servidores publicos,Combate,Acciones de la fuerza publica,True,"eln, ejercito nacional, fuerza aerea, otro funcionario publico",frente adonay ardila pinilla; eln,1,"en zona rural de sacama, casanare, tropas del ejercito sostuvieron combates con integrantes del frente adonay ardila pinilla y comisiones mixtas del eln, durante una operacion militar conjunta. como resultado, murio un integrante del grupo armado. las autoridades tambien incautaron un dron acondicionado para el lanzamiento de explosivos, dos minas antipersonal artesanales, granadas, un arma, proveedores y 2.000 cartuchos","eln, ejercito nacional, fuerza aerea, otro funcionario publico",Combate,Casanare,Sácama,59,Ninguna,False,Sácama - Casanare,"{""Agropecuario"": ""Negativo""}",Agropecuario
20178,2026-07-26,la fm,Sácama,Casanare,Orinoquía,False,False,Rural,Acciones de la fuerza publica y otros servidores publicos,Incautacion,Otra,False,"eln, ejercito nacional, fuerza aerea, otro funcionario publico",frente adonay ardila pinilla; eln,1,"en zona rural de sacama, casanare, tropas del ejercito sostuvieron combates con integrantes del frente adonay ardila pinilla y comisiones mixtas del eln, durante una operacion militar conjunta. como resultado, murio un integrante del grupo armado. las autoridades tambien incautaron un dron acondicionado para el lanzamiento de explosivos, dos minas antipersonal artesanales, granadas, un arma, proveedores y 2.000 cartuchos","eln, ejercito nacional, fuerza aerea, otro funcionario publico",Incautacion,Casanare,Sácama,59,Ninguna,False,Sácama - Casanare,"{""Agropecuario"": ""Negativo""}",Agropecuario
20163,2026-07-25,opa noticias,Palestina,Huila,Andina,False,False,Rural,Acciones de la fuerza publica y otros servidores publicos,Incautacion,Otra,False,"ejercito nacional, policia nacional, disidencias de las farc",rodrigo cadete; disidencias de las farc,0,"en la vereda jerico, del municipio de palestina, huila, el ejericto y la policia localizaron un deposito ilegal con material de guerra e intendencia. el material perteneceria a la estructura rodrigo cadete y seria empleado para apoyar actividades de extorsion en los municipios de palestina, acevedo y suaza.durante la operacion fueron incautados: una pistola, un revolver, una granada de fragmentacion m85, 72 panfletos alusivos al gao-r rodrigo cadete, tres chalecos multiproposito, seis uniformes pixelados, ocho guerreras pixeladas, cinco pares de botas, dos hamacas y una cintela","ejercito nacional, policia nacional, disidencias de las farc",Incautacion,Huila,Palestina,86,Extorsión,False,Palestina - Huila,{},Ninguno
20164,2026-07-25,caracol radio,Tadó,Chocó,Pacífico,False,False,Rural,Acciones de los grupos armados al margen de la ley,Quema de vehiculo,Ataque a infraestructura y bienes civiles,True,eln,,0,"hombres armados, senalados como integrantes del eln, interceptaron e incendiaron un vehiculo de carga que transportaba cerveza en el sector de playa de oro, en la via tado-pereira, choco. tras el ataque, se reporto el saqueo de parte de la mercancia y otros conductores denunciaron la presencia de banderas y grafitis alusivos al eln en sus vehiculos.",eln,Quema de vehiculo,Chocó,Tadó,57,Minería,True,Tadó - Chocó,"{""Minero"": ""Negativo""}",Minero
20165,2026-07-25,caracol radio,Tadó,Chocó,Pacífico,False,False,Rural,Acciones de los grupos armados al margen de la ley,Reten ilegal,Otra,False,eln,,0,"hombres armados, senalados como integrantes del eln, interceptaron e incendiaron un vehiculo de carga que transportaba cerveza en el sector de playa de oro, en la via tado-pereira, choco. tras el ataque, se reporto el saqueo de parte de la mercancia y otros conductores denunciaron la presencia de banderas y grafitis alusivos al eln en sus vehiculos.",eln,Reten ilegal,Chocó,Tadó,57,Minería,True,Tadó - Chocó,"{""Minero"": ""Negativo""}",Minero
20166,2026-07-25,caracol radio,Tadó,Chocó,Pacífico,False,False,Rural,Acciones de los grupos armados al margen de la ley,Propaganda alusiva a gai / panfletos,Otra,False,eln,,0,"hombres armados, senalados como integrantes del eln, interceptaron e incendiaron un vehiculo de carga que transportaba cerveza en el sector de playa de oro, en la via tado-pereira, choco. tras el ataque, se reporto el saqueo de parte de la mercancia y otros conductores denunciaron la presencia de banderas y grafitis alusivos al eln en sus vehiculos.",eln,Propaganda alusiva a gai / panfletos,Chocó,Tadó,57,Minería,True,Tadó - Chocó,"{""Minero"": ""Negativo""}",Minero
20171,2026-07-25,periodico virtual,Popayán,Cauca,Pacífico,False,False,Urbana,Acciones de los grupos armados al margen de la ley,Ataque a bienes comerciales,Ataque a infraestructura y bienes civiles,True,"eln, desconocido",,0,"desconocidos lanzaron y detonaron un artefacto explosivo contra las instalaciones de postobon en el barrio bello horizonte de popayan, causando danos materiales. en el lugar fueron encontrados panfletos alusivos al eln que amenazaban a postobon, bavaria y sus redes de distribucion, aunque las autoridades no habian atribuido oficialmente el ataque a dicha organizacion.","eln, desconocido",Ataque a bienes comerciales,Cauca,Popayán,53,Ninguna,False,Popayán - Cauca,{},Ninguno
20172,2026-07-25,periodico virtual,Popayán,Cauca,Pacífico,False,False,Urbana,Acciones de los grupos armados al margen de la ley,Activacion de artefacto explosivo,Ataque a infraestructura y bienes civiles,True,"eln, desconocido",,0,"desconocidos lanzaron y detonaron un artefacto explosivo contra las instalaciones de postobon en el barrio bello horizonte de popayan, causando danos materiales. en el lugar fueron encontrados panfletos alusivos al eln que amenazaban a postobon, bavaria y sus redes de distribucion, aunque las autoridades no habian atribuido oficialmente el ataque a dicha organizacion.","eln, desconocido",Activacion de artefacto explosivo,Cauca,Popayán,53,Ninguna,False,Popayán - Cauca,{},Ninguno
20173,2026-07-25,periodico virtual,Popayán,Cauca,Pacífico,False,False,Urbana,Acciones de los grupos armados al margen de la ley,Propaganda alusiva a gai / panfletos,Otra,False,"eln, desconocido",,0,"desconocidos lanzaron y detonaron un artefacto explosivo contra las instalaciones de postobon en el barrio bello horizonte de popayan, causando danos materiales. en el lugar fueron encontrados panfletos alusivos al eln que amenazaban a postobon, bavaria y sus redes de distribucion, aunque las autoridades no habian atribuido oficialmente el ataque a dicha organizacion.","eln, desconocido",Propaganda alusiva a gai / panfletos,Cauca,Popayán,53,Ninguna,False,Popayán - Cauca,{},Ninguno
20151,2026-07-24,ejercito nacional,Valparaíso,Caquetá,Amazonia,True,False,Rural,Acciones de la fuerza publica y otros servidores publicos,Combate,Acciones de la fuerza publica,True,"otro grupo armado ilegal, ejercito nacional",comandos de la frontera,2,"en la vereda el asadero, del municipio de valparaiso, en caqueta, tropas del ejercito nacional ubicaron a varios integrantes de los comandos de frontera, faccion de la segunda marquetalia, despues de recibir informacion de habitantes de la zona. al llegar al lugar, los militares fueron atacados, lo que produjo un combate. como resultado, un integrante de la estructura resulto herido y cinco fueron capturados. otros dos individuos que intentaban escapar fueron posteriormente retenidos por habitantes y entregados a las tropas, para un total de siete capturados. entre los capturados estaba alias “papo”, senalado por el ejercito como segundo cabecilla de la comision movil caqueta y uno de los principales responsables de las finanzas ilicitas de los comandos de frontera. durante la operacion tambien fueron incautadas armas, motocicletas, vehiculos y un camion que transportaba aproximadamente 1.193 kg de marihuana.","otro grupo armado ilegal, ejercito nacional",Combate,Caquetá,Valparaíso,138,Narcotráfico,False,Valparaíso - Caquetá,{},Ninguno
20152,2026-07-24,ejercito nacional,Valparaíso,Caquetá,Amazonia,True,False,Rural,Acciones de la fuerza publica y otros servidores publicos,Captura,Otra,False,"otro grupo armado ilegal, ejercito nacional",comandos de la frontera,2,"en la vereda el asadero, del municipio de valparaiso, en caqueta, tropas del ejercito nacional ubicaron a varios integrantes de los comandos de frontera, faccion de la segunda marquetalia, despues de recibir informacion de habitantes de la zona. al llegar al lugar, los militares fueron atacados, lo que produjo un combate. como resultado, un integrante de la estructura resulto herido y cinco fueron capturados. otros dos individuos que intentaban escapar fueron posteriormente retenidos por habitantes y entregados a las tropas, para un total de siete capturados. entre los capturados estaba alias “papo”, senalado por el ejercito como segundo cabecilla de la comision movil caqueta y uno de los principales responsables de las finanzas ilicitas de los comandos de frontera. durante la operacion tambien fueron incautadas armas, motocicletas, vehiculos y un camion que transportaba aproximadamente 1.193 kg de marihuana.","otro grupo armado ilegal, ejercito nacional",Captura,Caquetá,Valparaíso,138,Narcotráfico,False,Valparaíso - Caquetá,{},Ninguno
20153,2026-07-24,ejercito nacional,Valparaíso,Caquetá,Amazonia,True,False,Rural,Acciones de la fuerza publica y otros servidores publicos,Incautacion,Otra,False,"otro grupo armado ilegal, ejercito nacional",comandos de la frontera,2,"en la vereda el asadero, del municipio de valparaiso, en caqueta, tropas del ejercito nacional ubicaron a varios integrantes de los comandos de frontera, faccion de la segunda marquetalia, despues de recibir informacion de habitantes de la zona. al llegar al lugar, los militares fueron atacados, lo que produjo un combate. como resultado, un integrante de la estructura resulto herido y cinco fueron capturados. otros dos individuos que intentaban escapar fueron posteriormente retenidos por habitantes y entregados a las tropas, para un total de siete capturados. entre los capturados estaba alias “papo”, senalado por el ejercito como segundo cabecilla de la comision movil caqueta y uno de los principales responsables de las finanzas ilicitas de los comandos de frontera. durante la operacion tambien fueron incautadas armas, motocicletas, vehiculos y un camion que transportaba aproximadamente 1.193 kg de marihuana.","otro grupo armado ilegal, ejercito nacional",Incautacion,Caquetá,Valparaíso,138,Narcotráfico,False,Valparaíso - Caquetá,{},Ninguno
20154,2026-07-24,el tiempo,Pelaya,Cesar,Caribe,False,False,Urbana,Acciones de los grupos armados al margen de la ley,Ataque a instalaciones de la fuerza publica,Ataques contra la fuerza publica,True,"grupo armado ilegal no identificado, desconocido",,3,"en pelaya, cesar, se registro un ataque hacia la estacion de policia del municipio, atacada con granadas.en el hecho resultaron heridos un miembro de la policia, lesionado con esquirlas de granada en la cabeza y un civil que se movilizaba en una motocicleta por la zona. las autoridades investigan si esta persona es un habitante de la comunidad o se trata de un subversivo vinculado al ataque. el policia permanece en estado delicado, presenta un trauma craneoencefalico y recibe atencion medica en un centro hospitalario del municipio. el civil lesionado tambien esta bajo observacion en el hospital. se cito a un consejo extraordinario en el municipio con el fin de coordinar medidas urgentes que refuercen la proteccion de la comunidad y contrarresten la escalada de violencia en la region.","grupo armado ilegal no identificado, desconocido",Ataque a instalaciones de la fuerza publica,Cesar,Pelaya,129,Ninguna,False,Pelaya - Cesar,{},Ninguno
20155,2026-07-24,el tiempo,Pelaya,Cesar,Caribe,False,False,Urbana,Acciones de los grupos armados al margen de la ley,Activacion de artefacto explosivo,Ataque a infraestructura y bienes civiles,True,"otro grupo armado ilegal, desconocido",,3,"en pelaya, cesar, se registro un ataque hacia la estacion de policia del municipio, atacada con granadas.en el hecho resultaron heridos un miembro de la policia, lesionado con esquirlas de granada en la cabeza y un civil que se movilizaba en una motocicleta por la zona. las autoridades investigan si esta persona es un habitante de la comunidad o se trata de un subversivo vinculado al ataque. el policia permanece en estado delicado, presenta un trauma craneoencefalico y recibe atencion medica en un centro hospitalario del municipio. el civil lesionado tambien esta bajo observacion en el hospital. se cito a un consejo extraordinario en el municipio con el fin de coordinar medidas urgentes que refuercen la proteccion de la comunidad y contrarresten la escalada de violencia en la region.","otro grupo armado ilegal, desconocido",Activacion de artefacto explosivo,Cesar,Pelaya,129,Ninguna,False,Pelaya - Cesar,{},Ninguno
20156,2026-07-24,caracol radio,Puerto Escondido,Córdoba,Caribe,False,False,Rural,Acciones de la fuerza publica y otros servidores publicos,Captura,Otra,False,"otro grupo armado ilegal, ejercito nacional, policia nacional",clan del golfo,1,"en zona rural de la vereda sabalio arriba, del municipio de puerto escondido, en cordoba, soldados del batallon de infanteria liviana n.º 33 junin, adscritos a la decima primera brigada del ejercito nacional y la seccional de investigacion criminal y judicial de la policia nacional, lograron la captura en flagrancia de dos presuntos integrantes del grupo armado organizado clan del golfo, a quienes se les conoce como alias ‘chino’ y ‘efrain’. segun las autoridades, estos sujetos serian requeridos como presuntos responsables de los delitos de fabricacion, trafico, porte o tenencia de armas de fuego, accesorios, partes o municiones y trafico, fabricacion o porte de estupefacientes. durante la accion militar y policial se incautaron 346 empaques con marihuana, cuyo valor seria superior a los 170 millones de pesos, una escopeta, un arma de fuego tipo carabina, una motocicleta y 2 celulares. ","otro grupo armado ilegal, ejercito nacional, policia nacional",Captura,Córdoba,Puerto Escondido,140,Narcotráfico,False,Puerto Escondido - Córdoba,"{""Agropecuario"": ""Positivo""}",Agropecuario
20157,2026-07-24,caracol radio,Puerto Escondido,Córdoba,Caribe,False,False,Rural,Acciones de la fuerza publica y otros servidores publicos,Incautacion,Otra,False,"otro grupo armado ilegal, ejercito nacional, policia nacional",clan del golfo,0,"en zona rural de la vereda sabalio arriba, del municipio de puerto escondido, en cordoba, soldados del batallon de infanteria liviana n.º 33 junin, adscritos a la decima primera brigada del ejercito nacional y la seccional de investigacion criminal y judicial de la policia nacional, lograron la captura en flagrancia de dos presuntos integrantes del grupo armado organizado clan del golfo, a quienes se les conoce como alias ‘chino’ y ‘efrain’. segun las autoridades, estos sujetos serian requeridos como presuntos responsables de los delitos de fabricacion, trafico, porte o tenencia de armas de fuego, accesorios, partes o municiones y trafico, fabricacion o porte de estupefacientes. durante la accion militar y policial se incautaron 346 empaques con marihuana, cuyo valor seria superior a los 170 millones de pesos, una escopeta, un arma de fuego tipo carabina, una motocicleta y 2 celulares.","otro grupo armado ilegal, ejercito nacional, policia nacional",Incautacion,Córdoba,Puerto Escondido,140,Narcotráfico,False,Puerto Escondido - Córdoba,"{""Agropecuario"": ""Positivo""}",Agropecuario
20158,2026-07-24,el universal,Fundación,Magdalena,Caribe,True,False,Urbana,Acciones de la fuerza publica y otros servidores publicos,Captura,Otra,False,"otro grupo armado ilegal, policia nacional",clan del golfo,0,"en fundacion, magdalena, fue capturada alias ""la flaca"", quien segun las autoridades, habria asumido el papel de presionar a comerciantes para que entregaran dinero a cambio de no atentar contra sus vidas. la captura ocurrio cuando presuntamente se disponia a recibir el pago de una extorsion que alcanzaba los tres millones de pesos. el operativo fue adelantado por el grupo de accion unificada por la libertad personal (gaula) de la policia, en el marco del plan “unidos contra la extorsion y el secuestro”, tras una investigacion que la vincularia con el clan del golfo y con actividades de cobro extorsivo en esta zona del departamento.","otro grupo armado ilegal, policia nacional",Captura,Magdalena,Fundación,105,Extorsión,False,Fundación - Magdalena,"{""Financiero"": ""Positivo""}",Financiero
20159,2026-07-24,seguimiento.co,San Andrés De Tumaco,Nariño,Pacífico,True,True,Rural,Acciones de la fuerza publica y otros servidores publicos,Destruccion de laboratorios,Otra,False,"otro grupo armado ilegal, ejercito nacional, policia nacional, fuerza aerea, disidencias de las farc",bloque occidental jacobo arenas; estado mayor central,0,"en la vereda pena de los santos, en tumaco, narino, fue localizado y destruido un laboratorio para la produccion de cocaina. de acuerdo con la inteligencia militar, estaria relacionado con el bloque occidental jacobo arenas, estructura ivan rios, y tenia un valor estimado de $5.224 millones. en el lugar fueron hallados 930 kilogramos de cocaina y grandes cantidades de precursores quimicos.","otro grupo armado ilegal, ejercito nacional, policia nacional, fuerza aerea, disidencias de las farc",Destruccion de laboratorios,Nariño,San Andrés De Tumaco,61,Narcotráfico,False,San Andrés De Tumaco - Nariño,{},Ninguno
20160,2026-07-24,seguimiento.co,San José De Cúcuta,Norte De Santander,Andina,False,False,Rural,Acciones de la fuerza publica y otros servidores publicos,Destruccion de laboratorios,Otra,False,"eln, ejercito nacional, policia nacional, fuerza aerea",frente urbano reinaldo ardila gomez; eln,0,"en la vereda puerto nuevo, zona rural de la ciudad de cucuta, norte de santander, fue ubicado y destruido un laboratorio para el procesamiento de cocaina. a infraestructura, que estaria al servicio del frente urbano reinaldo ardila gomez del eln, fue avaluada en $7.645 millones. alli fueron incautados mas de 1.000 kilogramos de clorhidrato de cocaina, pasta base y varios insumos utilizados en el procesamiento de la droga.","eln, ejercito nacional, policia nacional, fuerza aerea",Destruccion de laboratorios,Norte De Santander,San José De Cúcuta,68,Narcotráfico,True,San José De Cúcuta - Norte De Santander,"{""Agropecuario"": ""Negativo""}",Agropecuario
20162,2026-07-24,caracol radio,Amalfi,Antioquia,Andina,True,False,Rural,Acciones de la fuerza publica y otros servidores publicos,Destruccion de laboratorios,Otra,False,"eln, ejercito nacional",frente capitan mauricio; eln,0,"en la vereda pinto limon, del municipio de amalfi, antioquia, se registro la destruccion de un cristalizadero para el procesamiento de cocaina en el municipio de amalfi, el cual perteneceria al frente capitan mauricio del eln por parte del ejercito nacional. este complejo albergaba aproximadamente 15 kilogramos de clorhidrato de cocaina, 420 galones de gasolina, cerca de 2000 galones de una sustancia liquida que, al parecer, por sus caracteristicas se asemejaria a cocaina en proceso, ademas de cemento, urea, soda caustica, maquinaria y otros equipos utilizados para la produccion de este alcaloide. ","eln, ejercito nacional",Destruccion de laboratorios,Antioquia,Amalfi,92,Narcotráfico,False,Amalfi - Antioquia,"{""Hidrocarburos"": ""Positivo""}",Hidrocarburos
20167,2026-07-24,periodico virtual,Leiva,Nariño,Pacífico,True,False,Rural,Acciones de la fuerza publica y otros servidores publicos,Hurto,Otra,False,"ejercito nacional, policia nacional, disidencias de las farc",franco benavides; disidencias de las farc,1,"la policia, el ejercito y el gaula militar recuperaron 22 motocicletas hurtadas por integrantes de la estructura franco benavides, disidencia de las farc, durante un reten ilegal instalado en mayo de 2026 en la via panamericana, en el sector de mojarras, mercaderes. durante un allanamiento en zona rural de leiva, narino, tambien fueron incautados fusiles, municion, equipos y pancartas alusivas al grupo, y fue capturado un presunto integrante de la estructura.","ejercito nacional, policia nacional, disidencias de las farc",Hurto,Nariño,Leiva,71,Ninguna,False,Leiva - Nariño,"{""Agropecuario"": ""Positivo""}",Agropecuario
20168,2026-07-24,periodico virtual,Leiva,Nariño,Pacífico,True,False,Rural,Acciones de la fuerza publica y otros servidores publicos,Captura,Otra,False,"ejercito nacional, policia nacional, disidencias de las farc",franco benavides; disidencias de las farc,0,"la policia, el ejercito y el gaula militar recuperaron 22 motocicletas hurtadas por integrantes de la estructura franco benavides, disidencia de las farc, durante un reten ilegal instalado en mayo de 2026 en la via panamericana, en el sector de mojarras, mercaderes. durante un allanamiento en zona rural de leiva, narino, tambien fueron incautados fusiles, municion, equipos y pancartas alusivas al grupo, y fue capturado un presunto integrante de la estructura.","ejercito nacional, policia nacional, disidencias de las farc",Captura,Nariño,Leiva,71,Ninguna,False,Leiva - Nariño,"{""Agropecuario"": ""Positivo""}",Agropecuario
20169,2026-07-24,periodico virtual,Leiva,Nariño,Pacífico,True,False,Rural,Acciones de la fuerza publica y otros servidores publicos,Incautacion,Otra,False,"ejercito nacional, policia nacional, disidencias de las farc",franco benavides; disidencias de las farc,0,"la policia, el ejercito y el gaula militar recuperaron 22 motocicletas hurtadas por integrantes de la estructura franco benavides, disidencia de las farc, durante un reten ilegal instalado en mayo de 2026 en la via panamericana, en el sector de mojarras, mercaderes. durante un allanamiento en zona rural de leiva, narino, tambien fueron incautados fusiles, municion, equipos y pancartas alusivas al grupo, y fue capturado un presunto integrante de la estructura.","ejercito nacional, policia nacional, disidencias de las farc",Incautacion,Nariño,Leiva,71,Ninguna,False,Leiva - Nariño,"{""Agropecuario"": ""Positivo""}",Agropecuario
20170,2026-07-24,la fm,Ituango,Antioquia,Andina,True,True,Rural,Acciones de los grupos armados al margen de la ley,Desactivacion de artefactos explosivos,Otra,False,"ejercito nacional, disidencias de las farc",subestructura 18; disidencias de las farc,0,"el ejercito ubico y destruyo de manera controlada un artefacto explosivo improvisado tipo cantina, instalado presuntamente por la subestructura 18 de las disidencias de las farc en un camino rural del sector los galgos, ituango, antioquia, utilizado por ninos y campesinos. el artefacto tenia una capacidad aproximada de 10 litros de explosivos y fue neutralizado antes de causar afectaciones","ejercito nacional, disidencias de las farc",Desactivacion de artefactos explosivos,Antioquia,Ituango,59,Ninguna,False,Ituango - Antioquia,"{""Agropecuario"": ""Negativo""}",Agropecuario
20136,2026-07-23,el tiempo,Pailitas,Cesar,Caribe,False,False,Rural,Acciones de los grupos armados al margen de la ley,Ataque a instalaciones de la fuerza publica,Ataques contra la fuerza publica,True,"eln, policia nacional",,5,"en el corregimiento de el burro, del municipio de pailitas, en cesar, donde un grupo de hombres fuertemente armados ataco la subestacion de policia con rafagas de fusil y artefactos explosivos. la intensidad de la ofensiva duro aproximadamente ocho minutos y ocasiono graves afectaciones estructurales en la edificacion y dejo cinco policias heridos. los uniformados fueron trasladados a una clinica de valledupar, donde reciben atencion medica especializada. de acuerdo con el reporte medico, las heridas no revisten gravedad. el secretario de gobierno del cesar, eduardo esquivel lopez, explico que las primeras indagaciones apuntan a que los responsables serian presuntos integrantes del ejercito de liberacion nacional (eln). sin embargo, aclaro que esta hipotesis hace parte de las investigaciones en curso y aun no ha sido confirmada oficialmente.","eln, policia nacional",Ataque a instalaciones de la fuerza publica,Cesar,Pailitas,126,Ninguna,False,Pailitas - Cesar,{},Ninguno
20137,2026-07-23,el tiempo,González,Cesar,Caribe,False,False,,Acciones de los grupos armados al margen de la ley,Ataque a personal militar/ ataque francotirador,Ataques contra la fuerza publica,True,"eln, ejercito nacional",,1,"horas mas tarde del ataque en pailitas, cesar, atribuido al eln, en el municipio de gonzalez, cesar, una patrulla del ejercito nacional fue atacada por hombres armados, dejando a un militar herido.el uniformado fue trasladado a un centro asistencial del municipio, donde permanece bajo observacion medica.de manera inmediata, tropas del ejercito nacional adscritas a la brigada treinta desplegaron un operativo de busqueda en el sector con el proposito de ubicar a los responsables. en medio del operativo ocho subversivos habrian resultado heridos. la situacion ha generado preocupacion entre la poblacion civil, que reclama mayor presencia institucional y medidas efectivas para garantizar la tranquilidad en la region. lideres comunitarios han pedido que se refuercen los patrullajes y se implementen estrategias de prevencion que eviten nuevos hechos de violencia.","eln, ejercito nacional",Ataque a personal militar/ ataque francotirador,Cesar,González,127,Ninguna,False,González - Cesar,{},Ninguno
20139,2026-07-23,semana,El Tambo,Cauca,Pacífico,True,True,Rural,Acciones de los grupos armados al margen de la ley,Combate,Acciones de la fuerza publica,True,otro grupo armado ilegal,"carlos patino, estado mayor central",0,"en la vereda juntas, del municipio de el tambo, cauca, se registro en video el enfrentamiento armado entre miembros de la tercera division del ejercito y miembros de la estructura carlos patino del emc. el ejercito informo que miembros de la estructura armada ilegal estarian disparando desde viviendas y otros bienes protegidos por el dih, poniendo en peligro a la poblacion civil.",otro grupo armado ilegal,Combate,Cauca,El Tambo,62,Ninguna,False,El Tambo - Cauca,{},Ninguno
20140,2026-07-23,caracol radio,Mercaderes,Cauca,Pacífico,True,False,Rural,Acciones de la fuerza publica y otros servidores publicos,Hostigamiento,Ataques contra la fuerza publica,True,"otro grupo armado ilegal, ejercito nacional",carlos patino; estado mayor central,6,"el 23 de julio de 2026, tropas del ejercito interceptaron en el sector de puerto nuevo, en limites de mercaderes (cauca) y leyva (narino), a tres presuntos integrantes de la estructura carlos patino de las disidencias de las farc, quienes estarian intentando robar un camion cargado con 35 toneladas de cafe y una volqueta. antes del operativo, los hombres habrian secuestrado al conductor del vehiculo de carga. cuando los militares ubicaron a los presuntos disidentes, estos abrieron fuego contra las tropas, generandose un enfrentamiento en el que los tres murieron. el ejercito recupero los dos vehiculos y rescato ileso al conductor. posteriormente, otros integrantes de la estructura habrian intentado atacar a las tropas mediante un artefacto explosivo improvisado, que fue detectado y neutralizado. tambien fueron incautadas una pistola y una motocicleta. ","otro grupo armado ilegal, ejercito nacional",Hostigamiento,Cauca,Mercaderes,131,Ninguna,True,Mercaderes - Cauca,"{""Agropecuario"": ""Negativo""}",Agropecuario
20141,2026-07-23,caracol radio,Mercaderes,Cauca,Pacífico,True,False,Rural,Acciones de la fuerza publica y otros servidores publicos,Secuestro,Otra,False,"otro grupo armado ilegal, ejercito nacional",carlos patino; estado mayor central,6,"el 23 de julio de 2026, tropas del ejercito interceptaron en el sector de puerto nuevo, en limites de mercaderes (cauca) y leyva (narino), a tres presuntos integrantes de la estructura carlos patino de las disidencias de las farc, quienes estarian intentando robar un camion cargado con 35 toneladas de cafe y una volqueta. antes del operativo, los hombres habrian secuestrado al conductor del vehiculo de carga. cuando los militares ubicaron a los presuntos disidentes, estos abrieron fuego contra las tropas, generandose un enfrentamiento en el que los tres murieron. el ejercito recupero los dos vehiculos y rescato ileso al conductor. posteriormente, otros integrantes de la estructura habrian intentado atacar a las tropas mediante un artefacto explosivo improvisado, que fue detectado y neutralizado. tambien fueron incautadas una pistola y una motocicleta. ","otro grupo armado ilegal, ejercito nacional",Secuestro,Cauca,Mercaderes,131,Ninguna,True,Mercaderes - Cauca,"{""Agropecuario"": ""Negativo""}",Agropecuario
20142,2026-07-23,caracol radio,Mercaderes,Cauca,Pacífico,True,False,Rural,Acciones de la fuerza publica y otros servidores publicos,Desactivacion de artefactos explosivos,Otra,False,"otro grupo armado ilegal, ejercito nacional",carlos patino; estado mayor central,6,"el 23 de julio de 2026, tropas del ejercito interceptaron en el sector de puerto nuevo, en limites de mercaderes (cauca) y leyva (narino), a tres presuntos integrantes de la estructura carlos patino de las disidencias de las farc, quienes estarian intentando robar un camion cargado con 35 toneladas de cafe y una volqueta. antes del operativo, los hombres habrian secuestrado al conductor del vehiculo de carga. cuando los militares ubicaron a los presuntos disidentes, estos abrieron fuego contra las tropas, generandose un enfrentamiento en el que los tres murieron. el ejercito recupero los dos vehiculos y rescato ileso al conductor. posteriormente, otros integrantes de la estructura habrian intentado atacar a las tropas mediante un artefacto explosivo improvisado, que fue detectado y neutralizado. tambien fueron incautadas una pistola y una motocicleta. ","otro grupo armado ilegal, ejercito nacional",Desactivacion de artefactos explosivos,Cauca,Mercaderes,131,Ninguna,True,Mercaderes - Cauca,"{""Agropecuario"": ""Negativo""}",Agropecuario
20143,2026-07-23,caracol radio,Mercaderes,Cauca,Pacífico,True,False,Rural,Acciones de la fuerza publica y otros servidores publicos,Incautacion,Otra,False,"otro grupo armado ilegal, ejercito nacional",carlos patino; estado mayor central,6,"el 23 de julio de 2026, tropas del ejercito interceptaron en el sector de puerto nuevo, en limites de mercaderes (cauca) y leyva (narino), a tres presuntos integrantes de la estructura carlos patino de las disidencias de las farc, quienes estarian intentando robar un camion cargado con 35 toneladas de cafe y una volqueta. antes del operativo, los hombres habrian secuestrado al conductor del vehiculo de carga. cuando los militares ubicaron a los presuntos disidentes, estos abrieron fuego contra las tropas, generandose un enfrentamiento en el que los tres murieron. el ejercito recupero los dos vehiculos y rescato ileso al conductor. posteriormente, otros integrantes de la estructura habrian intentado atacar a las tropas mediante un artefacto explosivo improvisado, que fue detectado y neutralizado. tambien fueron incautadas una pistola y una motocicleta. ","otro grupo armado ilegal, ejercito nacional",Incautacion,Cauca,Mercaderes,131,Ninguna,True,Mercaderes - Cauca,"{""Agropecuario"": ""Negativo""}",Agropecuario
20144,2026-07-23,caracol radio,Mercaderes,Cauca,Pacífico,True,False,Rural,Acciones de la fuerza publica y otros servidores publicos,Hurto,Otra,False,"otro grupo armado ilegal, ejercito nacional",carlos patino; estado mayor central,6,"el 23 de julio de 2026, tropas del ejercito interceptaron en el sector de puerto nuevo, en limites de mercaderes (cauca) y leyva (narino), a tres presuntos integrantes de la estructura carlos patino de las disidencias de las farc, quienes estarian intentando robar un camion cargado con 35 toneladas de cafe y una volqueta. antes del operativo, los hombres habrian secuestrado al conductor del vehiculo de carga. cuando los militares ubicaron a los presuntos disidentes, estos abrieron fuego contra las tropas, generandose un enfrentamiento en el que los tres murieron. el ejercito recupero los dos vehiculos y rescato ileso al conductor. posteriormente, otros integrantes de la estructura habrian intentado atacar a las tropas mediante un artefacto explosivo improvisado, que fue detectado y neutralizado. tambien fueron incautadas una pistola y una motocicleta. ","otro grupo armado ilegal, ejercito nacional",Hurto,Cauca,Mercaderes,131,Ninguna,True,Mercaderes - Cauca,"{""Agropecuario"": ""Negativo""}",Agropecuario
20145,2026-07-23,el tiempo,El Tambo,Cauca,Pacífico,True,True,Rural,Acciones de los grupos armados al margen de la ley,Reten ilegal,Otra,False,"otro grupo armado ilegal, disidencias de las farc",carlos patino; estado mayor central,4,"en el corregimiento de huisito, zona rural del municipio de el tambo, cauca, se registro la instalacion de un reten por presuntos integrantes de las disidencias de las farc, que termino desencadenando fuertes combates con unidades del ejercito nacional. segun versiones entregadas por habitantes del sector, los hechos se habrian iniciado cuando uniformados del ejercito intervinieron un presunto reten ilegal instalado por integrantes de este grupo armado en una via de la zona. la presencia de este reten generaba riesgos para la movilidad y la seguridad de las comunidades campesinas, lo que habria motivado la reaccion de la fuerza publica. tras la intervencion, los presuntos disidentes habrian respondido con rafagas de fusil contra las tropas, desencadenando el combate que, de acuerdo con los pobladores, se extendio por mas de 30 minutos. en una fuente de caracol radio, se afirma que fueron abatidos dos miembros del grupo armado y que 7 soldados resultaron heridos. una fuente de el pais confirmo despues que alias bomber fue abatido","otro grupo armado ilegal, disidencias de las farc",Reten ilegal,Cauca,El Tambo,165,Ninguna,False,El Tambo - Cauca,"{""Agropecuario"": ""Negativo""}",Agropecuario
20146,2026-07-23,el tiempo,El Tambo,Cauca,Pacífico,True,True,Rural,Acciones de los grupos armados al margen de la ley,Combate,Acciones de la fuerza publica,True,"otro grupo armado ilegal, ejercito nacional",carlos patino; estado mayor central,4,"en el corregimiento de huisito, zona rural del municipio de el tambo, cauca, se registro la instalacion de un reten por presuntos integrantes de las disidencias de las farc, que termino desencadenando fuertes combates con unidades del ejercito nacional. segun versiones entregadas por habitantes del sector, los hechos se habrian iniciado cuando uniformados del ejercito intervinieron un presunto reten ilegal instalado por integrantes de este grupo armado en una via de la zona. la presencia de este reten generaba riesgos para la movilidad y la seguridad de las comunidades campesinas, lo que habria motivado la reaccion de la fuerza publica. tras la intervencion, los presuntos disidentes habrian respondido con rafagas de fusil contra las tropas, desencadenando el combate que, de acuerdo con los pobladores, se extendio por mas de 30 minutos.en una fuente de caracol radio, se afirma que fueron abatidos dos miembros del grupo armado y que 7 soldados resultaron heridos. una fuente de el pais confirmo despues que alias bomber fue abatido.","otro grupo armado ilegal, ejercito nacional",Combate,Cauca,El Tambo,164,Ninguna,False,El Tambo - Cauca,"{""Agropecuario"": ""Negativo""}",Agropecuario
20161,2026-07-23,ejercito nacional,Arauca,Arauca,Orinoquía,False,False,Rural,Acciones de la fuerza publica y otros servidores publicos,Propaganda alusiva a gai / panfletos,Otra,False,"eln, ejercito nacional",,0,"en la vereda barrancones, zona rural del municipio de arauca, en arauca, tropas de la decima octava brigada del ejercito nacional retiraron y destruyeron material de proselitismo del grupo armado organizado eln, instalado en la vereda. tras confirmar que la zona era segura, los soldados procedieron al retiro y posterior destruccion controlada del material, evitando que continuara siendo utilizado como mecanismo de intimidacion y proselitismo por parte del grupo armado organizado.","eln, ejercito nacional",Propaganda alusiva a gai / panfletos,Arauca,Arauca,71,Ninguna,False,Arauca - Arauca,"{""Agropecuario"": ""Positivo""}",Agropecuario
20132,2026-07-22,el pais,Mercaderes,Cauca,Pacífico,True,False,,Acciones de los grupos armados al margen de la ley,Reten ilegal,Otra,False,grupo armado ilegal no identificado,,1,"el 22 de julio de 2026, hombres armados instalaron un reten ilegal en el sector de mojarras, jurisdiccion de mercaderes, cauca, sobre la via panamericana. los sujetos interceptaron una tractomula que transportaba carga hacia el norte del pais, obligaron al conductor a descender bajo amenazas y posteriormente se apoderaron del vehiculo y de la mercancia. el ejercito inicio operaciones para localizar la tractomula y a los responsables. ",grupo armado ilegal no identificado,Reten ilegal,Cauca,Mercaderes,67,Ninguna,False,Mercaderes - Cauca,{},Ninguno
20133,2026-07-22,el pais,Mercaderes,Cauca,Pacífico,True,False,,Acciones de los grupos armados al margen de la ley,Hurto,Otra,False,grupo armado ilegal no identificado,,0,"el 22 de julio de 2026, hombres armados instalaron un reten ilegal en el sector de mojarras, jurisdiccion de mercaderes, cauca, sobre la via panamericana. los sujetos interceptaron una tractomula que transportaba carga hacia el norte del pais, obligaron al conductor a descender bajo amenazas y posteriormente se apoderaron del vehiculo y de la mercancia. el ejercito inicio operaciones para localizar la tractomula y a los responsables. ",grupo armado ilegal no identificado,Hurto,Cauca,Mercaderes,67,Ninguna,False,Mercaderes - Cauca,{},Ninguno
20134,2026-07-22,ejercito nacional,Ocaña,Norte De Santander,Andina,False,False,Rural,Acciones de la fuerza publica y otros servidores publicos,Destruccion de laboratorios,Otra,False,"ejercito nacional, eln",frente camilo torres restrepo; eln,1,"en la vereda piedecuesta, del municipio de ocana, en norte de santander, los soldados del batallon de infanteria liviana n.°15 organico de la trigesima brigada en coordinacion con la direccion de antinarcoticos de la policia nacional, ubicaron un laboratorio que el frente camilo torres restrepo del eln habia instalado en medio de una zona selvatica, donde fueron encontrados 220 kilos de cocaina solida, listos para ser comercializados.asi mismo, se hallaron 829 galones de sustancias liquidas, 120 kilos de sustancias solidas y 40 galones de clorhidrato de cocaina en suspension. por la capacidad de produccion del laboratorio, el lugar contaba con seis probetas, una planta electrica, un sistema de condensacion artesanal refrigerante y dos compresores, entre otros elementos que habrian sido transportados hasta el sitio para ser empleados en los diferentes procesos de produccion de clorhidrato de cocaina.","ejercito nacional, eln",Destruccion de laboratorios,Norte De Santander,Ocaña,137,Narcotráfico,False,Ocaña - Norte De Santander,{},Ninguno
20135,2026-07-22,ejercito nacional,Ocaña,Norte De Santander,Andina,False,False,Rural,Acciones de la fuerza publica y otros servidores publicos,Incautacion,Otra,False,"eln, ejercito nacional",frente camilo torres restrepo; eln,0,"en la vereda piedecuesta, del municipio de ocana, en norte de santander, los soldados del batallon de infanteria liviana n.°15 organico de la trigesima brigada en coordinacion con la direccion de antinarcoticos de la policia nacional, ubicaron un laboratorio que el frente camilo torres restrepo del eln habia instalado en medio de una zona selvatica, donde fueron encontrados 220 kilos de cocaina solida, listos para ser comercializados.asi mismo, se hallaron 829 galones de sustancias liquidas, 120 kilos de sustancias solidas y 40 galones de clorhidrato de cocaina en suspension. por la capacidad de produccion del laboratorio, el lugar contaba con seis probetas, una planta electrica, un sistema de condensacion artesanal refrigerante y dos compresores, entre otros elementos que habrian sido transportados hasta el sitio para ser empleados en los diferentes procesos de produccion de clorhidrato de cocaina.","eln, ejercito nacional",Incautacion,Norte De Santander,Ocaña,137,Narcotráfico,False,Ocaña - Norte De Santander,{},Ninguno
20138,2026-07-22,el espectador,Ocaña,Norte De Santander,Andina,False,False,Rural,Acciones de los grupos armados al margen de la ley,Ataque a personal militar/ ataque francotirador,Ataques contra la fuerza publica,True,"eln, ejercito nacional",,1,"en zona rural de ocana, en limites con el municipio de gonzalez, cesar, se realizo un operativo del ejercito, en el que un soldado fue herido por cuenta de un ataque con francotirador perpetrado por el ejercito de liberacion nacional (eln). la informacion entregada por las autoridades indica que los uniformados de la segunda division del ejercito adelantaban un operativo de control y registro en una zona conocida como otare cuando fueron atacados por presuntos integrantes del eln. el combate posterior entre la fuerza publica y el grupo ilegal se prolongo durante varias horas. en medio del combate, uno de los soldados fue herido por un francotirador del eln. segun se sabe hasta el momento, el uniformado recibio varios disparos en sus extremidades inferiores. de inmediato, sus companeros de unidad le prestaron los primeros auxilios. luego fue evacuado en un helicoptero hacia la ciudad de cucuta para recibir atencion medica especializada.","eln, ejercito nacional",Ataque a personal militar/ ataque francotirador,Norte De Santander,Ocaña,151,Ninguna,False,Ocaña - Norte De Santander,"{""Agropecuario"": ""Negativo""}",Agropecuario
20147,2026-07-22,ejercito nacional,San Alberto,Cesar,Caribe,False,False,Rural,Acciones de la fuerza publica y otros servidores publicos,Destruccion de laboratorios,Otra,False,"otro grupo armado ilegal, ejercito nacional",autodefensas conquistadoras de la sierra nevada,1,"el 22 de julio, tropas del ejercito, en coordinacion con la policia nacional, ubicaron y destruyeron en el sector de cano seco, zona rural de san alberto, cesar, un laboratorio utilizado para el procesamiento de clorhidrato de cocaina que, segun las autoridades, pertenecia a las autodefensas conquistadoras de la sierra (acsn). en el operativo se incautaron mas de 310 kg de cocaina, ademas de 1.242 galones de insumos liquidos, 700 kg de insumos solidos, hornos, prensas y otros equipos. el ejercito estimo que la operacion represento una afectacion superior a $1.705 millones para las economias ilicitas de la organizacion y evito la distribucion de aproximadamente 762.500 dosis de cocaina.","otro grupo armado ilegal, ejercito nacional",Destruccion de laboratorios,Cesar,San Alberto,109,Narcotráfico,False,San Alberto - Cesar,"{""Agropecuario"": ""Negativo""}",Agropecuario
20148,2026-07-22,ejercito nacional,San Alberto,Cesar,Caribe,False,False,Rural,Acciones de la fuerza publica y otros servidores publicos,Incautacion,Otra,False,"otro grupo armado ilegal, ejercito nacional",autodefensas conquistadoras de la sierra nevada,1,"el 22 de julio, tropas del ejercito, en coordinacion con la policia nacional, ubicaron y destruyeron en el sector de cano seco, zona rural de san alberto, cesar, un laboratorio utilizado para el procesamiento de clorhidrato de cocaina que, segun las autoridades, pertenecia a las autodefensas conquistadoras de la sierra (acsn). en el operativo se incautaron mas de 310 kg de cocaina, ademas de 1.242 galones de insumos liquidos, 700 kg de insumos solidos, hornos, prensas y otros equipos. el ejercito estimo que la operacion represento una afectacion superior a $1.705 millones para las economias ilicitas de la organizacion y evito la distribucion de aproximadamente 762.500 dosis de cocaina.","otro grupo armado ilegal, ejercito nacional",Incautacion,Cesar,San Alberto,109,Narcotráfico,False,San Alberto - Cesar,"{""Agropecuario"": ""Negativo""}",Agropecuario
20127,2026-07-21,ejercito nacional,Tona,Santander,Andina,False,False,Rural,Acciones de la fuerza publica y otros servidores publicos,Captura,Otra,False,"eln, ejercito nacional, policia nacional",frente de guerra nororiental; eln,1,"en la vereda monte chiquito, del municipio de tona, santander, el gaula militar chicamocha y la policia nacional lograron la captura de alias jorge, presunto integrante de las redes de apoyo al terrorismo del frente de guerra nororiental del eln. durante la operacion fueron incautadas ocho armas de fuego, entre ellas cuatro escopetas, dos revolveres y dos pistolas, ademas de municion de diferente calibre, radios de comunicacion, material de intendencia, propaganda alusiva al eln y panfletos empleados para intimidar a la poblacion.asi mismo, las tropas hallaron aproximadamente 32 kilogramos de explosivo tipo r-1, los cuales fueron destruidos de manera controlada en el lugar por personal especializado del batallon de ingenieros de combate n.° 5. esta cantidad representaba un importante volumen de material explosivo, cuya neutralizacion elimino una amenaza de alto impacto para la poblacion civil, la fuerza publica y la infraestructura estrategica del departamento.","eln, ejercito nacional, policia nacional",Captura,Santander,Tona,144,Ninguna,True,Tona - Santander,{},Ninguno
20128,2026-07-21,ejercito nacional,Tona,Santander,Andina,False,False,Rural,Acciones de la fuerza publica y otros servidores publicos,Incautacion,Otra,False,"eln, ejercito nacional, policia nacional",frente de guerra nororiental; eln,0,"en la vereda monte chiquito, del municipio de tona, santander, el gaula militar chicamocha y la policia nacional lograron la captura de alias jorge, presunto integrante de las redes de apoyo al terrorismo del frente de guerra nororiental del eln. durante la operacion fueron incautadas ocho armas de fuego, entre ellas cuatro escopetas, dos revolveres y dos pistolas, ademas de municion de diferente calibre, radios de comunicacion, material de intendencia, propaganda alusiva al eln y panfletos empleados para intimidar a la poblacion.asi mismo, las tropas hallaron aproximadamente 32 kilogramos de explosivo tipo r-1, los cuales fueron destruidos de manera controlada en el lugar por personal especializado del batallon de ingenieros de combate n.° 5. esta cantidad representaba un importante volumen de material explosivo, cuya neutralizacion elimino una amenaza de alto impacto para la poblacion civil, la fuerza publica y la infraestructura estrategica del departamento.","eln, ejercito nacional, policia nacional",Incautacion,Santander,Tona,144,Ninguna,True,Tona - Santander,{},Ninguno
20119,2026-07-20,el pais,Tarazá,Antioquia,Andina,True,True,,Acciones de la fuerza publica y otros servidores publicos,Captura,Otra,False,"eln, ejercito nacional, policia nacional",frente de guerra dario ramirez castro; eln,0,"en taraza, antioquia, en desarrollo de operaciones militares, tropas del grupo gaula militar valle de aburra, de la cuarta brigada del ejercito nacional, en coordinacion con el departamento de policia de antioquia, lograron la captura de un presunto integrante del frente jose antonio galan, perteneciente al frente de guerra dario ramirez castro, del grupo armado organizado eln. el capturado fue identificado como alias rafa o rafita, senalado como presunto cabecilla de la red de apoyo al terrorismo (rat) de mencionada estructura criminal, con una trayectoria aproximada de cinco anos dentro de la organizacion.","eln, ejercito nacional, policia nacional",Captura,Antioquia,Tarazá,93,Ninguna,False,Tarazá - Antioquia,{},Ninguno
20113,2026-07-19,blu radio,Caucasia,Antioquia,Andina,True,False,Rural,Acciones de los grupos armados al margen de la ley,Homicidio,Otra,False,otro grupo armado ilegal,clan del golfo,2,"el 19 de julio de 2026, las autoridades reportaron un ataque armado en el corregimiento de cuturu, caucasia, antioquia, en el que fue asesinado henry hernando narvaez, de 48 anos. segun el comandante de la policia de antioquia, el ataque estaria relacionado con retaliaciones derivadas de disputas por el microtrafico. de acuerdo con las versiones entregadas a la fuerza publica, varios hombres armados llegaron al corregimiento durante las festividades de la virgen del carmen y atacaron a narvaez. la hipotesis policial es que el hecho estaria relacionado con una disputa por la venta de estupefacientes y con una ruptura dentro de la estructura criminal que controlaria esa actividad. la misma incursion estaria relacionada con la desaparicion/secuestro de yamit beltran, reconocido minero de la zona, cuya busqueda continuaba al momento de publicacion de la noticia. la gobernacion de antioquia ofrecio una recompensa de $50 millones por informacion sobre su paradero. se responsabiliza al clan del golfo por estos hechos.",otro grupo armado ilegal,Homicidio,Antioquia,Caucasia,158,Extorsión,False,Caucasia - Antioquia,"{""Minero"": ""Negativo""}",Minero
20114,2026-07-19,blu radio,Caucasia,Antioquia,Andina,True,False,Rural,Acciones de los grupos armados al margen de la ley,Secuestro,Otra,False,otro grupo armado ilegal,clan del golfo,1,"el 19 de julio de 2026, las autoridades reportaron un ataque armado en el corregimiento de cuturu, caucasia, antioquia, en el que fue asesinado henry hernando narvaez, de 48 anos. segun el comandante de la policia de antioquia, el ataque estaria relacionado con retaliaciones derivadas de disputas por el microtrafico. de acuerdo con las versiones entregadas a la fuerza publica, varios hombres armados llegaron al corregimiento durante las festividades de la virgen del carmen y atacaron a narvaez. la hipotesis policial es que el hecho estaria relacionado con una disputa por la venta de estupefacientes y con una ruptura dentro de la estructura criminal que controlaria esa actividad. la misma incursion estaria relacionada con la desaparicion/secuestro de yamit beltran, reconocido minero de la zona, cuya busqueda continuaba al momento de publicacion de la noticia. la gobernacion de antioquia ofrecio una recompensa de $50 millones por informacion sobre su paradero. se responsabiliza al clan del golfo por estos hechos.",otro grupo armado ilegal,Secuestro,Antioquia,Caucasia,158,Extorsión,False,Caucasia - Antioquia,"{""Minero"": ""Negativo""}",Minero
20117,2026-07-19,caracol radio,La Gloria,Cesar,Caribe,False,False,Rural,Acciones de la fuerza publica y otros servidores publicos,Desactivacion de artefactos explosivos,Otra,False,"eln, ejercito nacional",,0,"el 19 de julio de 2026, tropas del ejercito frustraron un atentado contra una unidad militar ubicada en el corregimiento de la mata, municipio de la gloria, cesar. segun la informacion militar, presuntos integrantes de la estructura camilo torres del eln dejaron abandonado un vehiculo acondicionado con 14 medios de lanzamiento, aparentemente destinado a atacar las instalaciones militares.el equipo de explosivos y demoliciones (exde) y el grupo marte llegaron al lugar, verificaron el area y realizaron una activacion controlada del artefacto, con la que neutralizaron la amenaza. no se reportaron victimas ni danos materiales.","eln, ejercito nacional",Desactivacion de artefactos explosivos,Cesar,La Gloria,94,Ninguna,False,La Gloria - Cesar,{},Ninguno
20118,2026-07-19,el tiempo,Bolívar,Valle Del Cauca,Pacífico,False,True,Rural,Acciones de los grupos armados al margen de la ley,Enfrentamiento,Enfrentamientos,True,otro grupo armado ilegal,"yefferson madera; clan del golfo, los rastrojos",1,"en el corregimiento la primavera, del municipio de bolivar, valle del cauca, se registraron enfrentamientos entre grupos armados alrededor de las 8 pm. disputa entre grupos armados. se presento una confrontacion armada entre presuntos integrantes del egc (clan del golfo), del frente valle, subestructura yefferson madera y exintegrantes de la extinta estructura criminal conocida como ""los rastrojos"". durante el enfrentamiento, unidades adscritas a la subestacion de policia de la primavera intervinieron con el proposito de restablecer el orden y proteger a la comunidad. en el procedimiento, resulto herido un senor subintendente adscrito a la subestacion de policia del corregimiento, quien fue trasladado inmediatamente a un centro asistencial para su atencion medica. ",otro grupo armado ilegal,Enfrentamiento,Valle Del Cauca,Bolívar,111,Ninguna,False,Bolívar - Valle Del Cauca,"{""Ambiental"": ""Negativo""}",Ambiental
20112,2026-07-18,ejercito nacional,Chinácota,Norte De Santander,Andina,False,False,Rural,Acciones de la fuerza publica y otros servidores publicos,Incautacion,Otra,False,"eln, ejercito nacional, policia nacional","german velazco villamizar, eln",0,"en la vereda chaconia, del municipio de chinacota, norte de santander, soldados del grupo de accion unificada por la libertad personal y el batallon de fuerzas especiales urbanas n.°2 de la trigesima brigada lograron la ubicacion de una estructura adecuada para el procesamiento ilegal de alcaloides en zona rural de la vereda chaconia, en el municipio de chinacota, norte de santander. en apoyo a la policia judicial, fueron incautados 525 kilogramos de clorhidrato de cocaina, junto a 193 galones de la misma sustancia en suspension, lo que se configura en una importante afectacion al sistema de financiamiento ilegal del autodenominado frente «german velazco villamizar» del gao eln, quien tambien se dedica al cobro de extorsiones y secuestros en la region. de la misma forma, 1.078 galones de insumos liquidos, 391 kilogramos de insumos solidos junto a la indumentaria y la estructura empleada para la produccion del alcaloide fue dejada a disposicion de la autoridad competente para su posterior inutilizacion.","eln, ejercito nacional, policia nacional",Incautacion,Norte De Santander,Chinácota,159,Narcotráfico,False,Chinácota - Norte De Santander,"{""Agropecuario"": ""Positivo""}",Agropecuario
20115,2026-07-18,el informador,Barbacoas,Nariño,Pacífico,True,False,,Acciones de la fuerza publica y otros servidores publicos,Desactivacion de artefactos explosivos,Otra,False,"otro grupo armado ilegal, ejercito nacional",coordinadora nacional ejercito bolivariano,0,"tropas del ejercito nacional ubicaron y realizaron la destruccion controlada de un deposito ilegal con cerca de 100 kilogramos de explosivos y 52 medios de activacion en barbacoas, narino. de acuerdo con la informacion entregada por la institucion, en el lugar fueron encontrados cerca de 100 kilogramos de explosivos y 52 medios de activacion, elementos que fueron destruidos de manera controlada por las unidades militares. el resultado operacional representa un golpe a las capacidades de la estructura coordinadora nacional ejercito bolivariano, mientras las tropas mantienen las acciones encaminadas a fortalecer la seguridad y proteger a las comunidades de la region.","otro grupo armado ilegal, ejercito nacional",Desactivacion de artefactos explosivos,Nariño,Barbacoas,100,Ninguna,False,Barbacoas - Nariño,{},Ninguno
20116,2026-07-18,el pais,Caloto,Cauca,Pacífico,True,False,Urbana,Acciones de la fuerza publica y otros servidores publicos,Captura,Otra,False,"ejercito nacional, policia nacional, otro funcionario publico, disidencias de las farc",dagoberto ramos; disidencias de las farc,0," en el corregimiento el palo, del municipio de caloto, cauca, durante un operativo conjunto entre la policia nacional, la fiscalia general de la nacion y el gaula militar, las autoridades capturaron a alias ‘sombra’ o ‘ivan’, senalado como uno de los principales responsables del manejo financiero de la estructura criminal ‘dagoberto ramos’, perteneciente a las disidencias de las farc. tambien fue arrestado alias ‘alexis’, quien seria escolta de alias ‘sombra’. el reporte oficial revela que alias ‘sombra’ era el responsable de administrar los recursos provenientes de actividades ilicitas que financiaban el accionar armado de la estructura en el norte del cauca, por lo que su aprehension representa un fuerte golpe a la capacidad logistica de las disidencias en el departamento del cauca.","ejercito nacional, policia nacional, otro funcionario publico, disidencias de las farc",Captura,Cauca,Caloto,122,Ninguna,False,Caloto - Cauca,{},Ninguno
20123,2026-07-18,caracol radio,Tibú,Norte De Santander,Andina,True,True,Urbana,Acciones de los grupos armados al margen de la ley,Enfrentamiento,Enfrentamientos,True,"eln, disidencias de las farc",frente 33; disidencias de las farc,5,"desde la noche del 18 de julio de 2026, se registraron combates entre el frente 33 de las disidencias de las farc y el eln en el sector club de leones, corregimiento de tres bocas, en tibu, norte de santander. posteriormente, los enfrentamientos se trasladaron al casco urbano de campo dos, donde afectaron al menos tres barrios. segun informacion entregada por las comunidades, al menos cuatro integrantes del eln habrian muerto y un numero indeterminado habria resultado herido. la fuente senala que no habia pronunciamiento oficial de las autoridades al momento de publicacion.los combates tambien produjeron afectaciones directas sobre la poblacion: los habitantes de campo dos quedaron confinados, se suspendio el transporte publico, cerraron comercios y varias viviendas resultaron afectadas.","eln, disidencias de las farc",Enfrentamiento,Norte De Santander,Tibú,120,Ninguna,False,Tibú - Norte De Santander,{},Ninguno
20124,2026-07-18,caracol radio,Tibú,Norte De Santander,Andina,True,True,Urbana,Acciones de los grupos armados al margen de la ley,Confinamiento,Otra,False,"eln, disidencias de las farc",frente 33; disidencias de las farc,4,"desde la noche del 18 de julio de 2026, se registraron combates entre el frente 33 de las disidencias de las farc y el eln en el sector club de leones, corregimiento de tres bocas, en tibu, norte de santander. posteriormente, los enfrentamientos se trasladaron al casco urbano de campo dos, donde afectaron al menos tres barrios. segun informacion entregada por las comunidades, al menos cuatro integrantes del eln habrian muerto y un numero indeterminado habria resultado herido. la fuente senala que no habia pronunciamiento oficial de las autoridades al momento de publicacion.los combates tambien produjeron afectaciones directas sobre la poblacion: los habitantes de campo dos quedaron confinados, se suspendio el transporte publico, cerraron comercios y varias viviendas resultaron afectadas.","eln, disidencias de las farc",Confinamiento,Norte De Santander,Tibú,120,Ninguna,False,Tibú - Norte De Santander,{},Ninguno
20099,2026-07-17,el tiempo,El Tambo,Cauca,Pacífico,True,True,Rural,Acciones de los grupos armados al margen de la ley,Ataque a instalaciones de la fuerza publica,Ataques contra la fuerza publica,True,disidencias de las farc,desconocido,0,"en la manana del 17 de julio fue reportado un ataque contra la subestacion de la policia del corregimiento el crucero de pandiguando, en el tambo, cauca.hasta el momento, las autoridades no registran civiles ni uniformados heridos. desde popayan fueron desplegadas capacidades aereas hacia la zona para apoyar las operaciones y restablecer el orden. en paralelo, hubo una asonada en zonas rurales del municipio de argelia, en limites con el tambo.",disidencias de las farc,Ataque a instalaciones de la fuerza publica,Cauca,El Tambo,71,Ninguna,False,El Tambo - Cauca,{},Ninguno
20100,2026-07-17,el tiempo,Argelia,Cauca,Pacífico,True,False,Rural,Acciones de los grupos armados al margen de la ley,Amenaza,Otra,False,disidencias de las farc,"carlos patino, disidencias de las farc",4,"se registro una asonada contra tropas del ejercito nacional en el sector de el filo, en el area rural del municipio de argelia, en limites con el tambo, en el cauca. segun el reporte oficial, cerca de 500 personas intentaron impedir el avance de los militares hacia el norte del canon del micay, donde se desarrolla la operacion 'perseo'. la situacion paso de bloqueos a enfrentamientos cuando, de acuerdo con el ejercito, cuatro personas habrian intentado quitarles los fusiles a los soldados y activar artefactos explosivos. en medio de estos hechos, las tropas reaccionaron bajo protocolos de uso de la fuerza. el saldo fue de cuatro personas heridas, cinco capturadas y un menor de edad aprehendido. el ejercito aseguro que la movilizacion habria sido promovida bajo presion por integrantes de la estructura 'carlos patino' de las disidencias de las farc.",disidencias de las farc,Amenaza,Cauca,Argelia,140,Ninguna,False,Argelia - Cauca,"{""Agropecuario"": ""Negativo""}",Agropecuario
20101,2026-07-17,semana,El Tambo,Cauca,Pacífico,True,True,Rural,Acciones de los grupos armados al margen de la ley,Activacion de artefacto explosivo,Ataque a infraestructura y bienes civiles,True,disidencias de las farc,carlos patino; disidencias de las farc,0,"en la manana del 17 de julio fue reportado un ataque contra la subestacion de la policia del corregimiento el crucero de pandiguando, en el tambo, cauca con drones cargados de explosivos. hasta el momento, las autoridades no registran civiles ni uniformados heridos. desde popayan fueron desplegadas capacidades aereas hacia la zona para apoyar las operaciones y restablecer el orden. ",disidencias de las farc,Activacion de artefacto explosivo,Cauca,El Tambo,60,Ninguna,False,El Tambo - Cauca,{},Ninguno
20102,2026-07-17,alerta paisa,Gómez Plata,Antioquia,Andina,False,False,Rural,Acciones de la fuerza publica y otros servidores publicos,Combate,Acciones de la fuerza publica,True,"ejercito nacional, disidencias de las farc",,2,"tropas de la cuarta brigada del ejercito nacional capturaron a dos presuntos integrantes las disidencias de las farc, luego de registrarse un combate de encuentro en la vereda el cerro, ubicada en el municipio de gomez plata, en el norte de antioquia. el enfrentamiento fue liderado por los soldados del batallon de artilleria de campana numero cuatro. tras el cese de los disparos y la posterior consolidacion del area, las tropas lograron capturar a estas personas y la incautacion de un importante arsenal de guerra y transporte, el cual quedo a disposicion de las autoridades competentes para su respectiva judicializacion.","ejercito nacional, disidencias de las farc",Combate,Antioquia,Gómez Plata,100,Ninguna,False,Gómez Plata - Antioquia,{},Ninguno
20103,2026-07-17,alerta paisa,Gómez Plata,Antioquia,Andina,False,False,Rural,Acciones de la fuerza publica y otros servidores publicos,Captura,Otra,False,"ejercito nacional, disidencias de las farc",,2,"tropas de la cuarta brigada del ejercito nacional capturaron a dos presuntos integrantes las disidencias de las farc, luego de registrarse un combate de encuentro en la vereda el cerro, ubicada en el municipio de gomez plata, en el norte de antioquia. el enfrentamiento fue liderado por los soldados del batallon de artilleria de campana numero cuatro. tras el cese de los disparos y la posterior consolidacion del area, las tropas lograron capturar a estas personas y la incautacion de un importante arsenal de guerra y transporte, el cual quedo a disposicion de las autoridades competentes para su respectiva judicializacion.","ejercito nacional, disidencias de las farc",Captura,Antioquia,Gómez Plata,100,Ninguna,False,Gómez Plata - Antioquia,{},Ninguno
20104,2026-07-17,alerta paisa,Gómez Plata,Antioquia,Andina,False,False,Rural,Acciones de la fuerza publica y otros servidores publicos,Incautacion,Otra,False,"ejercito nacional, disidencias de las farc",,2,"tropas de la cuarta brigada del ejercito nacional capturaron a dos presuntos integrantes las disidencias de las farc, luego de registrarse un combate de encuentro en la vereda el cerro, ubicada en el municipio de gomez plata, en el norte de antioquia. el enfrentamiento fue liderado por los soldados del batallon de artilleria de campana numero cuatro. tras el cese de los disparos y la posterior consolidacion del area, las tropas lograron capturar a estas personas y la incautacion de un importante arsenal de guerra y transporte, el cual quedo a disposicion de las autoridades competentes para su respectiva judicializacion.","ejercito nacional, disidencias de las farc",Incautacion,Antioquia,Gómez Plata,100,Ninguna,False,Gómez Plata - Antioquia,{},Ninguno
20105,2026-07-17,caracol radio,Anzoátegui,Tolima,Andina,False,False,Rural,Acciones de la fuerza publica y otros servidores publicos,Captura,Otra,False,"otro grupo armado ilegal, policia nacional",clan del golfo,1,"en la vereda la esmeralda del municipio de anzoategui, tolima, se confirmo la captura por parte del gaula de la policia de alias “niche” y alias “dumbo”, quienes habrian sido designados por alias “don h”, tambien conocido como “hugo vinagre”, cabecilla del bloque oliverio isaza gomez, para integrar el bloque tolima, con presencia entre la zona rural de ibague y anzoategui. de acuerdo con la investigacion revelada por la policia, los capturados serian los presuntos responsables de coordinar acciones para el hurto de hidrocarburos, homicidios selectivos y extorsiones dirigidas a sectores productivos del centro y norte del tolima. durante el operativo fueron incautados tres fusiles calibre 5.56 mm, un revolver calibre 38, cuatro proveedores para fusil y seis cartuchos calibre 38 para revolver.","otro grupo armado ilegal, policia nacional",Captura,Tolima,Anzoátegui,123,Ninguna,False,Anzoátegui - Tolima,"{""Agropecuario"": ""Positivo""}",Agropecuario
20106,2026-07-17,caracol radio,Anzoátegui,Tolima,Andina,False,False,Rural,Acciones de la fuerza publica y otros servidores publicos,Incautacion,Otra,False,"otro grupo armado ilegal, policia nacional",clan del golfo,0,"en la vereda la esmeralda del municipio de anzoategui, tolima, se confirmo la captura por parte del gaula de la policia de alias “niche” y alias “dumbo”, quienes habrian sido designados por alias “don h”, tambien conocido como “hugo vinagre”, cabecilla del bloque oliverio isaza gomez, para integrar el bloque tolima, con presencia entre la zona rural de ibague y anzoategui. de acuerdo con la investigacion revelada por la policia, los capturados serian los presuntos responsables de coordinar acciones para el hurto de hidrocarburos, homicidios selectivos y extorsiones dirigidas a sectores productivos del centro y norte del tolima. durante el operativo fueron incautados tres fusiles calibre 5.56 mm, un revolver calibre 38, cuatro proveedores para fusil y seis cartuchos calibre 38 para revolver.","otro grupo armado ilegal, policia nacional",Incautacion,Tolima,Anzoátegui,123,Ninguna,False,Anzoátegui - Tolima,"{""Agropecuario"": ""Positivo""}",Agropecuario
20107,2026-07-17,caracol radio,San José De Cúcuta,Norte De Santander,Andina,False,False,,Acciones de la fuerza publica y otros servidores publicos,Captura,Otra,False,"eln, ejercito nacional, otro funcionario publico",,1,"el 17 de julio de 2026, un operativo conjunto de la sijin de la policia de norte de santander, con apoyo del ejercito nacional y la fiscalia, permitio capturar a un presunto integrante del eln durante un allanamiento en una vivienda del anillo vial occidental de cucuta. durante el allanamiento fueron incautadas barras de explosivo indugel, estopines y cordon detonante. segun labores de inteligencia, estos elementos presuntamente iban a ser utilizados para cometer dos atentados, uno en cucuta y otro en tibu, pero la propia fuente aclara que esta hipotesis todavia hacia parte de la investigacion.","eln, ejercito nacional, otro funcionario publico",Captura,Norte De Santander,San José De Cúcuta,96,Ninguna,False,San José De Cúcuta - Norte De Santander,{},Ninguno
20108,2026-07-17,caracol radio,San José De Cúcuta,Norte De Santander,Andina,False,False,,Acciones de la fuerza publica y otros servidores publicos,Incautacion,Otra,False,"eln, ejercito nacional, otro funcionario publico",,1,"el 17 de julio de 2026, un operativo conjunto de la sijin de la policia de norte de santander, con apoyo del ejercito nacional y la fiscalia, permitio capturar a un presunto integrante del eln durante un allanamiento en una vivienda del anillo vial occidental de cucuta.durante el allanamiento fueron incautadas barras de explosivo indugel, estopines y cordon detonante. segun labores de inteligencia, estos elementos presuntamente iban a ser utilizados para cometer dos atentados, uno en cucuta y otro en tibu, pero la propia fuente aclara que esta hipotesis todavia hacia parte de la investigacion.","eln, ejercito nacional, otro funcionario publico",Incautacion,Norte De Santander,San José De Cúcuta,95,Ninguna,False,San José De Cúcuta - Norte De Santander,{},Ninguno
20109,2026-07-17,el heraldo,Popayán,Cauca,Pacífico,False,False,Urbana,Acciones de la fuerza publica y otros servidores publicos,Tentativa de homicidio,Otra,False,grupo armado ilegal no identificado,,0,"el 17 de julio de 2026, el ejercito frustro un ataque con un dron cargado con explosivos en inmediaciones del batallon jose hilario lopez, en popayan,cauca. la tercera division detecto el aparato cuando se aproximaba al canton militar y activo los protocolos de seguridad, logrando neutralizarlo antes de que alcanzara su objetivo. segun la informacion preliminar, el dron estaria dirigido contra un helicoptero militar que transportaba personal y el explosivo no llego a detonar. la autoria quedo bajo investigacion; la noticia senala que en la region operan disidencias de las antiguas farc, pero no atribuye de manera definitiva el hecho a una estructura concreta. el batallon mencionado estaba en consideracion para la posesion del presidente abelardo de la espriella. ",grupo armado ilegal no identificado,Tentativa de homicidio,Cauca,Popayán,119,Ninguna,False,Popayán - Cauca,{},Ninguno
20110,2026-07-17,el tiempo,Cáceres,Antioquia,Andina,True,True,Rural,Acciones de la fuerza publica y otros servidores publicos,Captura,Otra,False,"otro grupo armado ilegal, policia nacional",yeison leudo chaverra; clan del golfo,1,"la policia, en coordinacion con la fiscalia y comandos jungla, capturo en caceres, antioquia, a yorman enrique salgado, alias “carlos way”, senalado como cabecilla de la subestructura yeison leudo chaverra del clan del golfo. la captura se realizo en el corregimiento jardin de tamana, en el marco de la operacion agamenon. segun las autoridades, tendria bajo su mando mas de 160 hombres y cumpliria un papel importante en las finanzas y expansion de la organizacion en el bajo cauca. las investigaciones lo relacionan con extorsiones a comerciantes, mineros y transportadores, reclutamiento ilicito y acciones violentas durante el paro minero de marzo de 2026, incluyendo bloqueos de vias y quema de vehiculos. tambien aparece vinculado en investigaciones a un homicidio ocurrido en caucasia en 2023. durante la captura fueron incautados tres telefonos celulares para analisis forense.","otro grupo armado ilegal, policia nacional",Captura,Antioquia,Cáceres,135,Ninguna,False,Cáceres - Antioquia,"{""Minero"": ""Positivo""}",Minero
20111,2026-07-17,el tiempo,Cáceres,Antioquia,Andina,True,True,Rural,Acciones de la fuerza publica y otros servidores publicos,Incautacion,Otra,False,"otro grupo armado ilegal, policia nacional, otro funcionario publico",yeison leudo chaverra; clan del golfo,0,"la policia, en coordinacion con la fiscalia y comandos jungla, capturo en caceres, antioquia, a yorman enrique salgado, alias “carlos way”, senalado como cabecilla de la subestructura yeison leudo chaverra del clan del golfo. la captura se realizo en el corregimiento jardin de tamana, en el marco de la operacion agamenon. segun las autoridades, tendria bajo su mando mas de 160 hombres y cumpliria un papel importante en las finanzas y expansion de la organizacion en el bajo cauca. las investigaciones lo relacionan con extorsiones a comerciantes, mineros y transportadores, reclutamiento ilicito y acciones violentas durante el paro minero de marzo de 2026, incluyendo bloqueos de vias y quema de vehiculos. tambien aparece vinculado en investigaciones a un homicidio ocurrido en caucasia en 2023. durante la captura fueron incautados tres telefonos celulares para analisis forense.","otro grupo armado ilegal, policia nacional, otro funcionario publico",Incautacion,Antioquia,Cáceres,135,Ninguna,False,Cáceres - Antioquia,"{""Minero"": ""Positivo""}",Minero
20176,2026-07-17,semana,Tame,Arauca,Orinoquía,True,False,Urbana,Acciones de los grupos armados al margen de la ley,Ataque a bienes civiles,Ataque a infraestructura y bienes civiles,True,eln,,0,"el eln estaria ejerciendo intimidacion y presion sobre comunidades de tame, arauca, como represalia contra habitantes que colaboran con la fuerza publica. el 17 de julio, integrantes de la organizacion habrian abandonado una volqueta cargada con explosivos cerca de una institucion educativa donde permanecian alrededor de 100 menores, en lo que fuentes de inteligencia calificaron como un mensaje de intimidacion a la poblacion",eln,Ataque a bienes civiles,Arauca,Tame,63,Ninguna,False,Tame - Arauca,{},Ninguno
20097,2026-07-16,ejercito nacional,Caucasia,Antioquia,Andina,True,False,,Acciones de la fuerza publica y otros servidores publicos,Mineria,Otra,False,"otro grupo armado ilegal, ejercito nacional", yeison leudo chaverra; clan del golfo,1,"el ejercito y la policia ubicaron cinco unidades productoras mineras ilegales en caucasia, antioquia, en el marco de una operacion contra la explotacion ilicita de yacimientos mineros. como resultado, fue capturada una persona y se encontro maquinaria utilizada para esta actividad. de acuerdo con la informacion aportada por inteligencia militar, estos recursos, presuntamente, servirian para el fortalecimiento de las rentas criminales y diferentes capacidades de la subestructura yeison leudo chaverra, del cartel del clan del golfo.","otro grupo armado ilegal, ejercito nacional",Mineria,Antioquia,Caucasia,76,Ninguna,False,Caucasia - Antioquia,{},Ninguno
20098,2026-07-16,ejercito nacional,Caucasia,Antioquia,Andina,True,False,,Acciones de la fuerza publica y otros servidores publicos,Captura,Otra,False,"otro grupo armado ilegal, ejercito nacional",yeison leudo chaverra; clan del golfo,0,"el ejercito y la policia ubicaron cinco unidades productoras mineras ilegales en caucasia, antioquia, en el marco de una operacion contra la explotacion ilicita de yacimientos mineros. como resultado, fue capturada una persona y se encontro maquinaria utilizada para esta actividad. de acuerdo con la informacion aportada por inteligencia militar, estos recursos, presuntamente, servirian para el fortalecimiento de las rentas criminales y diferentes capacidades de la subestructura yeison leudo chaverra, del cartel del clan del golfo","otro grupo armado ilegal, ejercito nacional",Captura,Antioquia,Caucasia,76,Ninguna,False,Caucasia - Antioquia,{},Ninguno
20120,2026-07-16,defensoria del pueblo,Cumaribo,Vichada,Orinoquía,False,True,Rural,Acciones de los grupos armados al margen de la ley,Masacre,Otra,True,"grupo armado ilegal no identificado, desconocido",,5,"en vichada, un ataque armado perpetrado por un grupo sin identificar durante la madrugada del 16 de julio contra el resguardo indigena saracure rio cada, en el municipio de cumaribo, dejo tres jovenes indigenas asesinados y una mujer de 45 anos herida. ademas, varias familias fueron desplazadas y algunas viviendas fueron incendiadas. la alerta temprana 017 de 2024 habia advertido riesgos de violaciones a derechos o infracciones al derecho internacional humanitario por el accionar de grupos armados ilegales en el territorio, entre los cuales se encuentra la segunda marquetalia, el eln, las disidencias de la linea de alias “ivan mordisco” (autodenominado emc) y el clan del golfo (autodenominado egc).","grupo armado ilegal no identificado, desconocido",Masacre,Vichada,Cumaribo,109,Ninguna,False,Cumaribo - Vichada,"{""Ambiental"": ""Negativo"", ""Humanitario"": ""Negativo""}","Ambiental, Humanitario"
20121,2026-07-16,defensoria del pueblo,Cumaribo,Vichada,Orinoquía,False,True,Rural,Acciones de los grupos armados al margen de la ley,Desplazamiento forzado,Otra,False,"grupo armado ilegal no identificado, desconocido",,4,"en vichada, un ataque armado perpetrado por un grupo sin identificar durante la madrugada del 16 de julio contra el resguardo indigena saracure rio cada, en el municipio de cumaribo, dejo tres jovenes indigenas asesinados y una mujer de 45 anos herida. ademas, varias familias fueron desplazadas y algunas viviendas fueron incendiadas. la alerta temprana 017 de 2024 habia advertido riesgos de violaciones a derechos o infracciones al derecho internacional humanitario por el accionar de grupos armados ilegales en el territorio, entre los cuales se encuentra la segunda marquetalia, el eln, las disidencias de la linea de alias “ivan mordisco” (autodenominado emc) y el clan del golfo (autodenominado egc).","grupo armado ilegal no identificado, desconocido",Desplazamiento forzado,Vichada,Cumaribo,109,Ninguna,False,Cumaribo - Vichada,"{""Ambiental"": ""Negativo"", ""Humanitario"": ""Negativo""}","Ambiental, Humanitario"
20122,2026-07-16,semana,Tibú,Norte De Santander,Andina,True,True,,Acciones de los grupos armados al margen de la ley,Acto de terrorismo,Ataque a infraestructura y bienes civiles,True,eln,,3,"el 16 de julio, un carro bomba exploto cerca de un batallon del ejercito en tibu, norte de santander. la segunda division del ejercito confirmo que se trato de una accion con artefactos explosivos y activo un plan de reaccion. en ese momento no se reportaban militares afectados, aunque habia informacion preliminar sobre un posible menor herido. la explosion produjo danos materiales en una estacion de servicio y edificaciones cercanas, incluyendo danos en techos y ventanas. la autoria no estaba confirmada oficialmente al momento de publicacion. semana senala que se especulaba con la participacion del eln, pero tambien advierte que en la zona operan otros grupos armados",eln,Acto de terrorismo,Norte De Santander,Tibú,107,Ninguna,False,Tibú - Norte De Santander,{},Ninguno
20086,2026-07-15,el heraldo,El Tambo,Cauca,Pacífico,True,True,Rural,Acciones de los grupos armados al margen de la ley,Liberacion,Otra,False,,,0,"zulandy mambuscay, comerciante y propietaria de un salon de belleza en el tambo, cauca, recupero su libertad despues de permanecer varios dias secuestrada. habia sido interceptada por hombres armados en el corregimiento de piagua, sobre la via entre popayan y el tambo. durante el secuestro, su pareja sentimental recibio un disparo cuando intento impedir que se la llevaran. la liberacion conto, segun la informacion recogida por el pais, con apoyo de la comunidad. familiares y periodistas locales senalaron que la mujer fue recuperada entre los sectores de versalles y pomorroso, en el corregimiento de san joaquin, despues de que los responsables huyeran ante la presion. sin embargo, las autoridades no confirmaron oficialmente las circunstancias de la liberacion. tampoco se habia establecido oficialmente que grupo armado o estructura criminal fue responsable del secuestro. la zona tiene presencia de grupos armados ilegales, pero la noticia no permite atribuir el hecho especificamente a una organizacion",no identificado,Liberacion,Cauca,El Tambo,152,Extorsión,True,El Tambo - Cauca,{},Ninguno
20087,2026-07-15,ejercito nacional,Jericó,Antioquia,Andina,False,False,Rural,Acciones de la fuerza publica y otros servidores publicos,Combate,Acciones de la fuerza publica,True,"otro grupo armado ilegal, ejercito nacional",edwin roman velasquez valle; clan del golfo,3,"en jerico, antioquia, tropas del batallon de infanteria liviana n.° 11 cacique nutibara, de la cuarta brigada, sostuvieron combates contra integrantes de la subestructura edwin roman velasquez valle, del cartel del clan del golfo, en la vereda palenque, municipio de jerico, en el suroeste antioqueno. como resultado de esta ofensiva sostenida, se registro la muerte en desarrollo de operaciones militares de dos presuntos integrantes de este grupo criminal. asimismo, se logro la incautacion de dos fusiles, mas de 400 cartuchos de diferentes calibres, siete proveedores, material de intendencia y explosivos. ","otro grupo armado ilegal, ejercito nacional",Combate,Antioquia,Jericó,90,Ninguna,False,Jericó - Antioquia,{},Ninguno
20088,2026-07-15,ejercito nacional,Jericó,Antioquia,Andina,False,False,Rural,Acciones de la fuerza publica y otros servidores publicos,,,False,"otro grupo armado ilegal, ejercito nacional",edwin roman velasquez valle; clan del golfo,2,"en jerico, antioquia, tropas del batallon de infanteria liviana n.° 11 cacique nutibara, de la cuarta brigada, sostuvieron combates contra integrantes de la subestructura edwin roman velasquez valle, del cartel del clan del golfo, en la vereda palenque, municipio de jerico, en el suroeste antioqueno. como resultado de esta ofensiva sostenida, se registro la muerte en desarrollo de operaciones militares de dos presuntos integrantes de este grupo criminal. asimismo, se logro la incautacion de dos fusiles, mas de 400 cartuchos de diferentes calibres, siete proveedores, material de intendencia y explosivos. ","otro grupo armado ilegal, ejercito nacional",No especificado,Antioquia,Jericó,90,Ninguna,False,Jericó - Antioquia,{},Ninguno
20089,2026-07-15,el heraldo,Pedraza,Magdalena,Caribe,False,False,Rural,Acciones de la fuerza publica y otros servidores publicos,Captura,Otra,False,"otro grupo armado ilegal, ejercito nacional, policia nacional",sergio antonio carrascal gomez; clan del golfo,1,"en el corregimiento de hereda, del municipio de pedraza, en magdalena, fue capturado alias ""terry"", senalado cabecilla del clan del golfo en el magdalena, durante una operacion que ejecutaron unidades de la policia en asocio con tropas del ejercito nacional.junto a ‘terry’ fue detenido su escolta y ambos deberan responder por el delito de fabricacion, trafico, porte o tenencia de armas de fuego, accesorios, partes o municiones. les incautaron una pistola calibre 9 milimetros, un proveedor, 12 cartuchos, tres telefonos celulares y una motocicleta, elementos que quedaron a disposicion de la autoridad competente. de acuerdo con las investigaciones, alias terry seria el presunto jefe de zona de la subestructura sergio antonio carrascal gomez, con injerencia en los municipios de zapayan, pedraza y tenerife, donde presuntamente coordinaba homicidios selectivos y promovia acciones de intimidacion mediante la distribucion de panfletos.","otro grupo armado ilegal, ejercito nacional, policia nacional",Captura,Magdalena,Pedraza,138,Ninguna,False,Pedraza - Magdalena,{},Ninguno
20090,2026-07-15,el heraldo,Pedraza,Magdalena,Caribe,False,False,Rural,Acciones de la fuerza publica y otros servidores publicos,Incautacion,Otra,False,"otro grupo armado ilegal, ejercito nacional, policia nacional",sergio antonio carrascal gomez; clan del golfo,0,"en el corregimiento de hereda, del municipio de pedraza, en magdalena, fue capturado alias ""terry"", senalado cabecilla del clan del golfo en el magdalena, durante una operacion que ejecutaron unidades de la policia en asocio con tropas del ejercito nacional.junto a ‘terry’ fue detenido su escolta y ambos deberan responder por el delito de fabricacion, trafico, porte o tenencia de armas de fuego, accesorios, partes o municiones. les incautaron una pistola calibre 9 milimetros, un proveedor, 12 cartuchos, tres telefonos celulares y una motocicleta, elementos que quedaron a disposicion de la autoridad competente. de acuerdo con las investigaciones, alias terry seria el presunto jefe de zona de la subestructura sergio antonio carrascal gomez, con injerencia en los municipios de zapayan, pedraza y tenerife, donde presuntamente coordinaba homicidios selectivos y promovia acciones de intimidacion mediante la distribucion de panfletos.","otro grupo armado ilegal, ejercito nacional, policia nacional",Incautacion,Magdalena,Pedraza,138,Ninguna,False,Pedraza - Magdalena,{},Ninguno
20091,2026-07-15,el pais,Mercaderes,Cauca,Pacífico,True,False,Rural,Acciones de los grupos armados al margen de la ley,Enfrentamiento,Enfrentamientos,True,"eln, disidencias de las farc",,0,"en la zona rural del municipio de mercaderes, cauca, se registraron enfrentamientos armados entre integrantes del ejercito de liberacion nacional, eln; y las disidencias de las farc, combates que se extendieron por varias horas en inmediaciones del casco urbano y obligaron a la comunidad a resguardarse en sus viviendas y cerrar establecimientos comerciales. las confrontaciones comenzaron hacia el mediodia de este miercoles, cuando integrantes de ambas estructuras armadas ilegales se encontraron mientras se movilizaban por la zona rural, muy cerca de la cabecera municipal. videos grabados por habitantes y difundidos en redes sociales muestran a presuntos integrantes del eln utilizando las cunetas de una carretera como posiciones de combate desde donde disparan contra sus adversarios. en otras grabaciones tambien se observa el uso de drones adaptados para lanzar artefactos explosivos, una modalidad de ataque que ha sido utilizada con frecuencia por grupos armados ilegales en diferentes zonas del departamento del cauca. segun informo el ejercito nacional, las tropas desarrollan maniobras ofensivas para neutralizar las acciones de los grupos armados ilegales y evitar que la poblacion civil continue expuesta a los riesgos derivados de la confrontacion.","eln, disidencias de las farc",Enfrentamiento,Cauca,Mercaderes,185,Ninguna,False,Mercaderes - Cauca,"{""Agropecuario"": ""Negativo""}",Agropecuario
20092,2026-07-15,diario del huila,Puerto Asís,Putumayo,Amazonia,True,True,Urbana,Acciones de la fuerza publica y otros servidores publicos,Incautacion,Otra,False,"ejercito nacional, policia nacional, otro funcionario publico",,0,"en puerto asis, putumayo, un cargamento de 12,5 toneladas de marihuana fue incautado durante una operacion conjunta de las fuerzas militares, considerada uno de los golpes mas contundentes contra las redes del narcotrafico en esa region del pais. la droga era transportada de manera ilegal en un bote tipo bongo remolcador, que fue interceptado por las autoridades en el muelle la esmeralda. tras la incautacion, las fuerzas militares iniciaron las investigaciones para establecer la procedencia del cargamento, el destino que tendria la droga y las organizaciones criminales responsables de su transporte.","ejercito nacional, policia nacional, otro funcionario publico",Incautacion,Putumayo,Puerto Asís,91,Narcotráfico,False,Puerto Asís - Putumayo,{},Ninguno
20093,2026-07-15,caracol radio,El Tambo,Cauca,Pacífico,True,True,Rural,Acciones de los grupos armados al margen de la ley,Amenaza,Otra,False,disidencias de las farc,frente carlos patino; disidencias de las farc,0,"en el sector de el filo, entre el tambo y argelia, cauca, integrantes de las disidencias de las farc habrian obligado a habitantes de varias veredas a concentrarse con el proposito de promover una asonada contra tropas del ejercito que desarrollaban operaciones en la zona. la convocatoria habria sido ordenada por alias “gurrumino” y coordinada por alias “samuel” y “el gordo”, senalados integrantes de la estructura carlos patino. los habitantes que no acudieran habrian sido amenazados con multas economicas. las autoridades investigaban si la poblacion estaba siendo instrumentalizada mediante presion o amenazas para obstaculizar las operaciones militares. posteriormente, el 16 de julio, el ejercito confirmo la asonada: cerca de 1.000 personas habrian llegado al sector bajo presunto constrenimiento. cuatro personas resultaron heridas durante la confrontacion y cinco fueron capturadas para ser judicializadas. segun el ejercito, algunos participantes intentaron arrebatar armamento a los soldados y activar artefactos explosivos",disidencias de las farc,Amenaza,Cauca,El Tambo,147,Ninguna,False,El Tambo - Cauca,{},Ninguno
20095,2026-07-15,el tiempo ,Tuluá,Valle Del Cauca,Pacífico,False,False,Rural,Acciones de los grupos armados al margen de la ley,Ataque a personal militar/ ataque francotirador,Ataques contra la fuerza publica,True,otro grupo armado ilegal,frente 57 yair bermudez; estado mayor central,0,"la policia nacional informo un nuevo ataque contra la subestacion de la fuerza publica en el corregimiento de barragan, en zona rural del municipio de tulua, ubicado en el centro del valle del cauca. se realizaron disparos desde la zona de inmediaciones del parque principal hacia las instalaciones policiales, situacion que fue atendida de manera inmediata por los uniformados mediante la activacion del plan defensa, logrando repeler el ataque y recuperar el control de la situacion. el hecho sucedio en la tarde del 15 de julio y fue reportado por las autoridades durante la noche del mismo dia. se le atribuyeron los hechos al frente 57 yair bermudez, del frente adan izquierdo del emc. ",otro grupo armado ilegal,Ataque a personal militar/ ataque francotirador,Valle Del Cauca,Tuluá,114,Ninguna,False,Tuluá - Valle Del Cauca,"{""Agropecuario"": ""Negativo""}",Agropecuario
20096,2026-07-15,caracol radio,Mercaderes,Cauca,Pacífico,True,False,Rural,Acciones de los grupos armados al margen de la ley,Enfrentamiento,Enfrentamientos,True,"eln, grupo armado ilegal no identificado",,3,"en el sector de la y, entre los corregimientos san joaquin y cajamarca, municipio de mercaderes, se enfrentaron el eln y una estructura sin identificar, dejando a una persona muerta y dos mas heridas. segun la secretaria de gobierno, maribel perafan, los hechos se dieron por disputas por rutas del narcotrafico. en mercaderes, las autoridades municipales realizaron un consejo de seguridad con los estamentos departamentales, la fuerza publica y el ejercito nacional para coordinara acciones que permitan salvaguardar la integridad de la poblacion civil ante la persistencia de los choques belicos entre actores armados no estatales.","eln, grupo armado ilegal no identificado",Enfrentamiento,Cauca,Mercaderes,96,Ninguna,False,Mercaderes - Cauca,{},Ninguno
20074,2026-07-14,asuntos legales,El Carmen De Atrato,Chocó,Pacífico,False,False,,Acciones de la fuerza publica y otros servidores publicos,Rescate/liberacion de secuestrados,Otra,False,"eln, ejercito nacional, policia nacional",,4,"el 14 de julio, el ejercito nacional realizo una operacion para liberar a 39 civiles que habian sido retenidos ilegalmente por integrantes del eln en el sector de toldas, sobre la via que comunica a quibdo con el carmen de atrato, choco. los civiles se movilizaban en dos buses de transporte publico cuando fueron interceptados por hombres armados, quienes atravesaron los vehiculos en la via y bloquearon el transito. durante la operacion de las fuerzas militares y la policia se produjo un enfrentamiento armado, que dejo un militar muerto, otro herido y cinco uniformados afectados por aturdimiento tactico. finalmente, los 39 civiles fueron liberados. otra fuente del ejercito reporto que fueron 45 civiles liberados, entre ellos, dos bebes.","eln, ejercito nacional, policia nacional",Rescate/liberacion de secuestrados,Chocó,El Carmen De Atrato,118,Ninguna,False,El Carmen De Atrato - Chocó,{},Ninguno
20075,2026-07-14,asuntos legales,El Carmen De Atrato,Chocó,Pacífico,False,False,,Acciones de la fuerza publica y otros servidores publicos,Reten ilegal,Otra,False,"eln, ejercito nacional, policia nacional",,3,"el 14 de julio, el ejercito nacional realizo una operacion para liberar a 39 civiles que habian sido retenidos ilegalmente por integrantes del eln en el sector de toldas, sobre la via que comunica a quibdo con el carmen de atrato, choco. los civiles se movilizaban en dos buses de transporte publico cuando fueron interceptados por hombres armados, quienes atravesaron los vehiculos en la via y bloquearon el transito. durante la ejecucion del proceso, dos soldados del ejercito perdieron la vida.durante el desarrollo de la retencion, los vehiculos fueron atravesados en el corredor vial para bloquear el transito. en respuesta de las fuerzas de seguridad estatales orientada a neutralizar la situacion, se registro un enfrentamiento armado que dejo como saldo un uniformado fallecido y otro herido, ademas de cinco militares afectados por aturdimiento tactico que ya se encuentran estables.otra fuente del ejercito reporto que fueron 45 civiles liberados, entre ellos, dos bebes.","eln, ejercito nacional, policia nacional",Reten ilegal,Chocó,El Carmen De Atrato,152,Ninguna,False,El Carmen De Atrato - Chocó,{},Ninguno
20076,2026-07-14,asuntos legales,El Carmen De Atrato,Chocó,Pacífico,False,False,,Acciones de la fuerza publica y otros servidores publicos,Combate,Acciones de la fuerza publica,True,"eln, ejercito nacional, policia nacional",,3,"el 14 de julio, el ejercito nacional realizo una operacion para liberar a 39 civiles que habian sido retenidos ilegalmente por integrantes del eln en el sector de toldas, sobre la via que comunica a quibdo con el carmen de atrato, choco. los civiles se movilizaban en dos buses de transporte publico cuando fueron interceptados por hombres armados, quienes atravesaron los vehiculos en la via y bloquearon el transito. durante la ejecucion del proceso, dos soldados del ejercito perdieron la vida.durante el desarrollo de la retencion, los vehiculos fueron atravesados en el corredor vial para bloquear el transito. en respuesta de las fuerzas de seguridad estatales orientada a neutralizar la situacion, se registro un enfrentamiento armado que dejo como saldo un uniformado fallecido y otro herido, ademas de cinco militares afectados poraturdimiento tactico que ya se encuentran estables.otra fuente del ejercito reporto que fueron 45 civiles liberados, entre ellos, dos bebes.","eln, ejercito nacional, policia nacional",Combate,Chocó,El Carmen De Atrato,151,Ninguna,False,El Carmen De Atrato - Chocó,{},Ninguno
20077,2026-07-14,caracol radio,Pueblo Rico,Risaralda,Andina,False,False,,Acciones de la fuerza publica y otros servidores publicos,Combate,Acciones de la fuerza publica,True,"eln, ejercito nacional",,0,"el 14 de julio de 2026, tropas del batallon de artilleria de campana n.° 8 san mateo sostuvieron nuevos combates con presuntos integrantes del eln en el corredor vial entre pueblo rico y el corregimiento de santa cecilia, en risaralda. los enfrentamientos hacen parte de las operaciones militares desplegadas para impedir el ingreso y expansion del eln hacia el departamento, luego de varios hechos de violencia en la zona limitrofe con choco. ese mismo corredor fue escenario de un ataque, atribuido preliminarmente al eln, contra una comision de la policia que realizaba labores de patrullaje; no hubo uniformados heridos. las autoridades anunciaron el fortalecimiento de las operaciones militares y policiales y ofrecieron recompensas por informacion que permita identificar y capturar a integrantes del grupo. ","eln, ejercito nacional",Combate,Risaralda,Pueblo Rico,124,Ninguna,False,Pueblo Rico - Risaralda,{},Ninguno
20078,2026-07-14,el tiempo,Puerto Rondón,Arauca,Orinoquía,False,False,Rural,Acciones de la fuerza publica y otros servidores publicos,Incautacion,Otra,False,"eln, ejercito nacional",frente domingo lain sanz; eln,0,"en zona rural de puerto rondon, arauca, operaciones de inteligencia se anticiparon a movimientos del eln. la operacion permitio ubicar un arsenal que, de acuerdo con las autoridades militares, estaba preparado para ejecutar una serie de ataques contra unidades del ejercito, la policia e infraestructura considerada estrategica en el departamento. se atribuye al frente domingo lain sanz del eln. alli fueron encontrados 16 medios de lanzamiento acondicionados para su empleo y mas de 120 kilos de explosivos que, segun la inteligencia militar, ya estaban listos para ser utilizados en acciones terroristas.","eln, ejercito nacional",Incautacion,Arauca,Puerto Rondón,91,Ninguna,True,Puerto Rondón - Arauca,"{""Agropecuario"": ""Negativo""}",Agropecuario
20082,2026-07-14,semana,Tame,Arauca,Orinoquía,True,False,Rural,Acciones de los grupos armados al margen de la ley,Ataque a instalaciones de la fuerza publica,Ataques contra la fuerza publica,True,eln,,13,"el martes 14 de julio, en el corregimiento betoyes, de tame, arauca, se registro un atentado con explosivos a la estacion de policia, presuntamente a manos del eln. los hechos dejaron un civil y un uniformado muertos y 7 policias heridos. otros medios indican que hubo 10 heridos.",eln,Ataque a instalaciones de la fuerza publica,Arauca,Tame,48,Ninguna,False,Tame - Arauca,{},Ninguno
20083,2026-07-14,semana,Tame,Arauca,Orinoquía,True,False,Rural,Acciones de los grupos armados al margen de la ley,Activacion de artefacto explosivo,Ataque a infraestructura y bienes civiles,True,eln,,12,"el martes 14 de julio, en el corregimiento betoyes, de tame, arauca, se registro un atentado con explosivos a la estacion de policia, presuntamente a manos del eln. los hechos dejaron un civil y un uniformado muertos y 7 policias heridos. otros medios indican que hubo 10 heridos.",eln,Activacion de artefacto explosivo,Arauca,Tame,48,Ninguna,False,Tame - Arauca,{},Ninguno
20085,2026-07-14,caracol radio,Santiago De Cali,Valle Del Cauca,Pacífico,False,False,Urbana,Acciones de la fuerza publica y otros servidores publicos,Captura,Otra,False,"ejercito nacional, fuerza aerea, otro funcionario publico, disidencias de las farc",jaime martinez; disidencias de las farc,0,"en la comuna 5 de cali, valle del cauca, fue capturado alias ‘huevo rucio’, tambien conocido como ‘dilan’, tras una investigacion de tres meses adelantada por el bloque de busqueda de la policia junto a fuerza aeroespacial colombiana y la fiscalia. las autoridades lo senalan como cabecilla de redes de apoyo urbano y explosivista del frente ‘jaime martinez’, disidencia de las farc, bajo el mando de alias ivan mordisco. de acuerdo con la investigacion, el joven de 23 anos se ocultaba en cali trabajando en una empresa de manipulacion de alimentos. segun las autoridades, utilizaba esa actividad como fachada para realizar labores de inteligencia sobre instalaciones de la fuerza publica. su captura se produjo en inmediaciones de la escuela militar de aviacion marco fidel suarez. se le acusa del homicidio de 3 policias en morales, cauca en 2023, el ataque a la subestacion de policia de robles, jamundi en 2024 y el ataque contra la estacion de policia de corinto, cauca, entre otros. la investigacion tambien establecio que alias ‘huevo rucio’ tendria injerencia criminal en los corregimientos de ampudia, robles, san antonio, timba y villa colombia, en jamundi, asi como en zonas urbanas y rurales de cajibio y buenos aires, en el departamento del cauca.","ejercito nacional, fuerza aerea, otro funcionario publico, disidencias de las farc",Captura,Valle Del Cauca,Santiago De Cali,205,Ninguna,True,Santiago De Cali - Valle Del Cauca,{},Ninguno
20068,2026-07-13,la fm,Anserma,Caldas,Andina,False,False,Rural,Acciones de la fuerza publica y otros servidores publicos,Hostigamiento,Ataques contra la fuerza publica,True,"otro grupo armado ilegal, ejercito nacional, policia nacional",clan del golfo,0,"el 11 de julio, tropas del batallon de infanteria n.° 22 batalla de ayacucho, con apoyo de la policia, sostuvieron combates con presuntos integrantes del clan del golfo en la vereda la perla, zona rural de anserma, caldas. el enfrentamiento se produjo en el marco de una operacion derivada de labores de inteligencia militar y policial. tras los combates, las tropas realizaron registros en el sector. no se reportaron personas heridas ni fallecidas entre militares, civiles o integrantes del grupo armado. las autoridades senalaron que la participacion del clan del golfo era una hipotesis y que la organizacion responsable continuaba bajo investigacion.","otro grupo armado ilegal, ejercito nacional, policia nacional",Hostigamiento,Caldas,Anserma,102,Ninguna,False,Anserma - Caldas,"{""Agropecuario"": ""Negativo""}",Agropecuario
20072,2026-07-13,radio 1040 am,Toribío,Cauca,Pacífico,True,False,Rural,Acciones de los grupos armados al margen de la ley,Ataque a instalaciones de la fuerza publica,Ataques contra la fuerza publica,True,otro grupo armado ilegal,frente dagoberto ramos; estado mayor central,0,"el 13 de julio de 2026, la base del batallon del ejercito nacional ubicada en el sector de la estrella, zona rural de toribio, cauca, fue atacada con un artefacto explosivo improvisado (aei) lanzado desde un dron. segun el reporte preliminar citado por el medio, el ataque habria sido atribuido al frente dagoberto ramos del emc y tenia como objetivo afectar a las tropas. no se reportaron militares heridos ni danos materiales de consideracion. tras el ataque, el ejercito activo su plan de defensa perimetral y desplego acciones para neutralizar la amenaza.",otro grupo armado ilegal,Ataque a instalaciones de la fuerza publica,Cauca,Toribío,92,Ninguna,False,Toribío - Cauca,"{""Agropecuario"": ""Negativo""}",Agropecuario
20073,2026-07-13,caracol radio,San José De Cúcuta,Norte De Santander,Andina,False,False,Urbana,Acciones de la fuerza publica y otros servidores publicos,Captura,Otra,False,"policia nacional, otro funcionario publico, disidencias de las farc",frente martin caballero; disidencias de las farc,0,"en cucuta, norte de santander, durante una operacion de la policia nacional a traves de unidades de policia judicial en coordinacion con la fiscalia general de la nacion fue capturado en cucuta alias “aldemar rios’. segun la investigacion, utilizaba una fachada de comerciante para evadir la accion de las autoridades y, ademas, habria sido jefe de una estructura urbana en la ciudad de barranquilla, hace varios anos atras. ","policia nacional, otro funcionario publico, disidencias de las farc",Captura,Norte De Santander,San José De Cúcuta,68,Ninguna,True,San José De Cúcuta - Norte De Santander,{},Ninguno
20079,2026-07-13,caracol radio,Briceño,Antioquia,Andina,True,True,Rural,Acciones de los grupos armados al margen de la ley,Enfrentamiento,Enfrentamientos,True,"otro grupo armado ilegal, disidencias de las farc","frente 36; disidencias de las farc, clan del golfo",3,"en zona rural del corregimiento las auras, de briceno, antioquia, los grupos ilegales clan del golfo y las disidencias del frente 36 se enfrentaron en zona rural del corregimiento de las auras, ubicado a una media hora de la cabecera municipal. relataron que en esa zona se enfrentaron con explosivos lanzados desde drones y que uno de esos cayo en pleno caserio, en el parque principal, en un negocio comercial conocido como caseta. segun la informacion de la comunidad, el dueno del lugar quedo herido de gravedad por el artefacto. la situacion genero bastante temor entre los habitantes, ya que escucharon alrededor de ocho explosiones, 30 familias de campesinos compuestas por unas 90 personas se desplazaron del caserio hacia el area urbana, donde la alcaldia preparo un albergue temporal en una institucion educativa para brindarles apoyo mientras se adelanta el censo y se disponen las ayudas correspondientes. ","otro grupo armado ilegal, disidencias de las farc",Enfrentamiento,Antioquia,Briceño,147,Ninguna,True,Briceño - Antioquia,"{""Agropecuario"": ""Negativo"", ""Humanitario"": ""Negativo""}","Agropecuario, Humanitario"
20080,2026-07-13,caracol radio,Briceño,Antioquia,Andina,True,True,Rural,Acciones de los grupos armados al margen de la ley,Activacion de artefacto explosivo,Ataque a infraestructura y bienes civiles,True,"otro grupo armado ilegal, disidencias de las farc","frente 36; disidencias de las farc, clan del golfo",3,"en zona rural del corregimiento las auras, de briceno, antioquia, los grupos ilegales clan del golfo y las disidencias del frente 36 se enfrentaron en zona rural del corregimiento de las auras, ubicado a una media hora de la cabecera municipal. relataron que en esa zona se enfrentaron con explosivos lanzados desde drones y que uno de esos cayo en pleno caserio, en el parque principal, en un negocio comercial conocido como caseta. segun la informacion de la comunidad, el dueno del lugar quedo herido de gravedad por el artefacto. la situacion genero bastante temor entre los habitantes, ya que escucharon alrededor de ocho explosiones, 30 familias de campesinos compuestas por unas 90 personas se desplazaron del caserio hacia el area urbana, donde la alcaldia preparo un albergue temporal en una institucion educativa para brindarles apoyo mientras se adelanta el censo y se disponen las ayudas correspondientes. ","otro grupo armado ilegal, disidencias de las farc",Activacion de artefacto explosivo,Antioquia,Briceño,147,Ninguna,True,Briceño - Antioquia,"{""Agropecuario"": ""Negativo"", ""Humanitario"": ""Negativo""}","Agropecuario, Humanitario"
20081,2026-07-13,caracol radio,Briceño,Antioquia,Andina,True,True,Rural,Acciones de los grupos armados al margen de la ley,Desplazamiento forzado,Otra,False,"otro grupo armado ilegal, disidencias de las farc","frente 36; disidencias de las farc, clan del golfo",3,"en zona rural del corregimiento las auras, de briceno, antioquia, los grupos ilegales clan del golfo y las disidencias del frente 36 se enfrentaron en zona rural del corregimiento de las auras, ubicado a una media hora de la cabecera municipal. relataron que en esa zona se enfrentaron con explosivos lanzados desde drones y que uno de esos cayo en pleno caserio, en el parque principal, en un negocio comercial conocido como caseta. segun la informacion de la comunidad, el dueno del lugar quedo herido de gravedad por el artefacto. la situacion genero bastante temor entre los habitantes, ya que escucharon alrededor de ocho explosiones, 30 familias de campesinos compuestas por unas 90 personas se desplazaron del caserio hacia el area urbana, donde la alcaldia preparo un albergue temporal en una institucion educativa para brindarles apoyo mientras se adelanta el censo y se disponen las ayudas correspondientes. ","otro grupo armado ilegal, disidencias de las farc",Desplazamiento forzado,Antioquia,Briceño,147,Ninguna,True,Briceño - Antioquia,"{""Agropecuario"": ""Negativo"", ""Humanitario"": ""Negativo""}","Agropecuario, Humanitario"
20063,2026-07-12,el pais,Rosas,Cauca,Pacífico,False,True,Rural,Acciones de la fuerza publica y otros servidores publicos,Secuestro,Otra,False,,,0,"el ejercito nacional frustro un intento de secuestro de cinco personas que se movilizaban por la via panamericana, en el tramo entre popayan y el bordo (el patia), cauca. la operacion se produjo en medio de las denuncias sobre la instalacion de retenes ilegales en distintos puntos de este corredor vial. las tropas intervinieron para impedir que los civiles fueran retenidos por hombres armados",no identificado,Secuestro,Cauca,Rosas,64,Extorsión,False,Rosas - Cauca,{},Ninguno
20069,2026-07-12,semana,Almaguer,Cauca,Pacífico,False,False,,Acciones de los grupos armados al margen de la ley,Masacre,Otra,True,grupo armado ilegal no identificado,,4,"el 12 de julio de 2026 fueron hallados tres cuerpos sin vida en distintos sectores del municipio de almaguer, cauca. dos de las victimas fueron encontradas cerca de la cabecera municipal y la tercera en el sector de la parada, sobre la via hacia bolivar. de acuerdo con la informacion preliminar, se trataria de tres hombres que presentaban multiples heridas de bala y, en algunos casos, signos de tortura. al momento de la publicacion, las victimas no habian sido identificadas y las autoridades investigaban las circunstancias y responsables del triple homicidio.",grupo armado ilegal no identificado,Masacre,Cauca,Almaguer,91,Ninguna,False,Almaguer - Cauca,{},Ninguno
20070,2026-07-12,semana,Almaguer,Cauca,Pacífico,False,False,,Acciones de los grupos armados al margen de la ley,Tortura,Otra,False,grupo armado ilegal no identificado,,4,"el 12 de julio de 2026 fueron hallados tres cuerpos sin vida en distintos sectores del municipio de almaguer, cauca. dos de las victimas fueron encontradas cerca de la cabecera municipal y la tercera en el sector de la parada, sobre la via hacia bolivar. de acuerdo con la informacion preliminar, se trataria de tres hombres que presentaban multiples heridas de bala y, en algunos casos, signos de tortura. al momento de la publicacion, las victimas no habian sido identificadas y las autoridades investigaban las circunstancias y responsables del triple homicidi",grupo armado ilegal no identificado,Tortura,Cauca,Almaguer,91,Ninguna,False,Almaguer - Cauca,{},Ninguno
20056,2026-07-11,caracol radio,Amalfi,Antioquia,Andina,True,False,Rural,Acciones de la fuerza publica y otros servidores publicos,Bombardeo,Acciones de la fuerza publica,True,"ejercito nacional, fuerza aerea",jorge ivan arboleda garces; clan del golfo,2,"el ejercito nacional y la fuerza aeroespacial colombiana realizaron un bombardeo contra la estructura roberto vargas gutierrez, subestructura jorge ivan arboleda garces, del clan del golfo, en zona rural de amalfi, antioquia. de acuerdo con el reporte preliminar, dos presuntos integrantes del grupo armado murieron durante la operacion. las autoridades continuaban verificando en terreno la identidad de los fallecidos y si entre ellos habia cabecillas o integrantes relevantes de la estructura","ejercito nacional, fuerza aerea",Bombardeo,Antioquia,Amalfi,71,Ninguna,False,Amalfi - Antioquia,"{""Agropecuario"": ""Negativo""}",Agropecuario
20057,2026-07-11,el heraldo,Arenal,Bolívar,Caribe,True,False,Urbana,Acciones de los grupos armados al margen de la ley,Ataque a instalaciones de la fuerza publica,Ataques contra la fuerza publica,True,eln,,3,"el 10 de julio, hombres armados atacaron con drones cargados con explosivos la estacion de policia de arenal del sur, en el municipio de san estanislao de kostka, bolivar. el ataque tambien estuvo acompanado de disparos con armas de fuego y dejo tres policias heridos, uno de ellos de gravedad. la estacion sufrio danos que llevaron a su destruccion total. las autoridades senalaron preliminarmente al eln como posible responsable, aunque la investigacion continuaba para establecer la autoria.",eln,Ataque a instalaciones de la fuerza publica,Bolívar,Arenal,77,Ninguna,False,Arenal - Bolívar,{},Ninguno
20058,2026-07-11,el heraldo,Arenal,Bolívar,Caribe,True,False,Urbana,Acciones de los grupos armados al margen de la ley,Activacion de artefacto explosivo,Ataque a infraestructura y bienes civiles,True,eln,,3,"el 10 de julio, hombres armados atacaron con drones cargados con explosivos la estacion de policia de arenal del sur, en el municipio de san estanislao de kostka, bolivar. el ataque tambien estuvo acompanado de disparos con armas de fuego y dejo tres policias heridos, uno de ellos de gravedad. la estacion sufrio danos que llevaron a su destruccion total. las autoridades senalaron preliminarmente al eln como posible responsable, aunque la investigacion continuaba para establecer la autoria",eln,Activacion de artefacto explosivo,Bolívar,Arenal,77,Ninguna,False,Arenal - Bolívar,{},Ninguno
20062,2026-07-11,semana,Santa Marta,Magdalena,Caribe,True,False,Urbana,Acciones de la fuerza publica y otros servidores publicos,Captura,Otra,False,"otro grupo armado ilegal, ejercito nacional",autodefensas conquistadoras de la sierra nevada,0,"la dijin de la policia, con apoyo de la dea de estados unidos, capturo en santa marta a seis personas senaladas de integrar una red dedicada al trafico internacional de cocaina y vinculada estrategicamente con las autodefensas conquistadoras de la sierra nevada (acsn). segun la investigacion, la organizacion utilizaba el aeropuerto internacional simon bolivar de santa marta para contaminar aeronaves privadas con cocaina y contaba con apoyo logistico y de seguridad de las acsn. entre los senalados estan alias ‘barbas’, encargado de produccion y logistica, y alias ‘conde’, quien presuntamente facilitaba el ingreso de cocaina a aeronaves desde su posicion como supervisor de seguridad aeroportuaria. los seis capturados quedaron a disposicion de la fiscalia mientras avanzan los tramites de extradicion a estados unidos.","otro grupo armado ilegal, ejercito nacional",Captura,Magdalena,Santa Marta,123,Narcotráfico,False,Santa Marta - Magdalena,{},Ninguno
20064,2026-07-11,el pais,El Tambo,Cauca,Pacífico,True,True,Rural,Acciones de los grupos armados al margen de la ley,Secuestro,Otra,False,grupo armado ilegal no identificado,,1,"una mujer identificada como zulandy mambuscay fue secuestrada durante la noche del 11 de julio en el sector de piagua, zona rural de el tambo, cauca, sobre la via que comunica con popayan. varios hombres armados interceptaron la camioneta en la que se movilizaba, la obligaron a subir a un vehiculo kia gris y huyeron en direccion a la yunga, en jurisdiccion de popayan. durante el hecho, una persona que acompanaba a la victima resulto herida por un disparo. la fuerza publica desplego operativos de busqueda para ubicar a la mujer e identificar a los responsables. hasta el momento de la publicacion no habia confirmacion oficial sobre el grupo responsable; la zona registra presencia de disidencias de las farc y eln.",grupo armado ilegal no identificado,Secuestro,Cauca,El Tambo,121,Ninguna,False,El Tambo - Cauca,"{""Agropecuario"": ""Negativo""}",Agropecuario
20065,2026-07-11,la fm,Amalfi,Antioquia,Andina,True,False,,Acciones de la fuerza publica y otros servidores publicos,Desmantelamiento de campamentos,Otra,False,"otro grupo armado ilegal, ejercito nacional",clan del golfo,3,"el ejercito nacional realizo bombardeos contra estructuras del clan del golfo en zona rural de amalfi, antioquia, en el marco de la operacion especial n.° 12 “justiciero”. segun el reporte preliminar, dos presuntos integrantes de la organizacion murieron. tras los bombardeos, las tropas localizaron y destruyeron dos campamentos, compuestos por ocho cambuches, e incautaron plantas electricas, radios de comunicacion, una antena vhf, un explosivo artesanal y material de intendencia. las autoridades senalaron que las operaciones continuan en el nordeste antioqueno.","otro grupo armado ilegal, ejercito nacional",Desmantelamiento de campamentos,Antioquia,Amalfi,80,Ninguna,False,Amalfi - Antioquia,"{""Agropecuario"": ""Negativo""}",Agropecuario
20066,2026-07-11,la fm,Amalfi,Antioquia,Andina,True,False,,Acciones de la fuerza publica y otros servidores publicos,Incautacion,Otra,False,"otro grupo armado ilegal, ejercito nacional",clan del golfo,2,"el ejercito nacional realizo bombardeos contra estructuras del clan del golfo en zona rural de amalfi, antioquia, en el marco de la operacion especial n.° 12 “justiciero”. segun el reporte preliminar, dos presuntos integrantes de la organizacion murieron. tras los bombardeos, las tropas localizaron y destruyeron dos campamentos, compuestos por ocho cambuches, e incautaron plantas electricas, radios de comunicacion, una antena vhf, un explosivo artesanal y material de intendencia. las autoridades senalaron que las operaciones continuan en el nordeste antioqueno.","otro grupo armado ilegal, ejercito nacional",Incautacion,Antioquia,Amalfi,80,Ninguna,False,Amalfi - Antioquia,"{""Agropecuario"": ""Negativo""}",Agropecuario
20067,2026-07-11,el diario del otun,Pueblo Rico,Risaralda,Andina,False,False,,Acciones de los grupos armados al margen de la ley,Hostigamiento,Ataques contra la fuerza publica,True,grupo armado ilegal no identificado,,0,"el 11 de julio, hombres armados hostigaron una caravana de seguridad de la policia de risaralda cuando se movilizaba por el sector la bufalera, en la via entre santa cecilia y pueblo rico, risaralda. los atacantes utilizaron, al parecer, armas de largo alcance y los uniformados respondieron al fuego. posteriormente, el ejercito desplego unidades del batallon san mateo para reforzar la seguridad en la zona. no se registraron policias ni civiles heridos ni danos a bienes. las autoridades investigan el hecho y manejan como hipotesis la posible participacion de integrantes del frente manuel hernandez el boche del eln",grupo armado ilegal no identificado,Hostigamiento,Risaralda,Pueblo Rico,98,Ninguna,False,Pueblo Rico - Risaralda,{},Ninguno
19978,2026-07-10,ejercito nacional,Turbo,Antioquia,Andina,True,False,Rural,Acciones de la fuerza publica y otros servidores publicos,Incautacion,Otra,False,"otro grupo armado ilegal, ejercito nacional",fernando oquendo estrada; clan del golfo,1,"en una operacion militar en el corregimiento alto mulatos (turbo, antioquia), el ejercito y la dijin localizaron un deposito ilegal atribuido a la subestructura fernando oquendo estrada del clan del golfo, donde incautaron fusiles bushmaster calibre 5,56 milimetros, un fusil ak-47, cuatro pistolas calibre 9 milimetros, 22 proveedores para armas largas y cortas, mas de 200 cartuchos de diferentes calibres, tres equipos de campana, tres chalecos multiproposito, un radio de comunicaciones y un brazalete de identificacion. ademas, neutralizaron y destruyeron de forma controlada 30 minas antipersonal.","otro grupo armado ilegal, ejercito nacional",Incautacion,Antioquia,Turbo,86,Ninguna,False,Turbo - Antioquia,{},Ninguno
19979,2026-07-10,ejercito nacional,Turbo,Antioquia,Andina,True,False,Rural,Acciones de la fuerza publica y otros servidores publicos,Desactivacion de artefactos explosivos,Otra,False,"otro grupo armado ilegal, ejercito nacional",fernando oquendo estrada; clan del golfo,0,"en una operacion militar en el corregimiento alto mulatos (turbo, antioquia), el ejercito y la dijin localizaron un deposito ilegal atribuido a la subestructura fernando oquendo estrada del clan del golfo, donde incautaron fusiles bushmaster calibre 5,56 milimetros, un fusil ak-47, cuatro pistolas calibre 9 milimetros, 22 proveedores para armas largas y cortas, mas de 200 cartuchos de diferentes calibres, tres equipos de campana, tres chalecos multiproposito, un radio de comunicaciones y un brazalete de identificacion. ademas, neutralizaron y destruyeron de forma controlada 30 minas antipersonal.","otro grupo armado ilegal, ejercito nacional",Desactivacion de artefactos explosivos,Antioquia,Turbo,86,Ninguna,False,Turbo - Antioquia,{},Ninguno
19992,2026-07-10,ejercito nacional,Puerto Triunfo,Antioquia,Andina,False,False,Rural,Acciones de la fuerza publica y otros servidores publicos,Mineria,Otra,False,"otro grupo armado ilegal, ejercito nacional",clan del golfo,0,"en el corregimiento de puerto perales, del municipio de puerto triunfo, en antioquia, tropas de la decima cuarta brigada, con apoyo de la brigada contra la mineria ilegal y con el acompanamiento judicial de la policia nacional y la fiscalia general de la nacion, llevaron a cabo una ofensiva contra la extraccion ilicita de yacimientos mineros. durante la operacion fueron intervenidas cuatro unidades de produccion minera a cielo abierto, asi como tambien se realizo la inutilizacion controlada de cuatro clasificadoras, diez motobombas, una planta electrica y cerca de 300 metros de manguera utilizados para el desarrollo de esta actividad ilegal. se estima que estos elementos tendrian un valor superior a los 68 millones de pesos.","otro grupo armado ilegal, ejercito nacional",Mineria,Antioquia,Puerto Triunfo,115,Minería,False,Puerto Triunfo - Antioquia,"{""Minero"": ""Positivo""}",Minero
20048,2026-07-10,ejercito nacional,Santo Domingo,Antioquia,Andina,False,False,Urbana,Acciones de la fuerza publica y otros servidores publicos,Captura,Otra,False,"policia, ejercito, otro grupo armado ilegal",clan del golfo,1,"en santo domingo, antioquia, en desarrollo de operaciones militares orientadas a debilitar las fuentes de financiacion de los grupos armados organizados, tropas de la decima cuarta brigada, en coordinacion con la policia nacional, lograron la captura en flagrancia de 3 personas mediante diligencias de allanamiento y registro, realizadas en el casco urbano de este municipio. de acuerdo con las investigaciones preliminares, los capturados presuntamente harian parte del grupo armado organizado, gao, clan del golfo. durante la accion, los efectivos incautaron una pistola, 2 armas traumaticas, 3 telefonos celulares, dinero en efectivo, un cuaderno con registros contables, mas de 600 gramos de sustancias alucinogenas que se asemejan a bazuco y marihuana, asi como 600 bolsas plasticas de sello hermetico vacias, que presuntamente serian utilizadas para el empaque y distribucion de dosis destinadas al expendio ilegal. entre los detenidos se encontraria un sujeto conocido con el alias de el grillo, quien al parecer se desempenaba como coordinador logistico y financiero de esta estructura criminal en el municipio.","policia, ejercito, otro grupo armado ilegal",Captura,Antioquia,Santo Domingo,165,Narcotráfico,False,Santo Domingo - Antioquia,"{""Financiero"": ""Positivo""}",Financiero
20049,2026-07-10,ejercito nacional,Santo Domingo,Antioquia,Andina,False,False,Urbana,Acciones de la fuerza publica y otros servidores publicos,Incautacion,Otra,False,"policia, ejercito, otro grupo armado ilegal",clan del golfo,0,"en santo domingo, antioquia, en desarrollo de operaciones militares orientadas a debilitar las fuentes de financiacion de los grupos armados organizados, tropas de la decima cuarta brigada, en coordinacion con la policia nacional, lograron la captura en flagrancia de 3 personas mediante diligencias de allanamiento y registro, realizadas en el casco urbano de este municipio. de acuerdo con las investigaciones preliminares, los capturados presuntamente harian parte del grupo armado organizado, gao, clan del golfo. durante la accion, los efectivos incautaron una pistola, 2 armas traumaticas, 3 telefonos celulares, dinero en efectivo, un cuaderno con registros contables, mas de 600 gramos de sustancias alucinogenas que se asemejan a bazuco y marihuana, asi como 600 bolsas plasticas de sello hermetico vacias, que presuntamente serian utilizadas para el empaque y distribucion de dosis destinadas al expendio ilegal. entre los detenidos se encontraria un sujeto conocido con el alias de el grillo, quien al parecer se desempenaba como coordinador logistico y financiero de esta estructura criminal en el municipio.","policia, ejercito, otro grupo armado ilegal",Incautacion,Antioquia,Santo Domingo,165,Narcotráfico,False,Santo Domingo - Antioquia,"{""Financiero"": ""Positivo""}",Financiero
20050,2026-07-10,ejercito nacional,Sincelejo,Sucre,Caribe,False,False,Urbana,Acciones de la fuerza publica y otros servidores publicos,Captura,Otra,False,"ejercito, otro funcionario publico, otro grupo armado ilegal",manuel jose gaitan; clan del golfo,1,"en el casco urbano de sincelejo, sucre, tropas del batallon de infanteria liviana n.° 33 junin, unidad adscrita a la decima primera brigada del ejercito nacional, en articulacion con el gaula militar de la armada de colombia y el cti de la fiscalia general de la nacion, lograron recientemente la captura en flagrancia de un presunto miembro del cartel del clan del golfo por el delito de fabricacion, trafico, porte o tenencia de armas de fuego, accesorios, partes o municiones. la operacion se llevo a cabo mediante diligencias de allanamiento y registro en el casco urbano de la ciudad de sincelejo, sucre. el hombre, a quien se le conoce como alias topo, tenia en su poder un revolver calibre 32 mm, proveedores, mas de 60 cartuchos de diferentes calibres, 1459 gramos de cocaina y sus derivados, y 12 cajetillas de cigarrillos. segun las investigaciones, este sujeto seria el principal responsable de la coordinacion logistica del componente criminal focalizado de la subestructura manuel jose gaitan, de esta organizacion ilegal.","ejercito, otro funcionario publico, otro grupo armado ilegal",Captura,Sucre,Sincelejo,168,Narcotráfico,False,Sincelejo - Sucre,{},Ninguno
20051,2026-07-10,ejercito nacional,Sincelejo,Sucre,Caribe,False,False,Urbana,Acciones de la fuerza publica y otros servidores publicos,Incautacion,Otra,False,"otro grupo armado ilegal, ejercito nacional, otro funcionario publico",manuel jose gaitan; clan del golfo,0,"en el casco urbano de sincelejo, sucre, tropas del batallon de infanteria liviana n.° 33 junin, unidad adscrita a la decima primera brigada del ejercito nacional, en articulacion con el gaula militar de la armada de colombia y el cti de la fiscalia general de la nacion, lograron recientemente la captura en flagrancia de un presunto miembro del cartel del clan del golfo por el delito de fabricacion, trafico, porte o tenencia de armas de fuego, accesorios, partes o municiones. la operacion se llevo a cabo mediante diligencias de allanamiento y registro en el casco urbano de la ciudad de sincelejo, sucre. el hombre, a quien se le conoce como alias topo, tenia en su poder un revolver calibre 32 mm, proveedores, mas de 60 cartuchos de diferentes calibres, 1459 gramos de cocaina y sus derivados, y 12 cajetillas de cigarrillos. segun las investigaciones, este sujeto seria el principal responsable de la coordinacion logistica del componente criminal focalizado de la subestructura manuel jose gaitan, de esta organizacion ilegal.","otro grupo armado ilegal, ejercito nacional, otro funcionario publico",Incautacion,Sucre,Sincelejo,168,Narcotráfico,False,Sincelejo - Sucre,{},Ninguno
20054,2026-07-10,ejercito nacional,Sácama,Casanare,Orinoquía,False,False,Rural,Acciones de la fuerza publica y otros servidores publicos,Combate,Acciones de la fuerza publica,True,"eln, ejercito nacional",,1,"en zona rural del municipio de sacama, casanare, en medio de combates con el eln, el ejercito logro la incautacion de abundante material explosivo perteneciente a esta estructura armada ilegal.durante el registro del area, los soldados hallaron material de guerra que habria sido empleado por los integrantes de esta organizacion armada para el desarrollo de acciones criminales en el norte del departamento, afectando de manera significativa sus capacidades operacionales y logisticas.","eln, ejercito nacional",Combate,Casanare,Sácama,71,Ninguna,False,Sácama - Casanare,"{""Agropecuario"": ""Negativo""}",Agropecuario
20055,2026-07-10,ejercito nacional,Sácama,Casanare,Orinoquía,False,False,Rural,Acciones de la fuerza publica y otros servidores publicos,Incautacion,Otra,False,"eln, ejercito nacional",,0,"en zona rural del municipio de sacama, casanare, en medio de combates con el eln, el ejercito logro la incautacion de abundante material explosivo perteneciente a esta estructura armada ilegal.durante el registro del area, los soldados hallaron material de guerra que habria sido empleado por los integrantes de esta organizacion armada para el desarrollo de acciones criminales en el norte del departamento, afectando de manera significativa sus capacidades operacionales y logisticas.","eln, ejercito nacional",Incautacion,Casanare,Sácama,71,Ninguna,False,Sácama - Casanare,"{""Agropecuario"": ""Negativo""}",Agropecuario
20059,2026-07-10,ejercito nacional,Natagaima,Tolima,Andina,False,False,Rural,Acciones de la fuerza publica y otros servidores publicos,Desmovilizacion/ entrega voluntaria,Otra,False,otro grupo armado ilegal,frente ismael ruiz; estado mayor central,0,"un cabecilla financiero y otros dos integrantes del gao-r frente ismael ruiz se entregaron voluntariamente a tropas del gaula militar tolima, en el marco de operaciones militares desarrolladas en el sur del tolima, en limites con huila. segun el ejercito, la presion ejercida por las operaciones contra la extorsion y el secuestro llevo a los tres integrantes a entregar sus armas y acogerse al programa de desmovilizacion del gobierno. los tres quedaron bajo proteccion del grupo de atencion humanitaria al desmovilizado y apoyo al sometimiento individual a la justicia (gahd).",otro grupo armado ilegal,Desmovilizacion/ entrega voluntaria,Tolima,Natagaima,90,Extorsión,False,Natagaima - Tolima,{},Ninguno
20018,2026-07-09,caracol radio,Lorica,Córdoba,Caribe,False,False,Rural,Acciones de la fuerza publica y otros servidores publicos,Captura,Otra,False,otro grupo armado ilegal,yepes cantero; clan del golfo,0,"en zona metropolitana de monteria, se confirmo la captura de alias ‘tio’ o ‘joaquin’, senalado de delinquir en 15 de los 30 municipios, por delitos como concierto para delinquir con fines de homicidio, fabricacion, trafico o porte de estupefacientes y extorsion. es el presunto encargado de controlar las finanzas criminales producto de la extorsion, multas y el control al expendio de estupefacientes en mas de 15 municipios de cordoba. el uniformado detallo que alias ‘tio’ tendria una trayectoria de mas de 20 anos en la subestructura yepes cantero del clan del golfo. la captura se habria registrado en el corregimiento palo de agua, en el municipio de lorica.",otro grupo armado ilegal,Captura,Córdoba,Lorica,108,Extorsión,False,Lorica - Córdoba,{},Ninguno
20019,2026-07-09,caracol radio,Canalete,Córdoba,Caribe,False,False,,Acciones de la fuerza publica y otros servidores publicos,Captura,Otra,False,otro grupo armado ilegal,clan del golfo,0,"en canalete, cordoba, las autoridades de policia confirmaron la captura de alias ‘chori’, quien, al parecer, tendria injerencia delictiva en los municipios de canalete, los cordobas, puerto escondido, monitos y san bernardo del viento. la captura se registro por los delitos de concierto para delinquir con fines de extorsion, terrorismo, secuestro, homicidio, narcotrafico y secuestro extorsivo. de acuerdo con la investigacion, el capturado tendria una trayectoria criminal cercana a 15 anos, durante la cual habria desempenado funciones como cabecilla pseudopolitico y cabecilla de zona en la region costanera de cordoba y el uraba antioqueno. alias ‘chori’ seria el encargado de impartir ordenes a integrantes de esta estructura criminal para la comision de homicidios selectivos, extorsiones, constrenimientos a la comunidad y la custodia de presuntos centros clandestinos utilizados para el almacenamiento de estupefacientes. ",otro grupo armado ilegal,Captura,Córdoba,Canalete,132,Extorsión,False,Canalete - Córdoba,{},Ninguno
20020,2026-07-09,caracol radio,Lorica,Córdoba,Caribe,False,False,Urbana,Acciones de la fuerza publica y otros servidores publicos,Captura,Otra,False,,,0,"la fuerza publica capturo a cuatro presuntos integrantes del clan del golfo durante diligencias simultaneas de registro y allanamiento en tuchin, chinu, chima y sahagun (cordoba). los capturados serian senalados de integrar una estructura dedicada al cobro de extorsiones a comerciantes, transportadores, ganaderos y otros sectores productivos de la region. entre ellos estaria alias ‘el viejo’ o ‘carmelo’, senalado como cabecilla militar de zona y coordinador de actividades extorsivas en tuchin y chima. las autoridades estiman que la estructura obtendria alrededor de $350 millones mensuales mediante extorsiones.",no identificado,Captura,Córdoba,Lorica,87,Ninguna,False,Lorica - Córdoba,{},Ninguno
20044,2026-07-09,caracol radio,Mercaderes,Cauca,Pacífico,True,False,Rural,Acciones de los grupos armados al margen de la ley,Hurto,Otra,False,grupo armado ilegal no identificado,,0,"en la carretera entre remolinos y mojarras, del municipio de mercaderes, cauca, un vehiculo de la unp fue interceptado por hombres armados y hurtado. despojaron a sus tripulantes de sus pertenencias. la situacion mantiene las alarmas encendidas porque en el transcurso de una semana por lo menos tres vehiculos de la unidad nacional de proteccion resultaron hurtados por actores armados que operan en la region caucana. los funcionarios fueron despojados del vehiculo, dos pistolas, dos chalecos balisticos y tres telefonos celulares.",grupo armado ilegal no identificado,Hurto,Cauca,Mercaderes,81,Ninguna,False,Mercaderes - Cauca,"{""Humanitario"": ""Negativo""}",Humanitario
20045,2026-07-09,ejercito nacional,Paz De Ariporo,Casanare,Orinoquía,False,False,,Acciones de la fuerza publica y otros servidores publicos,Incautacion,Otra,False,"ejercito, policia, grupo armado ilegal no identificado",,0,"ejercito nacional y policia incautan 475 buzos militares que, al parecer, serian destinados a grupos armados organizados ilegales en casanare. lograron la incautacion de 475 buzos militares tipo hibrido en el terminal de transporte del municipio de paz de ariporo, casanare.de acuerdo con las primeras investigaciones, estas prendas habrian sido enviadas desde la ciudad de bogota y tendrian como destino el departamento de arauca.segun informacion militar, este material presuntamente estaria destinado a grupos armados organizados ilegales que delinquen en la zona limitrofe entre los departamentos de casanare y arauca.","ejercito, policia, grupo armado ilegal no identificado",Incautacion,Casanare,Paz De Ariporo,89,Ninguna,False,Paz De Ariporo - Casanare,{},Ninguno
20052,2026-07-09,caracol radio,Ibagué,Tolima,Andina,False,False,Rural,Presencia grupos armados ilegales,Solo presencia,Otra,False,otro grupo armado ilegal,clan del golfo,1,"la secretaria de seguridad del tolima alerto sobre la presencia de un grupo de entre 10 y 15 hombres en la zona rural de ibague, entre el corregimiento de san juan de la china y lisboa, anzoategui. la estructura se autodenominaria clan del golfo y estaria vinculada, segun las autoridades, con actividades de extorsion e intimidacion a las comunidades. la alerta surgio tras el homicidio de un hombre ocurrido el 22 de junio en una via rural de san juan de la china, cuyo cuerpo fue encontrado atado de pies y manos. las autoridades anunciaron una operacion contra la estructura y el fortalecimiento de la presencia militar mediante patrullajes, sobrevuelos con drones y campamentos del ejercito.",otro grupo armado ilegal,Solo presencia,Tolima,Ibagué,116,Extorsión,False,Ibagué - Tolima,"{""Agropecuario"": ""Negativo""}",Agropecuario
20053,2026-07-09,semana,Tibú,Norte De Santander,Andina,True,True,Urbana,Acciones de los grupos armados al margen de la ley,Acto de terrorismo,Ataque a infraestructura y bienes civiles,True,eln,,3,"un artefacto explosivo fue lanzado contra el area de oficinas administrativas del aeropuerto de tibu, norte de santander, causando una explosion que dejo tres integrantes del equipo de seguridad y vigilancia heridos. las victimas fueron trasladadas a un centro asistencial por lesiones ocasionadas por la onda expansiva. la aeronautica civil rechazo el atentado y senalo que las autoridades de seguridad evaluaban los danos materiales. se desconoce el responsable. de acuerdo con las autoridades, en fuentes como caracol radio le atribuyen la responsabilidad al eln.",eln,Acto de terrorismo,Norte De Santander,Tibú,84,Ninguna,False,Tibú - Norte De Santander,{},Ninguno
20035,2026-07-08,emisora ondas de ibague,Ataco,Tolima,Andina,True,False,Rural,Acciones de los grupos armados al margen de la ley,Reten ilegal,Otra,False,disidencias de las farc,,0,"la gobernadora del tolima, adriana magaly matiz, denuncio la instalacion de presuntos retenes ilegales y la realizacion de requisas por parte de integrantes de las disidencias de las farc a habitantes del sector de polecito, zona rural de ataco (tolima). tras la denuncia, el diputado departamental giovanny molina pidio acciones de las autoridades para proteger a las comunidades y evitar que los grupos armados continuen ejerciendo presion sobre la poblacion rural.",disidencias de las farc,Reten ilegal,Tolima,Ataco,71,Ninguna,False,Ataco - Tolima,"{""Agropecuario"": ""Negativo""}",Agropecuario
20039,2026-07-08,ejercito nacional,Uribia,La Guajira,Caribe,False,False,Rural,Acciones de la fuerza publica y otros servidores publicos,Combate,Acciones de la fuerza publica,True,grupo armado ilegal no identificado,,3,"en zona rural de uribia, la guajira, durante una operacion del ejercito, fueron incautados 2 fusiles, una pistola, 3 proveedores, municiones y 2 motocicletas, entre otros elementos que pretendian ser usados para cometer una accion criminal en la region. brigadas de la primera division sostuvieron combates contra presuntos integrantes de un grupo armado organizado. durante la operacion resultaron heridos dos presuntos integrantes de esta estructura criminal, quienes recibieron atencion inmediata por parte de los enfermeros de combate y, posteriormente, fueron trasladados a un centro asistencial para su valoracion medica, en estricto cumplimiento de los derechos humanos y las disposiciones del derecho internacional humanitario. tambien se logro la incautacion de 2 fusiles, una pistola, 3 proveedores, municion de diferentes calibres, 2 motocicletas y un chaleco antibalas, material que presuntamente seria empleado para el desarrollo de actividades delictivas.",grupo armado ilegal no identificado,Combate,La Guajira,Uribia,136,Ninguna,False,Uribia - La Guajira,"{""Agropecuario"": ""Negativo"", ""Humanitario"": ""Negativo""}","Agropecuario, Humanitario"
20040,2026-07-08,ejercito nacional,Uribia,La Guajira,Caribe,False,False,Rural,Acciones de la fuerza publica y otros servidores publicos,Incautacion,Otra,False,grupo armado ilegal no identificado,,2,"en zona rural de uribia, la guajira, durante una operacion del ejercito, fueron incautados 2 fusiles, una pistola, 3 proveedores, municiones y 2 motocicletas, entre otros elementos que pretendian ser usados para cometer una accion criminal en la region. brigadas de la primera division sostuvieron combates contra presuntos integrantes de un grupo armado organizado. durante la operacion resultaron heridos dos presuntos integrantes de esta estructura criminal, quienes recibieron atencion inmediata por parte de los enfermeros de combate y, posteriormente, fueron trasladados a un centro asistencial para su valoracion medica, en estricto cumplimiento de los derechos humanos y las disposiciones del derecho internacional humanitario. tambien se logro la incautacion de 2 fusiles, una pistola, 3 proveedores, municion de diferentes calibres, 2 motocicletas y un chaleco antibalas, material que presuntamente seria empleado para el desarrollo de actividades delictivas.",grupo armado ilegal no identificado,Incautacion,La Guajira,Uribia,136,Ninguna,False,Uribia - La Guajira,"{""Agropecuario"": ""Negativo"", ""Humanitario"": ""Negativo""}","Agropecuario, Humanitario"
20041,2026-07-08,caracol radio,Caldono,Cauca,Pacífico,True,False,,Acciones de los grupos armados al margen de la ley,Reclutamiento forzado o desvinculacion de menores de edad,Otra,False,grupo armado ilegal no identificado,,0,"el consejo regional indigena del cauca (cric) denuncio que 52 menores indigenas habrian sido reclutados por grupos armados ilegales en el cauca durante 2026, mientras que otros 27 menores permanecian desaparecidos de sus territorios ancestrales. los casos mas recientes se concentrarian en zonas rurales y territorios indigenas de caldono y morales. el cric senalo que algunos menores reclutados habrian muerto en combates y que otros habrian sido trasladados a otras regiones, como guaviare.",grupo armado ilegal no identificado,Reclutamiento forzado o desvinculacion de menores de edad,Cauca,Caldono,73,Ninguna,False,Caldono - Cauca,{},Ninguno
20042,2026-07-08,diario del cauca,San Andrés De Tumaco,Nariño,Pacífico,True,True,,Acciones de la fuerza publica y otros servidores publicos,Desactivacion de artefactos explosivos,Otra,False,"ejercito, disidencias de las farc",frente oliver sinisterra; disidencias de las farc,1,"las fuerzas militares reportaron un importante resultado operacional en el municipio de tumaco, narino, donde fue localizado y destruido un deposito clandestino con mas de 700 artefactos explosivos improvisados. la intervencion fue realizada por unidades de la fuerza de tarea hercules en la vereda la aduana, donde tambien fueron encontrados cilindros explosivos, pentolita y materiales destinados a la fabricacion de minas antipersonal. el arsenal perteneceria a la estructura oliver sinisterra, vinculada a las disidencias de las farc, y habria sido destinado para ejecutar acciones terroristas contra la poblacion, integrantes de la fuerza publica e infraestructura estrategica del estado.los explosivos fueron destruidos de forma controlada por personal especializado, evitando riesgos para los habitantes de la zona. ","ejercito, disidencias de las farc",Desactivacion de artefactos explosivos,Nariño,San Andrés De Tumaco,115,Ninguna,True,San Andrés De Tumaco - Nariño,{},Ninguno
20043,2026-07-08,el diario del cauca,San Andrés De Tumaco,Nariño,Pacífico,True,True,,Acciones de la fuerza publica y otros servidores publicos,Incautacion,Otra,False,"ejercito, disidencias de las farc",frente oliver sinisterra; disidencias de las farc,0,"las fuerzas militares reportaron un importante resultado operacional en el municipio de tumaco, narino, donde fue localizado y destruido un deposito clandestino con mas de 700 artefactos explosivos improvisados. la intervencion fue realizada por unidades de la fuerza de tarea hercules en la vereda la aduana, donde tambien fueron encontrados cilindros explosivos, pentolita y materiales destinados a la fabricacion de minas antipersonal. el arsenal perteneceria a la estructura oliver sinisterra, vinculada a las disidencias de las farc, y habria sido destinado para ejecutar acciones terroristas contra la poblacion, integrantes de la fuerza publica e infraestructura estrategica del estado.los explosivos fueron destruidos de forma controlada por personal especializado, evitando riesgos para los habitantes de la zona. ","ejercito, disidencias de las farc",Incautacion,Nariño,San Andrés De Tumaco,115,Ninguna,True,San Andrés De Tumaco - Nariño,{},Ninguno
20046,2026-07-08,el pais,Inzá,Cauca,Pacífico,False,False,,Acciones de los grupos armados al margen de la ley,Reten ilegal,Otra,False,grupo armado ilegal no identificado,,0,"hombres armados instalaron un reten ilegal en el sector de puente valencia, sobre la via que comunica a inza (cauca) con la plata (huila). los sujetos interceptaron varios vehiculos, realizaron grafitis en algunos automotores y hurtaron una camioneta perteneciente a la unidad nacional de proteccion (unp). la accion fue atribuida preliminarmente al eln, aunque las autoridades no habian confirmado oficialmente la autoria. el hecho genero alertas entre transportadores y habitantes por el riesgo para la movilidad en este corredor.",grupo armado ilegal no identificado,Reten ilegal,Cauca,Inzá,79,Ninguna,False,Inzá - Cauca,"{""Humanitario"": ""Negativo""}",Humanitario
20047,2026-07-08,el heraldo ,Barranquilla,Atlántico,Caribe,False,False,Urbana,Acciones de los grupos armados al margen de la ley,Homicidio,Otra,False,"otro grupo armado ilegal, delincuencia comun",clan del golfo,1,"en barranquilla, la policia metropolitana investiga el homicidio de carlos jose diaz buelvas, de 26 anos, registrado en la tarde de este miercoles 8 de julio en el barrio el ferry, en el suroriente de barranquilla. aunque por el momento no existe una hipotesis sobre el movil del homicidio, los investigadores analizan si el caso podria estar relacionado con la disputa territorial que sostienen en el sector el grupo delincuencial comun organizado ‘los papalopez’ y el ejercito gaitanista de colombia (egc) por el control de las rentas criminales.","otro grupo armado ilegal, delincuencia comun",Homicidio,Atlántico,Barranquilla,88,Ninguna,False,Barranquilla - Atlántico,{},Ninguno
20071,2026-07-08,caracol radio,Montecristo,Bolívar,Caribe,False,False,Rural,Acciones de la fuerza publica y otros servidores publicos,Combate,Acciones de la fuerza publica,True,"otro grupo armado ilegal, ejercito nacional",alexander ariza rosario; clan del golfo,1,"en la vereda los tomates del municipio de montecristo, en bolivar, alias ‘diamante’, senalado como segundo cabecilla de la subestructura manuel alexander ariza rosario del clan del golfo, murio durante combates con tropas del ejercito nacional registrados el 8 de julio en la vereda los tomates, zona rural del municipio. su muerte fue confirmada posteriormente por inteligencia militar. el ejercito lo senalaba de dinamizar confrontaciones con el eln y estructuras residuales, ademas de controlar corredores de movilidad entre bolivar y antioquia y zonas vinculadas a la explotacion aurifera","otro grupo armado ilegal, ejercito nacional",Combate,Bolívar,Montecristo,88,Ninguna,False,Montecristo - Bolívar,"{""Agropecuario"": ""Negativo""}",Agropecuario
20013,2026-07-07,caracol radio,Corinto,Cauca,Pacífico,True,False,,Acciones de la fuerza publica y otros servidores publicos,Captura,Otra,False,"ejercito, policia, disidencias de las farc",dagoberto ramos; disidencias de las farc,1,"en corinto, cauca, un presunto integrante de las disidencias de las farc fue capturado en el norte del departamento y es senalado por las autoridades de coordinar acciones armadas contra la fuerza publica y la poblacion civil.se trata de alias ‘nieto’, quien, segun la policia, haria parte de la estructura dagoberto ramos y tendria una trayectoria criminal de aproximadamente tres anos dentro de esta organizacion ilegal. la captura se realizo en el municipio durante un operativo conjunto entre la policia y el ejercito. el detenido seria el encargado de coordinar extorsiones, homicidios selectivos, actividades de observacion criminal y acciones ofensivas contra las autoridades en el norte del departamento. durante el procedimiento, las autoridades incautaron un fusil calibre 5.56 milimetros, una pistola pietro beretta calibre 9 milimetros, proveedores, municion de diferentes calibres y 410 gramos de clorhidrato de cocaina.","ejercito, policia, disidencias de las farc",Captura,Cauca,Corinto,138,Narcotráfico,False,Corinto - Cauca,{},Ninguno
20014,2026-07-07,caracol radio,Corinto,Cauca,Pacífico,True,False,,Acciones de la fuerza publica y otros servidores publicos,Incautacion,Otra,False,"ejercito, policia, disidencias de las farc",dagoberto ramos; disidencias de las farc,0,"en corinto, cauca, un presunto integrante de las disidencias de las farc fue capturado en el norte del departamento y es senalado por las autoridades de coordinar acciones armadas contra la fuerza publica y la poblacion civil.se trata de alias ‘nieto’, quien, segun la policia, haria parte de la estructura dagoberto ramos y tendria una trayectoria criminal de aproximadamente tres anos dentro de esta organizacion ilegal. la captura se realizo en el municipio durante un operativo conjunto entre la policia y el ejercito. el detenido seria el encargado de coordinar extorsiones, homicidios selectivos, actividades de observacion criminal y acciones ofensivas contra las autoridades en el norte del departamento. durante el procedimiento, las autoridades incautaron un fusil calibre 5.56 milimetros, una pistola pietro beretta calibre 9 milimetros, proveedores, municion de diferentes calibres y 410 gramos de clorhidrato de cocaina.","ejercito, policia, disidencias de las farc",Incautacion,Cauca,Corinto,138,Narcotráfico,False,Corinto - Cauca,{},Ninguno
20015,2026-07-07,ejercito nacional,Tadó,Chocó,Pacífico,False,False,Rural,Acciones de los grupos armados al margen de la ley,Bloqueo de vias,Otra,False,eln,,0,"en el sector el tapon, municipio de tado, choco, integrantes del eln atravesaron un carro tanque sobre la via con el proposito de impedir el transito de vehiculos y personas. tropas del ejercito verificaron el vehiculo ante la posible presencia de explosivos, lo retiraron del lugar y restablecieron la movilidad en la via.",eln,Bloqueo de vias,Chocó,Tadó,53,Ninguna,False,Tadó - Chocó,{},Ninguno
20016,2026-07-07,el heraldo,Uribia,La Guajira,Caribe,False,False,Rural,Acciones de la fuerza publica y otros servidores publicos,Incautacion,Otra,False,,,0,"durante la operacion realizada en el sector de wawali, municipio de uribia, en la guajira, mediante labores de vigilancia, reconocimiento e inteligencia, fue hallada una lancha de bajo perfil de aproximadamente 52 pies de eslora, equipada con cinco motores fuera de borda de 300 caballos de fuerza cada uno, asi como una embarcacion tipo go fast de 42 pies de eslora con cuatro motores de 300 caballos de fuerza. de acuerdo con las investigaciones preliminares, estas embarcaciones serian empleadas para el transporte de cargamentos de estupefacientes hacia rutas maritimas internacionales utilizadas por organizaciones de crimen transnacional. asi mismo, fueron incautados 131 cartuchos de diferentes calibres, cuatro radios de comunicacion, siete radios satelitales, dos antenas starlink, dos equipos gps, cuatro telefonos celulares y tres chalecos balisticos, elementos que presuntamente eran utilizados para apoyar las actividades logisticas, de coordinacion y comunicaciones de esta estructura narcotraficante.",no identificado,Incautacion,La Guajira,Uribia,143,Ninguna,False,Uribia - La Guajira,{},Ninguno
20031,2026-07-07,caracol radio,Alto Baudó,Chocó,Pacífico,False,False,,Acciones de la fuerza publica y otros servidores publicos,Desmovilizacion/ entrega voluntaria,Otra,False,otro grupo armado ilegal,leonidas de la rosa vasquez; clan del golfo,1,"en el municipio de alto baudo, en el departamento de choco, ocho integrantes de la subestructura baudo (leonidas de la rosa vasquez) del clan del golfo se sometieron de manera voluntaria a las autoridades. las tropas del gaula militar choco, pertenecientes a la decima quinta brigada del ejercito nacional y en coordinacion con la policia nacional, lograron este resultado en el marco del plan de campana ayacucho plus. junto con la entrega voluntaria, los integrantes del grupo criminal entregaron importante material de guerra: ocho fusiles (cuatro galil ar, dos ak-47, un fal 7.62 y un m4), 19 proveedores de diferentes calibres, 1.492 municiones, un radio base, dos radios tipo escuadra y abundante material de intendencia.",otro grupo armado ilegal,Desmovilizacion/ entrega voluntaria,Chocó,Alto Baudó,115,Ninguna,False,Alto Baudó - Chocó,{},Ninguno
20032,2026-07-07,caracol radio,Alto Baudó,Chocó,Pacífico,False,False,,Acciones de la fuerza publica y otros servidores publicos,Incautacion,Otra,False,otro grupo armado ilegal,leonidas de la rosa vasquez; clan del golfo,0,"en el municipio de alto baudo, en el departamento de choco, ocho integrantes de la subestructura baudo (leonidas de la rosa vasquez) del clan del golfo se sometieron de manera voluntaria a las autoridades. las tropas del gaula militar choco, pertenecientes a la decima quinta brigada del ejercito nacional y en coordinacion con la policia nacional, lograron este resultado en el marco del plan de campana ayacucho plus. junto con la entrega voluntaria, los integrantes del grupo criminal entregaron importante material de guerra: ocho fusiles (cuatro galil ar, dos ak-47, un fal 7.62 y un m4), 19 proveedores de diferentes calibres, 1.492 municiones, un radio base, dos radios tipo escuadra y abundante material de intendencia.",otro grupo armado ilegal,Incautacion,Chocó,Alto Baudó,115,Ninguna,False,Alto Baudó - Chocó,{},Ninguno
20033,2026-07-07,estrella digital,Dagua,Valle Del Cauca,Pacífico,False,True,Rural,Acciones de los grupos armados al margen de la ley,Reten ilegal,Otra,False,eln,,0,"en zonas rurales y vias terciarias de dagua se reporta la instalacion de retenes ilegales atribuidos al eln, en los que vehiculos y ocupantes serian detenidos e interrogados y, en algunos casos, estarian sujetos a amenazas o extorsiones. los hechos han generado temor y restricciones en los desplazamientos de la poblacion.",eln,Reten ilegal,Valle Del Cauca,Dagua,51,Ninguna,False,Dagua - Valle Del Cauca,{},Ninguno
20034,2026-07-07,estrella digital,Dagua,Valle Del Cauca,Pacífico,False,True,,Acciones de los grupos armados al margen de la ley,Homicidio,Otra,False,,,1,"un adulto mayor fue asesinado recientemente en dagua, en un hecho que es investigado por las autoridades y que, segun el contexto de presencia del eln, retenes ilegales y amenazas, habria incrementado la preocupacion de la poblacion frente a la presencia y accionar de grupos armados en el municipio.",no identificado,Homicidio,Valle Del Cauca,Dagua,49,Ninguna,False,Dagua - Valle Del Cauca,{},Ninguno
20036,2026-07-07,ejercito nacional,Mapiripán,Meta,Orinoquía,True,True,Rural,Acciones de la fuerza publica y otros servidores publicos,Captura,Otra,False,"otro grupo armado ilegal, ejercito nacional, policia nacional, otro funcionario publico",frente ivan merchan; segunda marquetalia,1,"en la vereda lomitas, del municipio de mapiripan, meta, en una operacion del gaula militar ariari, el cti de la fiscalia y la seccional de investigacion criminal de la policia, lograron la captura de tres presuntos integrantes del autodenominado frente ivan merchan, durante una diligencia de allanamiento. fueron incautadas armas de fuego, abundante municion, equipos de comunicacion, panfletos extorsivos y documentos que evidenciarian el accionar criminal de esta estructura ilegal. fueron capturados alias junior, senalado como presunto cabecilla financiero de la estructura; alias bairon, presunto cabecilla armado, y alias el costeno, presunto integrante del grupo armado organizado. en el procedimiento fueron incautadas una subametralladora tipo mini-uzi, una pistola calibre 9 milimetros, 155 cartuchos, un dron, una antena satelital, 4 equipos celulares, prendas de uso privativo de las fuerzas militares, 3 motocicletas, asi como panfletos extorsivos, sellos y agendas con informacion relacionada con cobros ilegales y la presunta nomina de la organizacion criminal.","otro grupo armado ilegal, ejercito nacional, policia nacional, otro funcionario publico",Captura,Meta,Mapiripán,152,Ninguna,False,Mapiripán - Meta,{},Ninguno
20037,2026-07-07,ejercito nacional,Mapiripán,Meta,Orinoquía,True,True,Rural,Acciones de la fuerza publica y otros servidores publicos,Incautacion,Otra,False,"otro grupo armado ilegal, ejercito nacional, policia nacional, otro funcionario publico",frente ivan merchan; segunda marquetalia,0,"en la vereda lomitas, del municipio de mapiripan, meta, en una operacion del gaula militar ariari, el cti de la fiscalia y la seccional de investigacion criminal de la policia, lograron la captura de tres presuntos integrantes del autodenominado frente ivan merchan, durante una diligencia de allanamiento. fueron incautadas armas de fuego, abundante municion, equipos de comunicacion, panfletos extorsivos y documentos que evidenciarian el accionar criminal de esta estructura ilegal. fueron capturados alias junior, senalado como presunto cabecilla financiero de la estructura; alias bairon, presunto cabecilla armado, y alias el costeno, presunto integrante del grupo armado organizado. en el procedimiento fueron incautadas una subametralladora tipo mini-uzi, una pistola calibre 9 milimetros, 155 cartuchos, un dron, una antena satelital, 4 equipos celulares, prendas de uso privativo de las fuerzas militares, 3 motocicletas, asi como panfletos extorsivos, sellos y agendas con informacion relacionada con cobros ilegales y la presunta nomina de la ","otro grupo armado ilegal, ejercito nacional, policia nacional, otro funcionario publico",Incautacion,Meta,Mapiripán,150,Ninguna,False,Mapiripán - Meta,{},Ninguno
20038,2026-07-07,el pais,Suárez,Cauca,Pacífico,True,False,Rural,Acciones de los grupos armados al margen de la ley,Hostigamiento,Ataques contra la fuerza publica,True,disidencias de las farc,frente jaime martinez; disidencias de las farc,1,"integrantes del frente jaime martinez de las disidencias de las farc hostigaron a tropas del ejercito que apoyaban a funcionarios de la fiscalia y la dijin en un operativo de captura contra un presunto cabecilla de la estructura, en suarez, cauca. el ataque genero un intercambio de disparos entre los uniformados y los integrantes del grupo armado, durante el cual un mototaxista de 63 anos resulto herido por un impacto de fusil. la comision judicial y los militares se replegaron hacia la estacion de policia de suarez.",disidencias de las farc,Hostigamiento,Cauca,Suárez,87,Ninguna,False,Suárez - Cauca,{},Ninguno
20012,2026-07-06,ejercito nacional,Remedios,Antioquia,Andina,True,False,Rural,Acciones de la fuerza publica y otros servidores publicos,Incautacion,Otra,False,disidencias de las farc,,0,"en remedios, antioquia, el ejercito encontro arsenal y explosivos que pertenecerian a las disidencias de las farc. el operativo se produjo en medio de la ofensiva militar que busca debilitar a los grupos armados ilegales que mantienen presencia en el nordeste antioqueno.durante un operativo desarrollado en el municipio de remedios, tropas del ejercito nacional localizaron un deposito clandestino que almacenaba material de guerra, equipos de comunicacion y elementos explosivos. el hallazgo se produjo en la vereda juan bran, un sector rural donde las fuerzas militares mantienen presencia permanente para contrarrestar las acciones de los grupos armados.",disidencias de las farc,Incautacion,Antioquia,Remedios,96,Ninguna,False,Remedios - Antioquia,"{""Agropecuario"": ""Negativo""}",Agropecuario
20027,2026-07-06,semana,Medio San Juan,Chocó,Pacífico,True,False,Rural,Acciones de los grupos armados al margen de la ley,Hostigamiento,Ataques contra la fuerza publica,True,eln,,1,"integrantes del eln hostigaron una base del ejercito ubicada en el corregimiento de noanama, municipio de medio san juan, choco.",eln,Hostigamiento,Chocó,Medio San Juan,20,Ninguna,False,Medio San Juan - Chocó,{},Ninguno
20028,2026-07-06,semana,Río Iró,Chocó,Pacífico,False,False,Rural,Acciones de los grupos armados al margen de la ley,Ataque a instalaciones de la fuerza publica,Ataques contra la fuerza publica,True,eln,,0,"integrantes del eln atacaron con drones la estacion de policia del corregimiento de santa rita, municipio de rio iro, choco. no se reportaron personas heridas.",eln,Ataque a instalaciones de la fuerza publica,Chocó,Río Iró,25,Ninguna,False,Río Iró - Chocó,"{""Ambiental"": ""Negativo""}",Ambiental
19996,2026-07-05,el tiempo,Corinto,Cauca,Pacífico,True,False,Rural,Acciones de los grupos armados al margen de la ley,Masacre,Otra,True,,,3,"en el norte del cauca, fueron hallados e identificados los restos de tres comerciantes que estaban desaparecidos y que habian salido del departamento del huila. la comunidad los encontro en zonas de los municipios de corinto y miranda. las victimas fueron identificadas como jhon bastos, de mas de 30 anos; jhon pedro rodriguez, de 38, y rodrigo rodriguez. dos de los cadaveres estaban en zona de el barranco, en corinto, y el tercero en miranda. de acuerdo con allegados, desaparecieron cuando se desplazaban por el norte del cauca, en la via panamericana.",no identificado,Masacre,Cauca,Corinto,92,Ninguna,False,Corinto - Cauca,{},Ninguno
19997,2026-07-05,el tiempo,Miranda,Cauca,Pacífico,True,True,Rural,Acciones de los grupos armados al margen de la ley,Masacre,Otra,True,,,3,"en el norte del cauca, fueron hallados e identificados los restos de tres comerciantes que estaban desaparecidos y que habian salido del departamento del huila. la comunidad los encontro en zonas de los municipios de corinto y miranda. las victimas fueron identificadas como jhon bastos, de mas de 30 anos; jhon pedro rodriguez, de 38, y rodrigo rodriguez. dos de los cadaveres estaban en zona de el barranco, en corinto, y el tercero en miranda. de acuerdo con allegados, desaparecieron cuando se desplazaban por el norte del cauca, en la via panamericana.",no identificado,Masacre,Cauca,Miranda,92,Ninguna,False,Miranda - Cauca,{},Ninguno
20005,2026-07-05,el espectador,Montecristo,Bolívar,Caribe,False,False,Rural,Acciones de la fuerza publica y otros servidores publicos,Captura,Otra,False,otro grupo armado ilegal,erlin pino duarte; clan del golfo,1,"en montecristo, bolivar, se llevo a cabo una operacion militar en la que fue capturado “veneno” se llevo a cabo en el corregimiento de regencia, municipio de montecristo (bolivar). al lugar llegaron tropas de la fuerza de despliegue rapido no. 9 - fudra 9 y de la fuerza naval del caribe, que sostuvieron enfrentamientos con hombres armados que buscaron impedir la operacion. en el lugar fueron incautados una pistola, dos proveedores, municion y documentacion que, al parecer, era utilizada para el adoctrinamiento y capacitacion de jefes e integrantes de esta estructura criminal. cuando el hombre era sacado de la zona en un helicoptero, un grupo de personas intento impedir su salida. segun las autoridades, alias “veneno” contaria con una trayectoria criminal de aproximadamente 15 anos al interior de esta organizacion. ademas, era lider de la subestructura “erlin pino duarte”, que era la responsable del centro de entrenamiento delictivo del clan del golfo en esta region, en donde, aparentemente, se capacitaba en el manejo de armamento, tacticas terroristas, finanzas criminales y control territorial. alias “veneno” tendria injerencia criminal en los municipios de montecristo, rio viejo, tiquisio, achi, pinillos, san jacinto del cauca y morales, lugares en los que coordinaba actividades relacionadas con el control de rutas del narcotrafico, compra de armamento y la movilidad de sus integrantes. tambien es senalado de coordinar acciones armadas contra la fuerza publica en diferentes zonas del pais.",otro grupo armado ilegal,Captura,Bolívar,Montecristo,232,Ninguna,False,Montecristo - Bolívar,"{""Ambiental"": ""Positivo""}",Ambiental
20006,2026-07-05,el espectador,Montecristo,Bolívar,Caribe,False,False,Rural,Acciones de la fuerza publica y otros servidores publicos,Incautacion,Otra,False,otro grupo armado ilegal,erlin pino duarte; clan del golfo,0,"en montecristo, bolivar, se llevo a cabo una operacion militar en la que fue capturado “veneno” se llevo a cabo en el corregimiento de regencia, municipio de montecristo (bolivar). al lugar llegaron tropas de la fuerza de despliegue rapido no. 9 - fudra 9 y de la fuerza naval del caribe, que sostuvieron enfrentamientos con hombres armados que buscaron impedir la operacion. en el lugar fueron incautados una pistola, dos proveedores, municion y documentacion que, al parecer, era utilizada para el adoctrinamiento y capacitacion de jefes e integrantes de esta estructura criminal. cuando el hombre era sacado de la zona en un helicoptero, un grupo de personas intento impedir su salida. segun las autoridades, alias “veneno” contaria con una trayectoria criminal de aproximadamente 15 anos al interior de esta organizacion. ademas, era lider de la subestructura “erlin pino duarte”, que era la responsable del centro de entrenamiento delictivo del clan del golfo en esta region, en donde, aparentemente, se capacitaba en el manejo de armamento, tacticas terroristas, finanzas criminales y control territorial. alias “veneno” tendria injerencia criminal en los municipios de montecristo, rio viejo, tiquisio, achi, pinillos, san jacinto del cauca y morales, lugares en los que coordinaba actividades relacionadas con el control de rutas del narcotrafico, compra de armamento y la movilidad de sus integrantes. tambien es senalado de coordinar acciones armadas contra la fuerza publica en diferentes zonas del pais.",otro grupo armado ilegal,Incautacion,Bolívar,Montecristo,232,Ninguna,False,Montecristo - Bolívar,"{""Ambiental"": ""Positivo""}",Ambiental
19983,2026-07-04,la fm,Pueblo Rico,Risaralda,Andina,False,False,Rural,Acciones de los grupos armados al margen de la ley,Ataque a instalaciones de la fuerza publica,Ataques contra la fuerza publica,True,eln,,0,"presuntos integrantes del eln atacaron con artefactos explosivos improvisados lanzados desde drones la subestacion de policia del corregimiento santa cecilia, en pueblo rico (risaralda). durante el ataque contra la subestacion de policia de santa cecilia fueron activados artefactos explosivos improvisados transportados y lanzados mediante drones. el ataque no dejo personas heridas ni afecto la capacidad operativa de la estacion. el grupo armado instalo banderas y pendones alusivos a esa organizacion en distintos puntos de pereira y dosquebradas (risaralda), generando alertas de seguridad en el departamento.",eln,Ataque a instalaciones de la fuerza publica,Risaralda,Pueblo Rico,85,Ninguna,False,Pueblo Rico - Risaralda,{},Ninguno
19984,2026-07-04,la fm,Pueblo Rico,Risaralda,Andina,False,False,Rural,Acciones de los grupos armados al margen de la ley,Activacion de artefacto explosivo,Ataque a infraestructura y bienes civiles,True,eln,,0,"presuntos integrantes del eln atacaron con artefactos explosivos improvisados lanzados desde drones la subestacion de policia del corregimiento santa cecilia, en pueblo rico (risaralda). durante el ataque contra la subestacion de policia de santa cecilia fueron activados artefactos explosivos improvisados transportados y lanzados mediante drones. el ataque no dejo personas heridas ni afecto la capacidad operativa de la estacion. el grupo armado instalo banderas y pendones alusivos a esa organizacion en distintos puntos de pereira y dosquebradas (risaralda), generando alertas de seguridad en el departamento.",eln,Activacion de artefacto explosivo,Risaralda,Pueblo Rico,85,Ninguna,False,Pueblo Rico - Risaralda,{},Ninguno
19985,2026-07-04,la fm,Pereira,Risaralda,Andina,False,False,Urbana,Presencia grupos armados ilegales,Propaganda alusiva a gai / panfletos,Otra,False,eln,,0,"despues de los ataques con artefactos explosivos improvisados por parte del eln en pueblo rico, risaralda, se registraron insignias subversivas en algunos corredores viales de pereira y dosquebradas, configurando un escenario de zozobra regional que las autoridades atribuyen a la conmemoracion del aniversario numero 62 de esta organizacion guerrillera.",eln,Propaganda alusiva a gai / panfletos,Risaralda,Pereira,49,Ninguna,False,Pereira - Risaralda,{},Ninguno
19986,2026-07-04,la fm,Dosquebradas,Risaralda,Andina,False,False,Urbana,Presencia grupos armados ilegales,Propaganda alusiva a gai / panfletos,Otra,False,eln,,0,"despues de los ataques con artefactos explosivos improvisados por parte del eln en pueblo rico, risaralda, se registraron insignias subversivas en algunos corredores viales de pereira y dosquebradas, configurando un escenario de zozobra regional que las autoridades atribuyen a la conmemoracion del aniversario numero 62 de esta organizacion guerrillera.",eln,Propaganda alusiva a gai / panfletos,Risaralda,Dosquebradas,49,Ninguna,False,Dosquebradas - Risaralda,{},Ninguno
19988,2026-07-04,canal 1,Tadó,Chocó,Pacífico,False,False,Urbana,Acciones de los grupos armados al margen de la ley,Ataque a instalaciones de la fuerza publica,Ataques contra la fuerza publica,True,eln,,1,"presuntos integrantes del eln atacaron con un dron cargado con explosivos la estacion de policia de tado (choco). posteriormente se registro un intercambio de disparos en el parque principal y en el puente de acceso al municipio. tras el ataque con dron se produjo un enfrentamiento armado entre integrantes del eln y la fuerza publica en el casco urbano de tado, incluyendo el parque principal y el puente de acceso al municipio.",eln,Ataque a instalaciones de la fuerza publica,Chocó,Tadó,72,Ninguna,False,Tadó - Chocó,{},Ninguno
19989,2026-07-04,canal 1,Tadó,Chocó,Pacífico,False,False,Urbana,Acciones de los grupos armados al margen de la ley,Hostigamiento,Ataques contra la fuerza publica,True,"eln, ejercito nacional",,0,"presuntos integrantes del eln atacaron con un dron cargado con explosivos la estacion de policia de tado (choco). posteriormente se registro un intercambio de disparos en el parque principal y en el puente de acceso al municipio. tras el ataque con dron se produjo un enfrentamiento armado entre integrantes del eln y la fuerza publica en el casco urbano de tado, incluyendo el parque principal y el puente de acceso al municipio.","eln, ejercito nacional",Hostigamiento,Chocó,Tadó,72,Ninguna,False,Tadó - Chocó,{},Ninguno
19990,2026-07-04,caracol,San José Del Palmar,Chocó,Pacífico,False,False,Rural,Acciones de la fuerza publica y otros servidores publicos,Hostigamiento,Ataques contra la fuerza publica,True,"eln, ejercito nacional",,0,"en el corregimiento de la italia, del municipio de san jose del palmar en choco, tropas de la brigada 15, adscritas a la septima division del ejercito nacional, se enfrentaron a integrantes del grupo armado ilegal eln. durante la operacion militar fue destruido un dron utilizado por el grupo armado.","eln, ejercito nacional",Hostigamiento,Chocó,San José Del Palmar,50,Ninguna,False,San José Del Palmar - Chocó,{},Ninguno
19991,2026-07-04,el tiempo,Ipiales,Nariño,Pacífico,False,True,Rural,Acciones de los grupos armados al margen de la ley,Combate,Acciones de la fuerza publica,True,eln,frente comuneros del sur; eln,0,"el 4 de julio se registraron combates entre el ejercito y frente 'comuneros del sur' del eln, en la frontera entre colombia y ecuador. tropas de ambos paises realizan patrullajes.",eln,Combate,Nariño,Ipiales,30,Ninguna,False,Ipiales - Nariño,{},Ninguno
19994,2026-07-04,blu radio,Arauquita,Arauca,Orinoquía,True,True,Rural,Acciones de la fuerza publica y otros servidores publicos,Combate,Acciones de la fuerza publica,True,"eln, ejercito nacional",frente domingo lain saenz; eln,1,"en medio de operaciones militares ofensivas desarrolladas en zona rural de arauquita, arauca, tropas de la decima octava brigada del ejercito nacional sostuvieron combates contra integrantes del frente domingo lain saenz del ejercito de liberacion nacional (eln), dejando como resultado la muerte en combate de alias ‘cuto’ presunto integrante de esa estructura armada. de acuerdo con la informacion entregada por la institucion, el enfrentamiento ocurrio en la vereda las bancas y tenia como proposito fortalecer la seguridad, proteger a la poblacion civil y mantener el control institucional del territorio.","eln, ejercito nacional",Combate,Arauca,Arauquita,89,Ninguna,False,Arauquita - Arauca,"{""Agropecuario"": ""Negativo""}",Agropecuario
19999,2026-07-04,el tiempo,Dosquebradas,Risaralda,Andina,False,False,Rural,Presencia grupos armados ilegales,Solo presencia,Otra,False,eln,,0,"durante el 4 de julio, se registro la aparicion de banderas y pendones del eln en los sectores de puerto escondido, en dosquebradas y en un mirador sobre la via la romelia - el pollo. al parecer fueron ubicadas por un hombre que se movilizaba en una motocicleta. a traves de redes sociales, los ciudadanos denunciaron este hecho y les pidieron a las autoridades tomar medidas de seguridad en este importante corredor vial ubicado entre pereira y dosquebradas.",eln,Solo presencia,Risaralda,Dosquebradas,78,Ninguna,False,Dosquebradas - Risaralda,{},Ninguno
20000,2026-07-04,defensoria del pueblo,López De Micay,Cauca,Pacífico,True,False,Rural,Acciones de los grupos armados al margen de la ley,Desplazamiento forzado,Otra,False,eln,,0,"en el marco de acciones perpetradas por el eln en su aniversario numero 62, en lopez de micay, cauca, se reporto el desplazamiento masivo de aproximadamente 70 familias , mas de 200 personas, de la comunidad de san antonio de gurumendy. ",eln,Desplazamiento forzado,Cauca,López De Micay,41,Ninguna,False,López De Micay - Cauca,"{""Humanitario"": ""Negativo""}",Humanitario
20001,2026-07-04,defensoria del pueblo,Guaitarilla,Nariño,Pacífico,False,False,,Presencia grupos armados ilegales,Solo presencia,Otra,False,eln,,0,"en el marco del aniversario 62 del eln, durante el 4 de julio, aparecieron banderas alusivas al grupo en guaitarilla, narino. ",eln,Solo presencia,Nariño,Guaitarilla,21,Ninguna,False,Guaitarilla - Nariño,{},Ninguno
20003,2026-07-04,defensoria del pueblo,Sácama,Casanare,Orinoquía,False,False,,Presencia grupos armados ilegales,Solo presencia,Otra,False,eln,,0,"en el marco del aniversario numero 62 del eln, se registro la instalacion de banderas en el municipio de casama, en casanare. las autoridades descartaron la presencia de artefactos explosivos tras la respectiva verificacion.",eln,Solo presencia,Casanare,Sácama,34,Ninguna,False,Sácama - Casanare,{},Ninguno
20004,2026-07-04,defensoria del pueblo,Santiago De Cali,Valle Del Cauca,Pacífico,False,False,Urbana,Acciones de la fuerza publica y otros servidores publicos,Ataque a instalaciones de la fuerza publica,Ataques contra la fuerza publica,True,eln,,0,"en el marco del aniversario numero 62 del eln, el 4 de julio, fue lanzada una granada contra las instalaciones del cai de alfonso lopez, en cali, la cual afortunadamente no detono. las autoridades adelantan las verificaciones correspondientes para establecer la autoria de este hecho",eln,Ataque a instalaciones de la fuerza publica,Valle Del Cauca,Santiago De Cali,45,Ninguna,False,Santiago De Cali - Valle Del Cauca,{},Ninguno
19982,2026-07-03,el tiempo,Envigado,Antioquia,Andina,False,False,Urbana,Acciones de la fuerza publica y otros servidores publicos,Captura,Otra,False,"policia nacional, delincuencia comun",,0,"la policia nacional retuvo en envigado (antioquia) a alias palizada, senalado por las autoridades como uno de los principales articuladores del envio de cargamentos de cocaina hacia estados unidos y europa. de acuerdo con la investigacion, el hombre era una pieza clave dentro de una organizacion criminal dedicada a coordinar alianzas entre distintas estructuras narcotraficantes, lo que le permitia consolidar corredores logisticos para sacar grandes cantidades de droga hacia mercados internacionales. las autoridades sostienen que, tras asumir un papel de liderazgo dentro de la organizacion, fortalecio vinculos con estructuras asociadas a ‘los mellizos’, alias macaco y ‘cuco vanoy’, ampliando la capacidad operativa de la red criminal.la policia informo que alias palizada habia sido condenado a 25 anos de prision por trafico de cocaina y era requerido mediante notificacion roja de interpol, vigente en 196 paises.","policia nacional, delincuencia comun",Captura,Antioquia,Envigado,135,Narcotráfico,False,Envigado - Antioquia,{},Ninguno
19987,2026-07-03,semana,Puerto Carreño,Vichada,Orinoquía,False,False,Rural,Acciones de los grupos armados al margen de la ley,Ataque a personal militar/ ataque francotirador,Ataques contra la fuerza publica,True,,,2,"en zona rural de puerto carreno, vichada, dos policias fueron atacados por personas armadas mientras se encontraban realizando un patrullaje habitual por la inspeccion de casuriato, cuando de repente aparecieron dos hombres a bordo de una motocicleta, quienes les dispararon en varias oportunidades. no descartan que este atentado haya sido realizado por parte de grupos armados ilegales que delinquen en esta zona de colombia y que se lucren desde el narcotrafico y otras actividades al margen de la ley. los uniformados lesionados son los patrulleros de policia identificados como daniel eduardo simanca perez, quien recibio tres impactos de bala y se encuentra en estado de salud reservado, y daily heilen hernandez perez. ",no identificado,Ataque a personal militar/ ataque francotirador,Vichada,Puerto Carreño,112,Ninguna,False,Puerto Carreño - Vichada,"{""Agropecuario"": ""Negativo""}",Agropecuario
20024,2026-07-03,telemedellin,Segovia,Antioquia,Andina,True,False,Rural,Acciones de los grupos armados al margen de la ley,Amenaza,Otra,False,otro grupo armado ilegal,clan del golfo,0,"en el nordeste antioqueno (segovia y remedios), las autoridades investigan un video difundido por integrantes de las disidencias del frente cuarto de las farc, en el que alias ‘samantha’ o ‘la enfermera’ senala y amenaza a los alcaldes de municipios de segovia y remedios, acusandolos de permitir la instalacion de retenes ilegales del clan del golfo. en el video, la integrante de la estructura armada advierte que los enfrentamientos continuaran hasta lograr el control territorial. los hechos se producen en medio de combates entre grupos armados que han provocado el desplazamiento de alrededor de 200 campesinos de la vereda el rio",otro grupo armado ilegal,Amenaza,Antioquia,Segovia,101,Ninguna,False,Segovia - Antioquia,"{""Ambiental"": ""Negativo"", ""Humanitario"": ""Negativo""}","Ambiental, Humanitario"
20025,2026-07-03,el tiempo,Sevilla,Valle Del Cauca,Pacífico,False,False,Rural,Acciones de los grupos armados al margen de la ley,Homicidio,Otra,False,"grupo armado ilegal no identificado, desconocido",,1,"un ingeniero murio tras intentar evadir un reten instalado por un grupo armado en la via panamericana, entre popayan y cali. el hombre habria intentado esquivar el puesto de control y termino cayendo por un abismo, lo que le causo la muerte. el hecho se suma a otros incidentes registrados en este corredor vial relacionados con retenes de grupos armados.","grupo armado ilegal no identificado, desconocido",Homicidio,Valle Del Cauca,Sevilla,60,Ninguna,False,Sevilla - Valle Del Cauca,{},Ninguno
20026,2026-07-03,el tiempo,Sevilla,Valle Del Cauca,Pacífico,False,False,Rural,Acciones de los grupos armados al margen de la ley,Reten ilegal,Otra,False,"grupo armado ilegal no identificado, desconocido",,0,"un ingeniero murio tras intentar evadir un reten instalado por un grupo armado en la via panamericana, entre popayan y cali. el hombre habria intentado esquivar el puesto de control y termino cayendo por un abismo, lo que le causo la muerte. el hecho se suma a otros incidentes registrados en este corredor vial relacionados con retenes de grupos armados.","grupo armado ilegal no identificado, desconocido",Reten ilegal,Valle Del Cauca,Sevilla,60,Ninguna,False,Sevilla - Valle Del Cauca,{},Ninguno
20060,2026-07-03,defensoria del pueblo,López De Micay,Cauca,Pacífico,True,False,Rural,Acciones de los grupos armados al margen de la ley,Secuestro,Otra,False,eln,,1,"en el marco del aniversario numero 62 del eln, el 3 de julio, integrantes del grupo incursionaron en la comunidad de san antonio de gurumendy, en lopez de micay, cauca. los miembros del grupo armado obligaron a los habitantes a asistir a una reunion, hurtaron viveres y secuestraron a 40 personas para obligarlas a transportar los elementos sustraidos. posteriormente, 32 personas fueron liberadas, mientras que ocho permanecian secuestradas. como consecuencia de los hechos, mas de 70 familias, cerca de 200 personas, se desplazaron hacia la cabecera municipal de lopez de micay y posteriormente hacia buenaventura.",eln,Secuestro,Cauca,López De Micay,95,Ninguna,False,López De Micay - Cauca,{},Ninguno
20061,2026-07-03,defensoria del pueblo,López De Micay,Cauca,Pacífico,True,False,Rural,Acciones de los grupos armados al margen de la ley,Hurto,Otra,False,eln,,0,"en el marco del aniversario numero 62 del eln, el 3 de julio, integrantes del grupo incursionaron en la comunidad de san antonio de gurumendy, en lopez de micay, cauca. los miembros del grupo armado obligaron a los habitantes a asistir a una reunion, hurtaron viveres y secuestraron a 40 personas para obligarlas a transportar los elementos sustraidos. posteriormente, 32 personas fueron liberadas, mientras que ocho permanecian secuestradas. como consecuencia de los hechos, mas de 70 familias, cerca de 200 personas, se desplazaron hacia la cabecera municipal de lopez de micay y posteriormente hacia buenaventura.",eln,Hurto,Cauca,López De Micay,95,Ninguna,False,López De Micay - Cauca,{},Ninguno
19961,2026-07-02,caracol,Segovia,Antioquia,Andina,True,False,Rural,Acciones de los grupos armados al margen de la ley,Enfrentamiento,Enfrentamientos,True,"otro grupo armado ilegal, disidencias de las farc","clan del golfo, frente 4; disidencias de las farc",0,"cerca de 200 personas fueron desplazadas por enfrentamientos entre el clan del golfo y el frente 4 de las disidencias de las farc en la vereda rio bagre, zona rural entre segovia y remedios (antioquia), en medio de la disputa por el control territorial y de economias ilicitas. las familias se desplazaron hacia los cascos urbanos de ambos municipios, donde las autoridades activaron la atencion humanitaria y el ejercito reforzo la presencia militar.","otro grupo armado ilegal, disidencias de las farc",Enfrentamiento,Antioquia,Segovia,73,Ninguna,False,Segovia - Antioquia,"{""Agropecuario"": ""Negativo"", ""Ambiental"": ""Negativo""}","Agropecuario, Ambiental"
19962,2026-07-02,caracol,Remedios,Antioquia,Andina,True,False,Rural,Acciones de los grupos armados al margen de la ley,Enfrentamiento,Enfrentamientos,True,"otro grupo armado ilegal, disidencias de las farc","clan del golfo, frente 4; disidencias de las farc",0,"cerca de 200 personas fueron desplazadas por enfrentamientos entre el clan del golfo y el frente 4 de las disidencias de las farc en la vereda rio bagre, zona rural entre segovia y remedios (antioquia), en medio de la disputa por el control territorial y de economias ilicitas. las familias se desplazaron hacia los cascos urbanos de ambos municipios, donde las autoridades activaron la atencion humanitaria y el ejercito reforzo la presencia militar.","otro grupo armado ilegal, disidencias de las farc",Enfrentamiento,Antioquia,Remedios,73,Ninguna,False,Remedios - Antioquia,"{""Agropecuario"": ""Negativo"", ""Ambiental"": ""Negativo""}","Agropecuario, Ambiental"
19963,2026-07-02,caracol,Segovia,Antioquia,Andina,True,False,Rural,Acciones de los grupos armados al margen de la ley,Desplazamiento forzado,Otra,False,"otro grupo armado ilegal, disidencias de las farc","clan del golfo, frente 4; disidencias de las farc",0,"cerca de 200 personas fueron desplazadas por enfrentamientos entre el clan del golfo y el frente 4 de las disidencias de las farc en la vereda rio bagre, zona rural entre segovia y remedios (antioquia), en medio de la disputa por el control territorial y de economias ilicitas. las familias se desplazaron hacia los cascos urbanos de ambos municipios, donde las autoridades activaron la atencion humanitaria y el ejercito reforzo la presencia militar.","otro grupo armado ilegal, disidencias de las farc",Desplazamiento forzado,Antioquia,Segovia,73,Ninguna,False,Segovia - Antioquia,"{""Agropecuario"": ""Negativo"", ""Ambiental"": ""Negativo""}","Agropecuario, Ambiental"
19964,2026-07-02,caracol,Remedios,Antioquia,Andina,True,False,Rural,Acciones de los grupos armados al margen de la ley,Desplazamiento forzado,Otra,False,"otro grupo armado ilegal, disidencias de las farc","clan del golfo, frente 4; disidencias de las farc",0,"cerca de 200 personas fueron desplazadas por enfrentamientos entre el clan del golfo y el frente 4 de las disidencias de las farc en la vereda rio bagre, zona rural entre segovia y remedios (antioquia), en medio de la disputa por el control territorial y de economias ilicitas. las familias se desplazaron hacia los cascos urbanos de ambos municipios, donde las autoridades activaron la atencion humanitaria y el ejercito reforzo la presencia militar.","otro grupo armado ilegal, disidencias de las farc",Desplazamiento forzado,Antioquia,Remedios,73,Ninguna,False,Remedios - Antioquia,"{""Agropecuario"": ""Negativo"", ""Ambiental"": ""Negativo""}","Agropecuario, Ambiental"
19973,2026-07-02,el tiempo,Aguazul,Casanare,Orinoquía,False,False,Rural,Acciones de la fuerza publica y otros servidores publicos,Destruccion de otra infraestructura ilegal,Otra,False,"eln, ejercito nacional, otro funcionario publico",,1,"en zona rural de aguazul, casanare, tropas de la decima sexta brigada del ejercito, en coordinacion con la fiscalia general de la nacion, ubicaron un deposito clandestino que contenia 21 artefactos explosivos improvisados de alto poder y luego, a su destruccion controlada. segun la informacion oficial, el material perteneceria al eln y habria sido destinado para ejecutar ataques contra la fuerza publica y la infraestructura critica del estado. la operacion se produjo tras informacion suministrada por habitantes de la zona. con esos datos, las tropas realizaron un registro perimetrico que permitio localizar el escondite, donde ademas fueron encontrados un medio de lanzamiento, 22 detonadores, 220 cartuchos de diferentes calibres, proveedores, prendas de uso privativo de las fuerzas militares, equipos de campana, radios de comunicacion, baterias, un cargador para radio y 60 tarjetas sim. ","eln, ejercito nacional, otro funcionario publico",Destruccion de otra infraestructura ilegal,Casanare,Aguazul,133,Ninguna,True,Aguazul - Casanare,"{""Agropecuario"": ""Positivo""}",Agropecuario
19974,2026-07-02,el tiempo,Aguazul,Casanare,Orinoquía,False,False,Rural,Acciones de la fuerza publica y otros servidores publicos,Incautacion,Otra,False,"eln, ejercito nacional, otro funcionario publico",,0,"en zona rural de aguazul, casanare, tropas de la decima sexta brigada del ejercito, en coordinacion con la fiscalia general de la nacion, ubicaron un deposito clandestino que contenia 21 artefactos explosivos improvisados de alto poder y luego, a su destruccion controlada. segun la informacion oficial, el material perteneceria al eln y habria sido destinado para ejecutar ataques contra la fuerza publica y la infraestructura critica del estado. la operacion se produjo tras informacion suministrada por habitantes de la zona. con esos datos, las tropas realizaron un registro perimetrico que permitio localizar el escondite, donde ademas fueron encontrados un medio de lanzamiento, 22 detonadores, 220 cartuchos de diferentes calibres, proveedores, prendas de uso privativo de las fuerzas militares, equipos de campana, radios de comunicacion, baterias, un cargador para radio y 60 tarjetas sim. ","eln, ejercito nacional, otro funcionario publico",Incautacion,Casanare,Aguazul,133,Ninguna,True,Aguazul - Casanare,"{""Agropecuario"": ""Positivo""}",Agropecuario
19975,2026-07-02,el tiempo,Distracción,La Guajira,Caribe,False,False,Rural,Acciones de la fuerza publica y otros servidores publicos,Incautacion,Otra,False,"otro grupo armado ilegal, ejercito nacional",clan del golfo,0,"en la vereda el porvenir, jurisdiccion del municipio de distraccion, la guajira, soldados del grupo de caballeria mecanizado n.° 2 de la decima brigada localizaron una caleta con un proveedor y 62 cartuchos de diferentes calibres. de acuerdo con la informacion preliminar, este material perteneceria al clan del golfo, mientras las operaciones militares continuan en la zona para prevenir posibles acciones armadas contra la poblacion.","otro grupo armado ilegal, ejercito nacional",Incautacion,La Guajira,Distracción,65,Ninguna,False,Distracción - La Guajira,{},Ninguno
19976,2026-07-02,el tiempo,Yondó,Antioquia,Andina,True,False,,Acciones de la fuerza publica y otros servidores publicos,Incautacion,Otra,False,"eln, ejercito nacional, policia nacional",,0," en yondo, antioquia, tropas de la quinta brigada, en coordinacion con la sijin de carabineros e hidrocarburos de la policia nacional, desarticularon una actividad relacionada con la comercializacion ilegal de hidrocarburos que seria desarrollada por el frente edgar amilkar grimaldo baron. durante el procedimiento fueron incautados 41 cilindros de gas licuado de petroleo (glp), los cuales, segun las autoridades, eran utilizados para fortalecer las finanzas del eln. ","eln, ejercito nacional, policia nacional",Incautacion,Antioquia,Yondó,67,Ninguna,False,Yondó - Antioquia,"{""Hidrocarburos"": ""Negativo""}",Hidrocarburos
19977,2026-07-02,el tiempo,Puerto Guzmán,Putumayo,Amazonia,True,True,Rural,Acciones de la fuerza publica y otros servidores publicos,Mineria,Otra,False,otro grupo armado ilegal,segunda marquetalia; comandos de la frontera,0,"en putumayo, tropas del batallon de infanteria liviana n.° 25 de la brigada 27 intervinieron dos unidades de produccion minera en puerto guzman que, de acuerdo con las estimaciones oficiales, producian cerca de 2.600 gramos de oro al mes. las autoridades calcularon que esta operacion representa una afectacion superior a los 1.125 millones de pesos mensuales para las finanzas de la ‘segunda marquetalia’, estructura comandos de frontera.",otro grupo armado ilegal,Mineria,Putumayo,Puerto Guzmán,67,Minería,False,Puerto Guzmán - Putumayo,"{""Minero"": ""Negativo""}",Minero
19965,2026-07-01,el tiempo,Corinto,Cauca,Pacífico,True,False,Urbana,Acciones de los grupos armados al margen de la ley,Ataque a instalaciones de la fuerza publica,Ataques contra la fuerza publica,True,,,1,"el 1 de julio, se registro un ataque a la estacion de policia en el municipio de corinto, cauca. como resultado de estos hechos, un uniformado habria resultado herido.",no identificado,Ataque a instalaciones de la fuerza publica,Cauca,Corinto,29,Ninguna,False,Corinto - Cauca,{},Ninguno
19966,2026-07-01,el tiempo,Mercaderes,Cauca,Pacífico,True,False,Rural,Acciones de los grupos armados al margen de la ley,Ataque a personal militar/ ataque francotirador,Ataques contra la fuerza publica,True,,,0,"en zona rural de mercaderes, en el sur del cauca, una patrulla del ejercito nacional fue atacada mediante el uso de drones mientras realizaba labores de control territorial. segun informacion oficial, el hecho se presento en el corregimiento de curacas, cuando los uniformados desarrollaban operaciones de presencia institucional. pese al ataque, se confirmo que los militares resultaron ilesos.",no identificado,Ataque a personal militar/ ataque francotirador,Cauca,Mercaderes,58,Ninguna,False,Mercaderes - Cauca,"{""Agropecuario"": ""Negativo""}",Agropecuario
19967,2026-07-01,el tiempo,Bolívar,Cauca,Pacífico,False,False,Rural,Acciones de los grupos armados al margen de la ley,Ataque a personal militar/ ataque francotirador,Ataques contra la fuerza publica,True,,,1,"a inicios de julio, se registro un ataque con drones cargados con explosivos en zona rural del municipio de bolivar, cauca. de acuerdo con el ejercito nacional, los hechos ocurrieron en el corregimiento de guachicono, en inmediaciones de la subestacion electrica zaque, donde tropas del batallon de alta montana no. 3 adelantaban operaciones de control territorial. en medio del despliegue, las unidades fueron atacadas con tres aeronaves no tripuladas acondicionadas con artefactos explosivos. durante la ofensiva, uno de los explosivos logro detonar cerca de los uniformados, causando heridas por esquirlas al soldado profesional alvaro javier petro ramon.",no identificado,Ataque a personal militar/ ataque francotirador,Cauca,Bolívar,97,Ninguna,False,Bolívar - Cauca,"{""Agropecuario"": ""Negativo""}",Agropecuario
19968,2026-07-01,el tiempo,Bolívar,Cauca,Pacífico,False,False,Rural,Acciones de los grupos armados al margen de la ley,Activacion de artefacto explosivo,Ataque a infraestructura y bienes civiles,True,,,1,"a inicios de julio, se registro un ataque con drones cargados con explosivos en zona rural del municipio de bolivar, cauca. de acuerdo con el ejercito nacional, los hechos ocurrieron en el corregimiento de guachicono, en inmediaciones de la subestacion electrica zaque, donde tropas del batallon de alta montana no. 3 adelantaban operaciones de control territorial. en medio del despliegue, las unidades fueron atacadas con tres aeronaves no tripuladas acondicionadas con artefactos explosivos. durante la ofensiva, uno de los explosivos logro detonar cerca de los uniformados, causando heridas por esquirlas al soldado profesional alvaro javier petro ramon.",no identificado,Activacion de artefacto explosivo,Cauca,Bolívar,97,Ninguna,False,Bolívar - Cauca,"{""Agropecuario"": ""Negativo""}",Agropecuario
19970,2026-07-01,el pais,Sotará Paispamba,Cauca,Pacífico,False,False,Rural,Acciones de los grupos armados al margen de la ley,Enfrentamiento,Enfrentamientos,True,,,0,"el primero de julio, se registraron enfrentamientos entre estructuras armadas en el corregimiento de chapa, zona rural del municipio de sotara. de acuerdo con los reportes preliminares, los combates se prolongaron durante varios minutos y fueron escuchados desde distintos sectores del corregimiento, generando temor entre la poblacion civil. hasta el momento no existe un balance oficial sobre posibles personas heridas o fallecidas, ni se ha confirmado que organizaciones armadas participaron en las confrontaciones.",no identificado,Enfrentamiento,Cauca,Sotará Paispamba,73,Ninguna,False,Sotará Paispamba - Cauca,"{""Agropecuario"": ""Negativo""}",Agropecuario
19971,2026-07-01,caracol radio,Morales,Bolívar,Caribe,True,False,Rural,Acciones de la fuerza publica y otros servidores publicos,Combate,Acciones de la fuerza publica,True,eln,frente luis jose solano sepulveda; eln,2,"el ejercito nacional abatio a alias ""bola ocho"", presunto cabecilla del eln en el sur de bolivar, durante una operacion militar desarrollada en zona rural del municipio de santa rosa del sur. durante el operativo tambien fueron incautados una pistola calibre 9 milimetros, una granada, tres proveedores, 94 cartuchos de diferentes calibres, dos telefonos celulares, una memoria usb y mas de siete millones de pesos en efectivo.",eln,Combate,Bolívar,Morales,67,Ninguna,False,Morales - Bolívar,"{""Agropecuario"": ""Negativo"", ""Financiero"": ""Negativo""}","Agropecuario, Financiero"
19972,2026-07-01,caracol radio,Morales,Bolívar,Caribe,True,False,Rural,Acciones de la fuerza publica y otros servidores publicos,Incautacion,Otra,False,eln,frente jose luis solano sepulveda; eln,1,"el ejercito nacional abatio a alias ""bola ocho"", presunto cabecilla del eln en el sur de bolivar, durante una operacion militar desarrollada en zona rural del municipio de santa rosa del sur. durante el operativo tambien fueron incautados una pistola calibre 9 milimetros, una granada, tres proveedores, 94 cartuchos de diferentes calibres, dos telefonos celulares, una memoria usb y mas de siete millones de pesos en efectivo.",eln,Incautacion,Bolívar,Morales,67,Ninguna,False,Morales - Bolívar,"{""Agropecuario"": ""Negativo"", ""Financiero"": ""Negativo""}","Agropecuario, Financiero"
20007,2026-07-01,caracol radio,Dagua,Valle Del Cauca,Pacífico,False,True,Rural,Acciones de los grupos armados al margen de la ley,Solo presencia,Otra,False,eln,,3,"las comunidades de el danubio, el placer, cauchar, la cascada y la elsa, ubicadas sobre la antigua via simon bolivar, en zona rural del municipio de dagua, se registra la presencia de grupos armados desde el pasado 1 de julio y que mantiene en riesgo a mas de 300 familias. de acuerdo con un comunicado difundido por los habitantes, la presunta presencia de un grupo armado ilegal habria generado temor, confinamiento y restricciones a la movilidad por la instalacion de supuestos retenes sobre la via. ademas, senalaron que un reconocido lider de la region habria sido asesinado, situacion que, segun indicaron, incremento la incertidumbre entre la poblacion. segun informacion preliminar, presuntamente integrantes del eln habrian llegado dias atras a estas comunidades, donde reunieron a varios habitantes para anunciar que harian presencia en el territorio. asimismo, se habria presentado una confrontacion entre ese grupo guerrillero y presuntos integrantes de las disidencias de las farc, frente jaime martinez, lo que habria aumentado el temor entre los residentes.",eln,Solo presencia,Valle Del Cauca,Dagua,165,Ninguna,False,Dagua - Valle Del Cauca,"{""Agropecuario"": ""Negativo"", ""Humanitario"": ""Negativo""}","Agropecuario, Humanitario"
20008,2026-07-01,caracol radio,Dagua,Valle Del Cauca,Pacífico,False,True,Rural,Acciones de los grupos armados al margen de la ley,Confinamiento,Otra,False,eln,,3,"las comunidades de el danubio, el placer, cauchar, la cascada y la elsa, ubicadas sobre la antigua via simon bolivar, en zona rural del municipio de dagua, se registra la presencia de grupos armados desde el pasado 1 de julio y que mantiene en riesgo a mas de 300 familias. de acuerdo con un comunicado difundido por los habitantes, la presunta presencia de un grupo armado ilegal habria generado temor, confinamiento y restricciones a la movilidad por la instalacion de supuestos retenes sobre la via. ademas, senalaron que un reconocido lider de la region habria sido asesinado, situacion que, segun indicaron, incremento la incertidumbre entre la poblacion. segun informacion preliminar, presuntamente integrantes del eln habrian llegado dias atras a estas comunidades, donde reunieron a varios habitantes para anunciar que harian presencia en el territorio. asimismo, se habria presentado una confrontacion entre ese grupo guerrillero y presuntos integrantes de las disidencias de las farc, frente jaime martinez, lo que habria aumentado el temor entre los residentes.",eln,Confinamiento,Valle Del Cauca,Dagua,165,Ninguna,False,Dagua - Valle Del Cauca,"{""Agropecuario"": ""Negativo"", ""Humanitario"": ""Negativo""}","Agropecuario, Humanitario"
20009,2026-07-01,caracol radio,Dagua,Valle Del Cauca,Pacífico,False,True,Rural,Acciones de los grupos armados al margen de la ley,Restriccion a la movilidad,Otra,False,eln,,0,"las comunidades de el danubio, el placer, cauchar, la cascada y la elsa, ubicadas sobre la antigua via simon bolivar, en zona rural del municipio de dagua, se registra la presencia de grupos armados desde el pasado 1 de julio y que mantiene en riesgo a mas de 300 familias. de acuerdo con un comunicado difundido por los habitantes, la presunta presencia de un grupo armado ilegal habria generado temor, confinamiento y restricciones a la movilidad por la instalacion de supuestos retenes sobre la via. ademas, senalaron que un reconocido lider de la region habria sido asesinado, situacion que, segun indicaron, incremento la incertidumbre entre la poblacion. segun informacion preliminar, presuntamente integrantes del eln habrian llegado dias atras a estas comunidades, donde reunieron a varios habitantes para anunciar que harian presencia en el territorio. asimismo, se habria presentado una confrontacion entre ese grupo guerrillero y presuntos integrantes de las disidencias de las farc, frente jaime martinez, lo que habria aumentado el temor entre los residentes.",eln,Restriccion a la movilidad,Valle Del Cauca,Dagua,165,Ninguna,False,Dagua - Valle Del Cauca,"{""Agropecuario"": ""Negativo"", ""Humanitario"": ""Negativo""}","Agropecuario, Humanitario"
20010,2026-07-01,caracol radio,Dagua,Valle Del Cauca,Pacífico,False,True,Rural,Acciones de los grupos armados al margen de la ley,Reten ilegal,Otra,False,eln,,0,"las comunidades de el danubio, el placer, cauchar, la cascada y la elsa, ubicadas sobre la antigua via simon bolivar, en zona rural del municipio de dagua, se registra la presencia de grupos armados desde el pasado 1 de julio y que mantiene en riesgo a mas de 300 familias. de acuerdo con un comunicado difundido por los habitantes, la presunta presencia de un grupo armado ilegal habria generado temor, confinamiento y restricciones a la movilidad por la instalacion de supuestos retenes sobre la via. ademas, senalaron que un reconocido lider de la region habria sido asesinado, situacion que, segun indicaron, incremento la incertidumbre entre la poblacion. segun informacion preliminar, presuntamente integrantes del eln habrian llegado dias atras a estas comunidades, donde reunieron a varios habitantes para anunciar que harian presencia en el territorio. asimismo, se habria presentado una confrontacion entre ese grupo guerrillero y presuntos integrantes de las disidencias de las farc, frente jaime martinez, lo que habria aumentado el temor entre los residentes.",eln,Reten ilegal,Valle Del Cauca,Dagua,165,Ninguna,False,Dagua - Valle Del Cauca,"{""Agropecuario"": ""Negativo"", ""Humanitario"": ""Negativo""}","Agropecuario, Humanitario"
20011,2026-07-01,caracol radio,Dagua,Valle Del Cauca,Pacífico,False,True,Rural,Acciones de los grupos armados al margen de la ley,Enfrentamiento,Enfrentamientos,True,"eln, disidencias de las farc",frente jaime martinez; disidencias de las farc,0,"las comunidades de el danubio, el placer, cauchar, la cascada y la elsa, ubicadas sobre la antigua via simon bolivar, en zona rural del municipio de dagua, se registra la presencia de grupos armados desde el pasado 1 de julio y que mantiene en riesgo a mas de 300 familias. de acuerdo con un comunicado difundido por los habitantes, la presunta presencia de un grupo armado ilegal habria generado temor, confinamiento y restricciones a la movilidad por la instalacion de supuestos retenes sobre la via. ademas, senalaron que un reconocido lider de la region habria sido asesinado, situacion que, segun indicaron, incremento la incertidumbre entre la poblacion. segun informacion preliminar, presuntamente integrantes del eln habrian llegado dias atras a estas comunidades, donde reunieron a varios habitantes para anunciar que harian presencia en el territorio. asimismo, se habria presentado una confrontacion entre ese grupo guerrillero y presuntos integrantes de las disidencias de las farc, frente jaime martinez, lo que habria aumentado el temor entre los residentes.","eln, disidencias de las farc",Enfrentamiento,Valle Del Cauca,Dagua,165,Ninguna,False,Dagua - Valle Del Cauca,"{""Agropecuario"": ""Negativo"", ""Humanitario"": ""Negativo""}","Agropecuario, Humanitario"
19879,2026-06-30,:.periodicovirtual.com.:,Bolívar,Cauca,Pacífico,False,False,Rural,Acciones de los grupos armados al margen de la ley,Ataque indiscriminado,Ataque a infraestructura y bienes civiles,True,eln,sin informacion,1,"segun el ejercito nacional, tres drones acondicionados con artefactos explosivos, que habrian pertenecido al eln, fueron utilizados para atacar a militares en el corregimiento de guachicono, zona rural de bolivar (cauca). las tropas de la brigada 29 neutralizaron las aeronaves y un soldado resulto afectado por esquirlas tras la activacion de uno de los explosivos.",eln,Ataque indiscriminado,Cauca,Bolívar,55,Ninguna,False,Bolívar - Cauca,"{""Agropecuario"": ""Negativo""}",Agropecuario
19928,2026-06-30,el tiempo,Morales,Bolívar,Caribe,True,False,Rural,Acciones de la fuerza publica y otros servidores publicos,Combate,Acciones de la fuerza publica,True,eln,frente luis jose solano sepulveda,1,"el ejercito realizo una operacion militar en la vereda simoita, jurisdiccion de morales, sur de bolivar, en la que murio alias 'bola ocho', senalado cabecilla de milicias del eln en la region. en la accion se sostuvieron combates contra integrantes del frente luis jose solano sepulveda y se incautaron una pistola 9 milimetros, una granada, tres proveedores, 94 cartuchos, dos telefonos celulares, una memoria usb y mas de siete millones de pesos en efectivo.",eln,Combate,Bolívar,Morales,74,Ninguna,False,Morales - Bolívar,"{""Financiero"": ""Negativo""}",Financiero
19957,2026-06-30,el tiempo,Toribío,Cauca,Pacífico,True,False,Rural,Acciones de los grupos armados al margen de la ley,Combate,Acciones de la fuerza publica,True,"ejercito nacional, disidencias de las farc",dagoberto ramos; disidencias,0,"el 30 de junio, en el corregimiento de tacueyo, en zona rural de toribio, se presentaron combates entre tropas del ejercito nacional y presuntos integrantes del frente ‘dagoberto ramos’, estructura de las disidencias de las farc con fuerte presencia en esta region. los enfrentamientos se registraron tanto en la periferia como en sectores cercanos al casco urbano, generando momentos de angustia entre los habitantes, quienes se vieron obligados a permanecer resguardados en sus viviendas mientras se escuchaban rafagas de fusil, explosiones y el constante sobrevuelo de aeronaves militares. de acuerdo con versiones preliminares de la comunidad, la ofensiva militar se habria iniciado luego de que unidades del ejercito detectaran la presencia de integrantes del grupo armado ilegal que, al parecer, se movilizaban cerca del centro poblado. esto dio paso a una operacion para impedir su desplazamiento por la zona.durante el desarrollo de la confrontacion, habitantes reportaron el lanzamiento de un proyectil contra un vehiculo en el que presuntamente se transportaban miembros de la estructura armada. el intercambio de disparos obligo a comerciantes, estudiantes y demas residentes a suspender sus actividades cotidianas para buscar proteccion frente al riesgo generado por la confrontacion.","ejercito nacional, disidencias de las farc",Combate,Cauca,Toribío,191,Ninguna,False,Toribío - Cauca,"{""Agropecuario"": ""Negativo"", ""Humanitario"": ""Negativo""}","Agropecuario, Humanitario"
19958,2026-06-30,la fm,Bolívar,Cauca,Pacífico,False,False,Rural,Acciones de los grupos armados al margen de la ley,Hostigamiento,Ataques contra la fuerza publica,True,eln,,1,"en una accion militar en el corregimiento de guachicono, jurisdiccion del municipio de bolivar, tropas de la brigada 29 del ejercito nacional neutralizaron tres aeronaves no tripuladas (drones) acondicionadas con artefactos explosivos de alto poder. el material belico pertenecia a estructuras criminales del ejercito de liberacion nacional (eln), segun reportes oficiales de las autoridades. el ataque se ejecuto bajo la modalidad de ""enjambre"", una estrategia en la que multiples dispositivos aereos son coordinados simultaneamente para desorientar a las fuerzas de seguridad y maximizar el impacto de las cargas explosivas. durante el hostigamiento, uno de los artefactos detono cerca de las posiciones oficiales, afectando a un miembro de la institucion. un soldado resulto alcanzado por esquirlas tras la activacion de uno de los explosivos lanzados desde el aire.",eln,Hostigamiento,Cauca,Bolívar,127,Ninguna,False,Bolívar - Cauca,{},Ninguno
19959,2026-06-30,semana,Morales,Bolívar,Caribe,True,False,Rural,Acciones de la fuerza publica y otros servidores publicos,Combate,Acciones de la fuerza publica,True,eln,frente luis jose solano; eln,2,"el martes 30 de junio, durante un operativo del ejercito nacional que se desarrollo en zona rural del municipio de morales, bolivar, fue abatido alias bola ocho, senalado como uno de los principales articuladores de la red de apoyo al terrorismo del frente luis jose solano. tropas de la fuerza de despliegue rapido n.° 9 sostuvieron combates contra integrantes de esa estructura armada. durante la operacion, los uniformados tambien incautaron armas de fuego, municiones, explosivos, equipos de comunicacion y mas de siete millones de pesos en efectivo, material que sera incorporado a las investigaciones para establecer el alcance de las actividades que desarrollaba esta estructura criminal.",eln,Combate,Bolívar,Morales,106,Ninguna,False,Morales - Bolívar,"{""Agropecuario"": ""Negativo"", ""Financiero"": ""Negativo""}","Agropecuario, Financiero"
19960,2026-06-30,semana,Morales,Bolívar,Caribe,True,False,Rural,Acciones de la fuerza publica y otros servidores publicos,Incautacion,Otra,False,eln,frente luis jose solano; eln,1,"el martes 30 de junio, durante un operativo del ejercito nacional que se desarrollo en zona rural del municipio de morales, bolivar, fue abatido alias bola ocho, senalado como uno de los principales articuladores de la red de apoyo al terrorismo del frente luis jose solano. tropas de la fuerza de despliegue rapido n.° 9 sostuvieron combates contra integrantes de esa estructura armada. durante la operacion, los uniformados tambien incautaron armas de fuego, municiones, explosivos, equipos de comunicacion y mas de siete millones de pesos en efectivo, material que sera incorporado a las investigaciones para establecer el alcance de las actividades que desarrollaba esta estructura criminal.",eln,Incautacion,Bolívar,Morales,106,Ninguna,False,Morales - Bolívar,"{""Agropecuario"": ""Negativo"", ""Financiero"": ""Negativo""}","Agropecuario, Financiero"
19873,2026-06-29,caracol radio,Remedios,Antioquia,Andina,True,False,Rural,Acciones de los grupos armados al margen de la ley,Combate,Acciones de la fuerza publica,True,"otro grupo armado ilegal, disidencias de las farc",frente 4,0,"en la zona rural de remedios se registro un combate entre integrantes del ejercito gaitanista de colombia (egc) y el frente 4 de las disidencias de las farc, hecho que provoco el desplazamiento de alrededor de 50 personas hacia el coliseo municipal de segovia.","otro grupo armado ilegal, disidencias de las farc",Combate,Antioquia,Remedios,44,Ninguna,False,Remedios - Antioquia,"{""Agropecuario"": ""Negativo"", ""Humanitario"": ""Negativo""}","Agropecuario, Humanitario"
19892,2026-06-29,defensoria del pueblo,Maicao,La Guajira,Caribe,False,False,Urbana,Presencia grupos armados ilegales,Solo presencia,Otra,False,"otro grupo armado ilegal, eln, disidencias de las farc",acsn; segunda marquetalia,0,"la defensoria del pueblo emitio la alerta temprana de inminencia 013 de 2026 por la expansion territorial de las autodenominadas acsn hacia maicao, con pretension de consolidacion en el casco urbano y los corregimientos carraipia, la majayura y paraguachon, en disputa con el eln, segunda marquetalia y estructuras criminales locales.","otro grupo armado ilegal, eln, disidencias de las farc",Solo presencia,La Guajira,Maicao,50,Ninguna,False,Maicao - La Guajira,{},Ninguno
19912,2026-06-29,el pais,El Tambo,Cauca,Pacífico,True,True,Rural,Acciones de los grupos armados al margen de la ley,Reten ilegal,Otra,False,disidencias de las farc,sin informacion,0,"en zona rural de el tambo, cauca, un exgobernador indigena y su esquema de seguridad fueron interceptados por un grupo armado ilegal en un reten ilegal mientras se movilizaban en una camioneta blindada; los hombres armados los retuvieron por varias horas, se apoderaron del vehiculo y de las armas de dotacion de los escoltas, y luego los dejaron en libertad.",disidencias de las farc,Reten ilegal,Cauca,El Tambo,60,Ninguna,False,El Tambo - Cauca,"{""Agropecuario"": ""Negativo""}",Agropecuario
19919,2026-06-29,el tiempo,Riohacha,La Guajira,Caribe,False,False,Rural,Acciones de la fuerza publica y otros servidores publicos,Combate,Acciones de la fuerza publica,True,otro grupo armado ilegal,sin informacion,1,"durante la operacion militar en el corregimiento de machobayo, las tropas fueron recibidas con disparos al llegar al lugar y una nina de 10 anos resulto herida por arma de fuego, presuntamente en el marco del enfrentamiento entre los clanes involucrados en la disputa.",otro grupo armado ilegal,Combate,La Guajira,Riohacha,44,Ninguna,False,Riohacha - La Guajira,{},Ninguno
19935,2026-06-29,la fm,El Tarra,Norte De Santander,Andina,True,False,Rural,Acciones de los grupos armados al margen de la ley,Hostigamiento,Ataques contra la fuerza publica,True,eln,sin informacion,5,un ataque con drones cargados con explosivos atribuido al eln contra tropas del batallon de operaciones terrestres n.º 11 en zona rural de el tarra dejo un soldado profesional muerto y cuatro militares heridos.,eln,Hostigamiento,Norte De Santander,El Tarra,34,Ninguna,False,El Tarra - Norte De Santander,"{""Agropecuario"": ""Negativo""}",Agropecuario
19951,2026-06-29,noticias rcn,Toribío,Cauca,Pacífico,True,False,Rural,Acciones de la fuerza publica y otros servidores publicos,Combate,Acciones de la fuerza publica,True,disidencias de las farc,alias mordisco,4,"en la manana de este lunes, tropas del ejercito nacional neutralizaron a cuatro integrantes de una estructura terrorista en el area de tacueyo, corregimiento de toribio, cauca; entre los abatidos esta alias neque, senalado de ser mano derecha de alias marlon y de haber amenazado al presidente gustavo petro.",disidencias de las farc,Combate,Cauca,Toribío,49,Ninguna,False,Toribío - Cauca,{},Ninguno
19955,2026-06-29,revista semana,El Tarra,Norte De Santander,Andina,True,False,Rural,Acciones de los grupos armados al margen de la ley,Ataque a personal militar/ ataque francotirador,Ataques contra la fuerza publica,True,eln,sin informacion,5,"el eln ataco con drones cargados con explosivos a tropas del ejercito nacional que adelantaban operaciones de seguridad en zona rural de el tarra, catatumbo; murio el soldado profesional jose mariano dumaza conchave y otros cuatro militares resultaron heridos.",eln,Ataque a personal militar/ ataque francotirador,Norte De Santander,El Tarra,39,Ninguna,False,El Tarra - Norte De Santander,"{""Agropecuario"": ""Negativo""}",Agropecuario
19849,2026-06-28,el tiempo,El Tambo,Cauca,Pacífico,True,True,Rural,Acciones de los grupos armados al margen de la ley,Reten ilegal,Otra,False,disidencias de las farc,sin informacion,0,"en zona rural de el tambo, cauca, presuntos integrantes de disidencias de las farc interceptaron a jhonier mina alegria y a su esquema de seguridad, los retuvieron durante varios minutos en un reten ilegal y luego se llevaron la camioneta blindada y las armas de dotacion de la escolta. horas despues fueron dejados en libertad y no resultaron heridos.",disidencias de las farc,Reten ilegal,Cauca,El Tambo,59,Minería,False,El Tambo - Cauca,"{""Minero"": ""Negativo"", ""Agropecuario"": ""Negativo""}","Minero, Agropecuario"
19969,2026-06-28,el tiempo,Corinto,Cauca,Pacífico,True,False,Rural,Acciones de los grupos armados al margen de la ley,Reten ilegal,Otra,False,,,0,"en la noche del domingo 28 de junio, el lider social duver taquinas fue victima de una retencion ilegal por parte de hombres armados mientras se movilizaba por el norte del departamento del cauca. de acuerdo con el testimonio de taquinas, el incidente ocurrio aproximadamente a las 8:50 de la noche en la via que comunica con el sector conocido como las piramides, en jurisdiccion del municipio de corinto. el lider fue abordado de forma violenta, con armas de fuego apuntandole, fue requisado y le preguntaron hacia donde se dirigia. afortunadamente, tras el interrogatorio y la requisa, los hombres armados permitieron que taquinas continuara con su trayecto, logrando llegar sano y salvo a su destino final.",no identificado,Reten ilegal,Cauca,Corinto,116,Ninguna,False,Corinto - Cauca,"{""Humanitario"": ""Negativo""}",Humanitario
20023,2026-06-27,el tiempo,Los Andes,Nariño,Pacífico,True,False,Urbana,Acciones de los grupos armados al margen de la ley,Amenaza,Otra,False,disidencias de las farc,frente franco benavides; disidencias de las farc,0,"habitantes de los andes-sotomayor (narino) denunciaron una presunta reunion convocada por integrantes del frente franco benavides, de las disidencias de las farc, en la que pobladores habrian recibido intimidaciones y amenazas relacionadas con su voto en las elecciones presidenciales. segun testimonios, los asistentes habrian sido obligados a participar en la reunion y se habria anunciado un cobro de $30 millones a quienes votaron por el presidente electo. tambien se habria dado un plazo de 24 horas a personas dedicadas al expendio de drogas para abandonar el municipio. tras los hechos, habitantes reportaron temor e incertidumbre en la poblacion.",disidencias de las farc,Amenaza,Nariño,Los Andes,98,Ninguna,False,Los Andes - Nariño,{},Ninguno
19872,2026-06-26,caracol radio,Saravena,Arauca,Orinoquía,True,False,Rural,Acciones de la fuerza publica y otros servidores publicos,Combate,Acciones de la fuerza publica,True,eln,comision ernesto che guevara del frente domingo lain saenz,2,"en combates contra la comision ernesto che guevara del frente domingo lain saenz del eln, tropas del ejercito y la policia reportaron la muerte de dos integrantes de esa estructura, la captura de seis mas y la recuperacion de un menor de edad en desarrollo de la operacion.",eln,Combate,Arauca,Saravena,48,Ninguna,False,Saravena - Arauca,{},Ninguno
19886,2026-06-26,blu radio,Saravena,Arauca,Orinoquía,True,False,Rural,Acciones de la fuerza publica y otros servidores publicos,Combate,Acciones de la fuerza publica,True,eln,frente domingo lain saenz; comision ernesto che guevara,2,"operativo del ejercito nacional y la policia en la vereda alto san joaquin, municipio de saravena, dejo dos presuntos integrantes del eln muertos en combate, seis capturados y un menor de edad rescatado.",eln,Combate,Arauca,Saravena,33,Ninguna,False,Saravena - Arauca,{},Ninguno
19896,2026-06-26,ejercito nacional,Saravena,Arauca,Orinoquía,True,False,Rural,Acciones de la fuerza publica y otros servidores publicos,Combate,Acciones de la fuerza publica,True,eln,"comision ernesto che guevara, frente domingo lain saenz",2,"en desarrollo de operaciones militares ofensivas adelantadas por la decima octava brigada del ejercito nacional, en coordinacion con la policia nacional, se produjo un combate contra integrantes de la comision ernesto che guevara, del frente domingo lain saenz, del eln, en el que murieron dos de sus integrantes, seis mas fueron capturados y un menor de edad fue recuperado.",eln,Combate,Arauca,Saravena,59,Ninguna,False,Saravena - Arauca,{},Ninguno
19906,2026-06-26,el pais,Santander De Quilichao,Cauca,Pacífico,True,False,,Acciones de los grupos armados al margen de la ley,Reten ilegal,Otra,False,grupo armado ilegal no identificado,sin informacion,0,"en la madrugada del viernes 26 de junio, un camion de la empresa nutresa fue interceptado por hombres armados en un presunto reten ilegal sobre la via panamericana, cerca de santander de quilichao; el conductor fue retenido, trasladado con el vehiculo hasta inmediaciones del corregimiento de el palo, en caloto, y posteriormente liberado, mientras el automotor y la carga fueron hurtados.",grupo armado ilegal no identificado,Reten ilegal,Cauca,Santander De Quilichao,61,Ninguna,True,Santander De Quilichao - Cauca,{},Ninguno
19923,2026-06-26,el tiempo,Piendamó - Tunía,Cauca,Pacífico,True,False,,Acciones de los grupos armados al margen de la ley,Activacion de artefacto explosivo,Ataque a infraestructura y bienes civiles,True,disidencias de las farc,sin informacion,0,"en inmediaciones de la via panamericana, en jurisdiccion de piendamo, un individuo intento instalar artefactos explosivos improvisados y huyo al notar la presencia de la fuerza publica, abandonando el material dentro de una maleta. el atentado fue frustrado por uniformados del ejercito.",disidencias de las farc,Activacion de artefacto explosivo,Cauca,Piendamó - Tunía,42,Ninguna,False,Piendamó - Tunía - Cauca,{},Ninguno
19950,2026-06-25,noticias rcn,Calima,Valle Del Cauca,Pacífico,False,False,Urbana,Acciones de los grupos armados al margen de la ley,Emboscada,Ataques contra la fuerza publica,True,disidencias de las farc,columna movil winston gonzalez; disidencia jaime martinez,4,"integrantes de la columna movil winston gonzalez de la disidencia jaime martinez de las farc emboscaron y asesinaron a dos policias en inmediaciones de la estacion de policia el muro, en calima el darien; ademas, otros dos uniformados resultaron heridos.",disidencias de las farc,Emboscada,Valle Del Cauca,Calima,40,Ninguna,False,Calima - Valle Del Cauca,{},Ninguno
19843,2026-06-24,el heraldo,Dabeiba,Antioquia,Andina,True,False,Rural,Acciones de los grupos armados al margen de la ley,Ataque a personal militar/ ataque francotirador,Ataques contra la fuerza publica,True,otro grupo armado ilegal,subestructura edwin roman velasquez valle del clan del golfo,1,"en combates contra el clan del golfo en la vereda la balsita de dabeiba, antioquia, murio el soldado profesional duvan eduardo saurith castro.",otro grupo armado ilegal,Ataque a personal militar/ ataque francotirador,Antioquia,Dabeiba,23,Ninguna,False,Dabeiba - Antioquia,{},Ninguno
19861,2026-06-24,alerta,Tibú,Norte De Santander,Andina,True,True,Rural,Acciones de los grupos armados al margen de la ley,Incidentes por map y muse,Otra,False,"eln, disidencias de las farc",sin informacion,1,"un campesino resulto herido en una extremidad tras pisar una mina antipersona en un campo minado en la vereda el retiro, en limites con oru 7, zona rural de tibu.","eln, disidencias de las farc",Incidentes por map y muse,Norte De Santander,Tibú,30,Minería,False,Tibú - Norte De Santander,"{""Minero"": ""Negativo"", ""Agropecuario"": ""Negativo""}","Minero, Agropecuario"
19882,2026-06-24,alerta,Mistrató,Risaralda,Andina,False,False,Rural,Presencia grupos armados ilegales,Solo presencia,Otra,False,"eln, otro grupo armado ilegal",clan del golfo,0,"defensores de derechos humanos advirtieron que en mistrato existe presencia de grupos armados ilegales como el eln y el clan del golfo, lo que aumentaria el riesgo de desplazamientos, amenazas y homicidios si se intensifican las confrontaciones y la ofensiva militar.","eln, otro grupo armado ilegal",Solo presencia,Risaralda,Mistrató,41,Ninguna,False,Mistrató - Risaralda,"{""Humanitario"": ""Negativo""}",Humanitario
19902,2026-06-24,el heraldo,Riohacha,La Guajira,Caribe,False,False,Urbana,Presencia grupos armados ilegales,Solo presencia,Otra,False,eln,sin informacion,0,"en la madrugada del 24 de junio, en inmediaciones del sector de santa isabel, sobre la troncal del caribe via riohacha-santa marta, fueron hallados un cilindro y banderas alusivas al eln. tras la verificacion, se establecio que el cilindro no contenia material explosivo.",eln,Solo presencia,La Guajira,Riohacha,43,Ninguna,False,Riohacha - La Guajira,{},Ninguno
19903,2026-06-24,el heraldo,El Retén,Magdalena,Caribe,False,False,Rural,Acciones de la fuerza publica y otros servidores publicos,Combate,Acciones de la fuerza publica,True,otro grupo armado ilegal,clan del golfo,1,"alias castro, senalado cabecilla de zona de la subestructura david meza pena del clan del golfo, murio en un enfrentamiento con miembros de la policia nacional en una finca acondicionada como campamento de paso, donde ademas fueron incautados una pistola calibre 9 milimetros, 136 cartuchos, proveedores, chalecos tacticos y otros elementos.",otro grupo armado ilegal,Combate,Magdalena,El Retén,51,Ninguna,True,El Retén - Magdalena,"{""Agropecuario"": ""Negativo""}",Agropecuario
19941,2026-06-24,la fm,Dabeiba,Antioquia,Andina,True,False,Rural,Acciones de los grupos armados al margen de la ley,Combate,Acciones de la fuerza publica,True,otro grupo armado ilegal,clan del golfo / subestructura edwin roman,2,"en la tarde del miercoles 24 de junio, integrantes de la subestructura edwin roman del clan del golfo sostuvieron combates con soldados del batallon de ingenieros n.° 17 del ejercito en la vereda la balsita, dabeiba. durante el enfrentamiento murio el soldado profesional duvan eduardo saurith tras resultar herido de gravedad y recibir atencion medica.",otro grupo armado ilegal,Combate,Antioquia,Dabeiba,55,Ninguna,False,Dabeiba - Antioquia,{},Ninguno
19887,2026-06-20,blu radio,Tarazá,Antioquia,Andina,True,True,Rural,Acciones de los grupos armados al margen de la ley,Enfrentamiento,Enfrentamientos,True,"eln, otro grupo armado ilegal, disidencias de las farc",clan del golfo,1,"en taraza, antioquia, se registraron fuertes combates entre grupos armados como el eln, el clan del golfo y disidencias, en medio de disputas por el control del territorio, lo que provoco el desplazamiento de 20 personas de 10 grupos familiares hacia el casco urbano. la noticia tambien senala que en la zona se han usado drones cargados con explosivos y que al menos una persona resulto herida por un artefacto que cayo sobre una vivienda.","eln, otro grupo armado ilegal, disidencias de las farc",Enfrentamiento,Antioquia,Tarazá,75,Ninguna,False,Tarazá - Antioquia,"{""Humanitario"": ""Negativo""}",Humanitario
19888,2026-06-20,blu radio,Yarumal,Antioquia,Andina,False,False,Rural,Acciones de los grupos armados al margen de la ley,Activacion de artefacto explosivo,Ataque a infraestructura y bienes civiles,True,"eln, otro grupo armado ilegal, disidencias de las farc",clan del golfo,1,"en yarumal, antioquia, un artefacto lanzado por medio de un dron cayo sobre una vivienda y lesiono a una persona, en el contexto de las disputas entre grupos armados en el bajo cauca antioqueno.","eln, otro grupo armado ilegal, disidencias de las farc",Activacion de artefacto explosivo,Antioquia,Yarumal,34,Ninguna,False,Yarumal - Antioquia,{},Ninguno
19889,2026-06-20,blu radio,Tarazá,Antioquia,Andina,True,True,Rural,Presencia grupos armados ilegales,Confinamiento,Otra,False,"eln, otro grupo armado ilegal, disidencias de las farc",clan del golfo,0,"la defensoria del pueblo habria registrado confinamientos de algunos campesinos en taraza, antioquia, en medio de la disputa territorial entre grupos armados.","eln, otro grupo armado ilegal, disidencias de las farc",Confinamiento,Antioquia,Tarazá,22,Ninguna,False,Tarazá - Antioquia,{},Ninguno
19895,2026-06-20,eje21,Tibú,Norte De Santander,Andina,True,True,Rural,Acciones de los grupos armados al margen de la ley,Ataque indiscriminado,Ataque a infraestructura y bienes civiles,True,"eln, disidencias de las farc",sin informacion,6,"un nino murio y otras cinco personas resultaron heridas en un ataque perpetrado con un dron cargado con explosivos en tibu, en el catatumbo. medios locales senalaron que el ataque habria ocurrido durante un enfrentamiento entre el eln y una disidencia de las farc.","eln, disidencias de las farc",Ataque indiscriminado,Norte De Santander,Tibú,44,Ninguna,False,Tibú - Norte De Santander,{},Ninguno
19907,2026-06-20,el pais,Hacarí,Norte De Santander,Andina,True,False,Rural,Acciones de los grupos armados al margen de la ley,Hostigamiento,Ataques contra la fuerza publica,True,"disidencias de las farc, eln",frente 33,0,la base militar ubicada en hacari fue hostigada durante las ultimas horas con disparos y artefactos explosivos. no se registraron heridos y las instalaciones sufrieron danos menores.,"disidencias de las farc, eln",Hostigamiento,Norte De Santander,Hacarí,27,Ninguna,False,Hacarí - Norte De Santander,{},Ninguno
19910,2026-06-20,el pais,Buenaventura,Valle Del Cauca,Pacífico,True,False,Rural,Acciones de los grupos armados al margen de la ley,Combate,Acciones de la fuerza publica,True,disidencias de las farc,estado mayor central,1,"ivan jacobo idrobo arredondo, alias marlon, murio en combate con las fuerzas militares en la vereda san isidro, zona rural de buenaventura, en limites entre el valle del cauca y el cauca.",disidencias de las farc,Combate,Valle Del Cauca,Buenaventura,32,Ninguna,False,Buenaventura - Valle Del Cauca,"{""Agropecuario"": ""Negativo""}",Agropecuario
19913,2026-06-20,el pais,Tibú,Norte De Santander,Andina,True,True,Rural,Acciones de los grupos armados al margen de la ley,Ataque indiscriminado,Ataque a infraestructura y bienes civiles,True,"eln, disidencias de las farc",frente 33,8,"horas antes del ataque a la base militar de hacari, se presento en el sector de barco la silla, en tibu, un ataque con drones que causo la muerte del soldado aldair bermudez rodriguez y dejo siete militares heridos.","eln, disidencias de las farc",Ataque indiscriminado,Norte De Santander,Tibú,39,Ninguna,False,Tibú - Norte De Santander,{},Ninguno
19949,2026-06-20,noticias rcn,Buenaventura,Valle Del Cauca,Pacífico,True,False,Rural,Acciones de la fuerza publica y otros servidores publicos,Combate,Acciones de la fuerza publica,True,disidencias de las farc,estado mayor central; columna jaime martinez,1,"en una operacion conjunta de las fuerzas militares y la policia en el sector del naya, en la vereda san isidro, municipio de buenaventura, fue dado de baja alias marlon, identificado como ivan jacobo idrobo arredondo y senalado como segundo cabecilla de las disidencias de las farc bajo el mando de 'ivan mordisco'.",disidencias de las farc,Combate,Valle Del Cauca,Buenaventura,53,Ninguna,False,Buenaventura - Valle Del Cauca,{},Ninguno
19926,2026-06-19,el tiempo,El Bagre,Antioquia,Andina,True,False,Rural,Presencia grupos armados ilegales,Solo presencia,Otra,False,"otro grupo armado ilegal, disidencias de las farc",clan del golfo; disidencias de calarca del bloque magdalena medio; egc,0,"la defensoria del pueblo alerto sobre disputa territorial y presencia de grupos armados ilegales en puerto lopez y en veredas de el bagre, con reportes de confinamiento, desplazamiento forzado, amenazas, homicidios, restricciones a la movilidad, reclutamiento forzado, afectaciones a bienes civiles y ataques con drones y explosivos.","otro grupo armado ilegal, disidencias de las farc",Solo presencia,Antioquia,El Bagre,47,Ninguna,False,El Bagre - Antioquia,"{""Humanitario"": ""Negativo""}",Humanitario
19930,2026-06-19,kienyke,Tibú,Norte De Santander,Andina,True,True,Rural,Acciones de los grupos armados al margen de la ley,Ataque indiscriminado,Ataque a infraestructura y bienes civiles,True,"eln, disidencias de las farc",sin informacion,6,"un ataque con un dron cargado con explosivos impacto a una familia campesina en zona rural de tibu, en el catatumbo, dejando un nino de 10 anos muerto y cinco personas heridas, entre ellas tres menores de edad. el hecho habria ocurrido en medio de un enfrentamiento entre el eln y una de las disidencias de las farc.","eln, disidencias de las farc",Ataque indiscriminado,Norte De Santander,Tibú,58,Ninguna,False,Tibú - Norte De Santander,"{""Agropecuario"": ""Negativo""}",Agropecuario
19945,2026-06-19,la silla vacia,Cartagena Del Chairá,Caquetá,Amazonia,True,True,Rural,Presencia grupos armados ilegales,Propaganda alusiva a gai / panfletos,Otra,False,disidencias de las farc,estado mayor de bloques y frentes (embyf); frente rodrigo cadete; alias 'calarca'; alias 'la morocha'; alias 'danilo alvizu',0,"en zona rural de cartagena del chaira, caqueta, lideres reportaron presiones atribuidas a las disidencias de 'calarca' para que habitantes, transportadores y juntas de accion comunal votaran en favor de ivan cepeda en la segunda vuelta presidencial; tambien se mencionan presiones para controlar el voto en caserios como remolino del caguan, 12 de octubre y san juan de lozada.",disidencias de las farc,Propaganda alusiva a gai / panfletos,Caquetá,Cartagena Del Chairá,59,Ninguna,False,Cartagena Del Chairá - Caquetá,"{""Agropecuario"": ""Negativo""}",Agropecuario
19948,2026-06-19,noticias caracol,Tibú,Norte De Santander,Andina,True,True,Rural,Acciones de los grupos armados al margen de la ley,Enfrentamiento,Enfrentamientos,True,"eln, disidencias de las farc",frente 33,5,"un nino de 10 anos murio y cuatro personas resultaron heridas en zona rural de tibu, en hechos ocurridos en medio de combates entre el eln y el frente 33 de las disidencias de las farc, luego de que lanzaran un dron con explosivos en el kilometro 25 de la vereda gaitan.","eln, disidencias de las farc",Enfrentamiento,Norte De Santander,Tibú,52,Ninguna,False,Tibú - Norte De Santander,"{""Agropecuario"": ""Negativo""}",Agropecuario
19956,2026-06-19,zona cero,Tibú,Norte De Santander,Andina,True,True,Rural,Acciones de los grupos armados al margen de la ley,Ataque indiscriminado,Ataque a infraestructura y bienes civiles,True,"eln, disidencias de las farc",sin informacion,6,"un ataque con un dron cargado con explosivos impacto a una familia campesina en tibu, catatumbo, durante un enfrentamiento entre el eln y una disidencia de las farc. murio un nino de 10 anos y otras cinco personas resultaron heridas, entre ellas tres menores de edad.","eln, disidencias de las farc",Ataque indiscriminado,Norte De Santander,Tibú,46,Ninguna,False,Tibú - Norte De Santander,{},Ninguno
19894,2026-06-18,diario del sur,Los Andes,Nariño,Pacífico,True,False,Rural,Acciones de la fuerza publica y otros servidores publicos,Combate,Acciones de la fuerza publica,True,disidencias de las farc,franco benavides,14,"en zona rural de los andes sotomayor, narino, tropas del ejercito nacional desarrollaron la operacion cordillera y sostuvieron combates con presuntos integrantes de la estructura franco benavides. la noticia reporta como resultado preliminar la মতয de ocho supuestos miembros de ese grupo y varios heridos; ademas, durante los enfrentamientos los integrantes del grupo habrian usado a la poblacion civil como escudo y habrian disparado indiscriminadamente contra los soldados y aeronaves que apoyaban la operacion. en el sector conocido como la loma, los militares fueron atacados con drones modificados para lanzar artefactos explosivos, y seis soldados resultaron afectados, sin heridas de gravedad segun el reporte medico preliminar.",disidencias de las farc,Combate,Nariño,Los Andes,106,Ninguna,False,Los Andes - Nariño,"{""Agropecuario"": ""Negativo""}",Agropecuario
19897,2026-06-18,ejercito nacional,Cáceres,Antioquia,Andina,True,True,,Acciones de la fuerza publica y otros servidores publicos,Combate,Acciones de la fuerza publica,True,otro grupo armado ilegal,subestructura yeison leudo chaverra,0,"en el sector de guarumo, jurisdiccion del municipio de caceres, antioquia, tropas del gaula militar bajo cauca del ejercito nacional, junto con el cti de la fiscalia general de la nacion y la policia nacional, sostuvieron combates con la subestructura yeison leudo chaverra, del cartel del clan del golfo. como resultado, capturaron a dos presuntos integrantes de esa organizacion e incautaron estupefacientes, un libro con informacion contable y dos celulares.",otro grupo armado ilegal,Combate,Antioquia,Cáceres,70,Ninguna,False,Cáceres - Antioquia,{},Ninguno
19947,2026-06-18,minuto30,Cáceres,Antioquia,Andina,True,True,Rural,Acciones de la fuerza publica y otros servidores publicos,Combate,Acciones de la fuerza publica,True,otro grupo armado ilegal,clan del golfo,0,"en zona rural de caceres, antioquia, se registraron combates entre tropas del gaula militar, el cti de la fiscalia y la policia nacional contra integrantes de la subestructura yeison leudo chaverra del clan del golfo; en la operacion fueron capturados dos presuntos miembros de la organizacion e incautados elementos relacionados con trafico de estupefacientes.",otro grupo armado ilegal,Combate,Antioquia,Cáceres,54,Ninguna,False,Cáceres - Antioquia,"{""Agropecuario"": ""Negativo""}",Agropecuario
19841,2026-06-17,el espectador,Maicao,La Guajira,Caribe,False,False,Urbana,Presencia grupos armados ilegales,Solo presencia,Otra,False,"eln, disidencias de las farc, otro grupo armado ilegal",segunda marquetalia; autodefensas conquistadoras de la sierra nevada,0,"la defensoria del pueblo emitio una alerta temprana sobre la expansion y presencia de las autodefensas conquistadoras de la sierra nevada (acsn), el eln y disidencias de las farc-segunda marquetalia en maicao, con control de corredores de movilidad y economias ilicitas y riesgo de confrontaciones y afectaciones a la poblacion civil.","eln, disidencias de las farc, otro grupo armado ilegal",Solo presencia,La Guajira,Maicao,51,Ninguna,False,Maicao - La Guajira,{},Ninguno
19844,2026-06-17,el pais,Morales,Cauca,Pacífico,True,False,Rural,Acciones de la fuerza publica y otros servidores publicos,Combate,Acciones de la fuerza publica,True,disidencias de las farc,frente jaime martinez,0,"desde las primeras horas del miercoles 17 de junio, tropas del ejercito nacional adelantaron una operacion militar de gran escala en el sector de chirriadero, entre morales y suarez, en medio de la preocupacion de comunidades por posibles enfrentamientos con disidencias de las farc.",disidencias de las farc,Combate,Cauca,Morales,44,Ninguna,False,Morales - Cauca,{},Ninguno
19845,2026-06-17,el pais,El Tambo,Cauca,Pacífico,True,True,Rural,Acciones de la fuerza publica y otros servidores publicos,Combate,Acciones de la fuerza publica,True,disidencias de las farc,frente jaime martinez,5,el ejercito nacional confirmo que en zona rural de el tambo fueron abatidos cinco presuntos integrantes del frente jaime martinez durante combates adelantados por tropas de la fuerza de despliegue rapido no. 4.,disidencias de las farc,Combate,Cauca,El Tambo,33,Ninguna,False,El Tambo - Cauca,"{""Agropecuario"": ""Negativo""}",Agropecuario
19871,2026-06-17,caracol radio,Remedios,Antioquia,Andina,True,False,Rural,Presencia grupos armados ilegales,Solo presencia,Otra,False,otro grupo armado ilegal,clan del golfo,0,"fuentes de la zona rural de remedios denunciaron la presencia e intimidacion del clan del golfo, con retenes permanentes en la zona del osito, en la via hacia la vereda el puna, santa marta y lejanias, y en el sector conocido como el peaje, donde revisan celulares, citan a comerciantes y mineros, y exigen instrucciones o pagos. la noticia tambien senala que el grupo autodenominado ejercito gaitanista de colombia tendria puntos fijos y zonas de escondite en el area.",otro grupo armado ilegal,Solo presencia,Antioquia,Remedios,79,Ninguna,True,Remedios - Antioquia,"{""Agropecuario"": ""Negativo""}",Agropecuario
19880,2026-06-17,:.periodicovirtual.com.:,Buenos Aires,Cauca,Pacífico,True,False,Rural,Acciones de los grupos armados al margen de la ley,Ataque a personal militar/ ataque francotirador,Ataques contra la fuerza publica,True,grupo armado ilegal no identificado,sin informacion,0,"hombres armados dispararon en repetidas ocasiones contra el vehiculo en el que se movilizaba el alcalde de buenos aires, pablo cesar pena, y su esquema de proteccion, cuando transitaban por el sector de timba, corredor vial entre cauca y valle del cauca. el mandatario y sus escoltas resultaron ilesos.",grupo armado ilegal no identificado,Ataque a personal militar/ ataque francotirador,Cauca,Buenos Aires,49,Ninguna,False,Buenos Aires - Cauca,{},Ninguno
19914,2026-06-17,el tiempo,Buenos Aires,Cauca,Pacífico,True,False,Rural,Acciones de los grupos armados al margen de la ley,Ataque a poblacion,Ataque a infraestructura y bienes civiles,True,grupo armado ilegal no identificado,sin informacion,0,"hombres armados interceptaron la caravana del alcalde de buenos aires, pablo cesar pena, cuando se desplazaba por el sector de timba, en la via que comunica cauca con el valle del cauca, y dispararon con armas de largo alcance contra su vehiculo y esquema de proteccion. no hubo personas heridas ni danos de consideracion.",grupo armado ilegal no identificado,Ataque a poblacion,Cauca,Buenos Aires,54,Ninguna,False,Buenos Aires - Cauca,{},Ninguno
19915,2026-06-17,el tiempo,Puerto Tejada,Cauca,Pacífico,False,False,,Acciones de los grupos armados al margen de la ley,Ataque a poblacion,Ataque a infraestructura y bienes civiles,True,grupo armado ilegal no identificado,sin informacion,0,"hombres armados interceptaron el esquema de seguridad del lider indigena y exsenador feliciano valencia a la altura de puerto tejada, sobre la via panamericana, y dispararon varias veces contra el vehiculo en el que se movilizaban los escoltas. los ocupantes salieron ilesos y luego se desplazaron a santander de quilichao para denunciar lo ocurrido.",grupo armado ilegal no identificado,Ataque a poblacion,Cauca,Puerto Tejada,54,Ninguna,False,Puerto Tejada - Cauca,{},Ninguno
19920,2026-06-17,el tiempo,Puerto Tejada,Cauca,Pacífico,False,False,Urbana,Acciones de los grupos armados al margen de la ley,Emboscada,Ataques contra la fuerza publica,True,grupo armado ilegal no identificado,sin informacion,0,"hombres armados interceptaron el vehiculo del esquema de seguridad de feliciano valencia a la altura de puerto tejada, sobre la via panamericana, y dispararon en varias ocasiones; el vehiculo recibio impactos de bala, pero los ocupantes salieron ilesos.",grupo armado ilegal no identificado,Emboscada,Cauca,Puerto Tejada,38,Ninguna,False,Puerto Tejada - Cauca,{},Ninguno
19924,2026-06-17,el tiempo,Buenos Aires,Cauca,Pacífico,True,False,Rural,Acciones de los grupos armados al margen de la ley,Ataque a poblacion,Ataque a infraestructura y bienes civiles,True,,sin informacion,0,"hombres armados atacaron el vehiculo del alcalde de buenos aires, pablo cesar pena, cuando transitaba por la via panamericana tras pasar por el corregimiento de la balsa y luego por timba, en jamundi. el alcalde y su esquema de seguridad resultaron ilesos.",no identificado,Ataque a poblacion,Cauca,Buenos Aires,42,Ninguna,False,Buenos Aires - Cauca,{},Ninguno
19925,2026-06-17,el tiempo,Puerto Tejada,Cauca,Pacífico,False,False,Urbana,Acciones de los grupos armados al margen de la ley,Ataque a poblacion,Ataque a infraestructura y bienes civiles,True,,sin informacion,0,"hombres armados realizaron un atentado contra el esquema de seguridad del exsenador feliciano valencia cuando la camioneta en la que regresaban al norte del cauca transitaba por la via panamericana, a la altura de puerto tejada. los escoltas lograron escapar ilesos.",no identificado,Ataque a poblacion,Cauca,Puerto Tejada,41,Ninguna,False,Puerto Tejada - Cauca,{},Ninguno
19846,2026-06-16,el tiempo,Santa Marta,Magdalena,Caribe,True,False,Rural,Acciones de los grupos armados al margen de la ley,Ataque a instalaciones de la fuerza publica,Ataques contra la fuerza publica,True,otro grupo armado ilegal,autodefensas conquistadoras de la sierra nevada (acsn),1,"tras una operacion militar del ejercito nacional en zona rural de santa marta, integrantes de las acsn se enfrentaron con la fuerza publica y luego bloquearon la troncal del caribe; en el corregimiento de guachaca incendiaron dos vehiculos y atacaron con drones cargados con explosivos la estacion de policia de buritica, dejando un uniformado herido.",otro grupo armado ilegal,Ataque a instalaciones de la fuerza publica,Magdalena,Santa Marta,55,Ninguna,False,Santa Marta - Magdalena,"{""Agropecuario"": ""Negativo""}",Agropecuario
19881,2026-06-16,rio noticias,Santa Marta,Magdalena,Caribe,True,False,Rural,Acciones de los grupos armados al margen de la ley,Combate,Acciones de la fuerza publica,True,otro grupo armado ilegal,autodefensas conquistadoras de la sierra nevada (acsn),1,"se registraron enfrentamientos entre las tropas del ejercito nacional y las autodefensas conquistadoras de la sierra nevada (acsn) en sectores rurales de santa marta, especialmente en quebrada del sol, guachaca, mendihuaca y zonas cercanas a territorios indigenas de la sierra nevada. los combates generaron desplazamientos de familias, bloqueos sobre la troncal del caribe, la quema de un vehiculo y la muerte accidental de un soldado profesional.",otro grupo armado ilegal,Combate,Magdalena,Santa Marta,66,Ninguna,False,Santa Marta - Magdalena,{},Ninguno
19883,2026-06-16,sebastian carvajal bolivar,Angostura,Antioquia,Andina,False,False,Urbana,Acciones de la fuerza publica y otros servidores publicos,Solo presencia,Otra,False,ejercito nacional,sin informacion,0,la cuarta brigada del ejercito nacional visito angostura para hacer seguimiento a denuncias de constrenimiento electoral en el norte de antioquia.,ejercito nacional,Solo presencia,Antioquia,Angostura,21,Ninguna,False,Angostura - Antioquia,{},Ninguno
19954,2026-06-16,revista semana,Buenos Aires,Cauca,Pacífico,True,False,Rural,Presencia grupos armados ilegales,Solo presencia,Otra,False,disidencias de las farc,jaime martinez,1,"lideres sociales y comunitarios denunciaron que hombres armados, presuntamente de la disidencia jaime martinez, impidieron que una funeraria recogiera el cadaver de un hombre asesinado, que llevaba cinco dias tirado sobre la via hacia el corregimiento de la balsa, en zona rural de buenos aires, cauca.",disidencias de las farc,Solo presencia,Cauca,Buenos Aires,46,Ninguna,False,Buenos Aires - Cauca,"{""Agropecuario"": ""Negativo""}",Agropecuario
19870,2026-06-14,caracol radio,Campamento,Antioquia,Andina,False,False,Rural,Acciones de los grupos armados al margen de la ley,Hostigamiento,Ataques contra la fuerza publica,True,disidencias de las farc,frente 36,0,"mientras las comunidades eran obligadas a participar en reuniones lideradas por alias 'pimpon', tropas de la cuarta brigada del ejercito fueron hostigadas con explosivos improvisados lanzados desde drones. segun la fuerza publica, los artefactos cayeron a unos 300 metros de los soldados y no hubo militares lesionados.",disidencias de las farc,Hostigamiento,Antioquia,Campamento,47,Ninguna,False,Campamento - Antioquia,{},Ninguno
19875,2026-06-14,el quindiano,Nuquí,Chocó,Pacífico,False,False,Rural,Acciones de la fuerza publica y otros servidores publicos,Bombardeo,Acciones de la fuerza publica,True,otro grupo armado ilegal,clan del golfo,9,"en desarrollo del plan ayacucho plus, una operacion militar especial conjunta del ejercito, la policia, la armada y la fuerza aeroespacial incluyo un bombardeo contra estructuras del clan del golfo en zona rural de nuqui (choco), con saldo de nueve integrantes muertos e incautacion de armas, proveedores, material de intendencia, equipos de comunicaciones y documentacion de interes para la inteligencia militar.",otro grupo armado ilegal,Bombardeo,Chocó,Nuquí,61,Ninguna,False,Nuquí - Chocó,"{""Agropecuario"": ""Negativo""}",Agropecuario
19850,2026-06-13,la fm,Toledo,Norte De Santander,Andina,False,False,,Acciones de los grupos armados al margen de la ley,Hostigamiento,Ataques contra la fuerza publica,True,eln,sin informacion,0,"integrantes del eln atacaron con explosivos a tropas del ejercito nacional en el municipio de toledo, norte de santander, cuando adelantaban labores de registro en la zona y pretendian alcanzar la base militar ubicada alli; no se reportaron heridos.",eln,Hostigamiento,Norte De Santander,Toledo,39,Ninguna,False,Toledo - Norte De Santander,{},Ninguno
19855,2026-06-13,pulzo,Toledo,Norte De Santander,Andina,False,False,,Acciones de los grupos armados al margen de la ley,Ataque a instalaciones de la fuerza publica,Ataques contra la fuerza publica,True,eln,sin informacion,0,"en la madrugada de un sabado, el ejercito reporto un ataque con artefactos lanzados desde una volqueta contra la base del batallon de infanteria liviana numero 13 en toledo, norte de santander; segun informacion preliminar, habria sido perpetrado por integrantes del eln como retaliacion a operaciones militares en la zona.",eln,Ataque a instalaciones de la fuerza publica,Norte De Santander,Toledo,50,Ninguna,False,Toledo - Norte De Santander,{},Ninguno
19858,2026-06-13,revista semana,Toledo,Norte De Santander,Andina,False,False,,Acciones de los grupos armados al margen de la ley,Ataque a instalaciones de la fuerza publica,Ataques contra la fuerza publica,True,eln,sin informacion,0,"en la madrugada del sabado 13 de junio, un ataque con artefactos explosivos lanzados desde una volqueta impacto una base militar del municipio de toledo, norte de santander. segun el ejercito, detras de la accion estarian integrantes del eln y el ataque habria sido una represalia por operaciones militares en la region. no se reportaron afectados ni fallecidos.",eln,Ataque a instalaciones de la fuerza publica,Norte De Santander,Toledo,58,Ninguna,False,Toledo - Norte De Santander,{},Ninguno
19868,2026-06-13,caracol radio,San Martín,Cesar,Caribe,False,False,Rural,Acciones de la fuerza publica y otros servidores publicos,Combate,Acciones de la fuerza publica,True,otro grupo armado ilegal,clan del golfo; subestructura “ferney antonio lopez polo”,8,"en una operacion coordinada entre la fuerza aeroespacial colombiana, la policia nacional y la fiscalia general de la nacion, fueron neutralizados ocho presuntos integrantes de la subestructura ""ferney antonio lopez polo"" del clan del golfo en zona rural de san martin; ademas fueron incautados nueve fusiles, 17 proveedores, 967 cartuchos, equipos de comunicacion y prendas de vestir alusivas a la organizacion ilegal.",otro grupo armado ilegal,Combate,Cesar,San Martín,62,Ninguna,False,San Martín - Cesar,"{""Agropecuario"": ""Negativo""}",Agropecuario
19869,2026-06-13,caracol radio,Ocaña,Norte De Santander,Andina,False,False,Urbana,Acciones de la fuerza publica y otros servidores publicos,Combate,Acciones de la fuerza publica,True,,sin informacion,2,"en un procedimiento de rutina, control y seguridad ciudadana en ocana, integrantes de la policia adelantaron una requisa a dos personas sospechosas; una de ellas disparo contra los uniformados, hubo reaccion de la fuerza publica y la persona fue dada de baja. una patrullera resulto lesionada al impactarse su chaleco antibalas.",no identificado,Combate,Norte De Santander,Ocaña,51,Ninguna,False,Ocaña - Norte De Santander,{},Ninguno
19877,2026-06-13,la opinion,Toledo,Norte De Santander,Andina,False,False,Urbana,Acciones de los grupos armados al margen de la ley,Ataque a instalaciones de la fuerza publica,Ataques contra la fuerza publica,True,eln,sin informacion,0,"el eln perpetro un ataque contra soldados del batallon de infanteria liviana n.° 13 en las instalaciones militares ubicadas cerca de la via toledo-chinacota; una volqueta fue incendiada y atravesada en la via, se produjeron detonaciones, parte de la base quedo parcialmente destruida y la carretera permanecio cerrada durante gran parte del dia.",eln,Ataque a instalaciones de la fuerza publica,Norte De Santander,Toledo,53,Ninguna,False,Toledo - Norte De Santander,{},Ninguno
19867,2026-06-12,caracol radio,Nuquí,Chocó,Pacífico,False,False,Rural,Acciones de la fuerza publica y otros servidores publicos,Bombardeo,Acciones de la fuerza publica,True,otro grupo armado ilegal,clan del golfo,9,"en zona rural de nuqui, choco, las fuerzas militares ejecutaron una operacion conjunta en el marco del plan de operaciones ayacucho plus contra la subestructura jhon fredy orjuela del clan del golfo; como resultado murieron nueve integrantes del clan del golfo e incautaron armamento, proveedores, material de comunicaciones e intendencia.",otro grupo armado ilegal,Bombardeo,Chocó,Nuquí,50,Ninguna,False,Nuquí - Chocó,"{""Agropecuario"": ""Negativo""}",Agropecuario
19899,2026-06-12,el espectador,Nuquí,Chocó,Pacífico,False,False,,Acciones de los grupos armados al margen de la ley,Combate,Acciones de la fuerza publica,True,otro grupo armado ilegal,clan del golfo; estructura john freddy orjuela,9,"el 12 de junio hubo una ofensiva en nuqui, choco, en la que murieron nueve presuntos integrantes del clan del golfo pertenecientes a la estructura john freddy orjuela; posteriormente medicina legal indico que cuatro de los fallecidos eran menores de edad.",otro grupo armado ilegal,Combate,Chocó,Nuquí,41,Ninguna,False,Nuquí - Chocó,{},Ninguno
19909,2026-06-12,el pais,Los Andes,Nariño,Pacífico,True,False,Rural,Acciones de la fuerza publica y otros servidores publicos,Combate,Acciones de la fuerza publica,True,disidencias de las farc,franco benavides; estado mayor central (emc),11,"en el municipio de los andes sotomayor, narino, tropas del ejercito nacional sostuvieron intensos combates con presuntos integrantes de las disidencias franco benavides de las farc o estado mayor central (emc), en el marco de la operacion cordillera. durante los enfrentamientos se reporto que soldados fueron atacados con drones que transportaban explosivos y que varios militares resultaron heridos; ademas, se produjo desplazamiento de 206 personas procedentes de veredas rurales.",disidencias de las farc,Combate,Nariño,Los Andes,69,Ninguna,False,Los Andes - Nariño,"{""Humanitario"": ""Negativo""}",Humanitario
19918,2026-06-12,el tiempo,Tierralta,Córdoba,Caribe,True,True,Rural,Presencia grupos armados ilegales,Solo presencia,Otra,False,otro grupo armado ilegal,clan del golfo,0,"la fundacion social cordoberxia advirtio sobre la presencia y control social del clan del golfo o egc en la zona rural de tierralta, donde segun la noticia se instalara una zut con 400 hombres del grupo y se reportan comunidades silenciadas, reglas impuestas y limitaciones a las familias y a los dialogos con instituciones.",otro grupo armado ilegal,Solo presencia,Córdoba,Tierralta,54,Ninguna,False,Tierralta - Córdoba,"{""Agropecuario"": ""Negativo""}",Agropecuario
19953,2026-06-12,pares,San José Del Guaviare,Guaviare,Amazonia,True,True,Rural,Presencia grupos armados ilegales,Solo presencia,Otra,False,disidencias de las farc,sin informacion,0,"la noticia reporta la presencia y control territorial ejercido por los grupos armados en la zona rural de san jose del guaviare, lo que mantuvo cuerpos en el lugar de los combates y genero restricciones de movilidad y temor en las comunidades.",disidencias de las farc,Solo presencia,Guaviare,San José Del Guaviare,42,Ninguna,False,San José Del Guaviare - Guaviare,"{""Agropecuario"": ""Negativo""}",Agropecuario
19840,2026-06-11,caracol radio,Sardinata,Norte De Santander,Andina,True,True,Rural,Acciones de los grupos armados al margen de la ley,Enfrentamiento,Enfrentamientos,True,"eln, disidencias de las farc",frente 33,0,"desde hace 72 horas se registran enfrentamientos entre miembros del eln y disidencias armadas del frente 33 en la zona rural de sardinata, en el catatumbo, lo que ha generado desplazamientos forzados de varias familias.","eln, disidencias de las farc",Enfrentamiento,Norte De Santander,Sardinata,35,Ninguna,False,Sardinata - Norte De Santander,"{""Agropecuario"": ""Negativo""}",Agropecuario
19943,2026-06-11,la silla vacia,San José Del Guaviare,Guaviare,Amazonia,True,True,,Acciones de los grupos armados al margen de la ley,Enfrentamiento,Enfrentamientos,True,disidencias de las farc,calarca y mordisco,50,"en san jose del guaviare se reportaron enfrentamientos entre las disidencias de 'calarca' y 'mordisco', conflicto que motivo una sesion de la ciprat para hacer seguimiento a la alerta temprana de la defensoria.",disidencias de las farc,Enfrentamiento,Guaviare,San José Del Guaviare,33,Ninguna,False,San José Del Guaviare - Guaviare,{},Ninguno
19944,2026-06-11,la silla vacia,San José Del Guaviare,Guaviare,Amazonia,True,True,,Acciones de los grupos armados al margen de la ley,Paro armado,Otra,False,disidencias de las farc,mordisco,0,"alias mordisco respondio con paros armados en lugares estrategicos para el trafico de droga, armas y madera como la trocha ganadera, en el marco de la disputa con las disidencias de calarca.",disidencias de las farc,Paro armado,Guaviare,San José Del Guaviare,32,Narcotráfico,False,San José Del Guaviare - Guaviare,"{""Ambiental"": ""Negativo""}",Ambiental
19878,2026-06-10,mioriente,Argelia,Antioquia,Andina,False,False,Rural,Presencia grupos armados ilegales,Reten ilegal,Otra,False,eln,sin informacion,0,"habitantes y viajeros reportaron la presunta instalacion de un reten ilegal en un sector de la vereda la aguada, sobre la via que comunica hacia el municipio de argelia de maria; un grupo de hombres armados, al parecer con uniformes y brazaletes alusivos al eln, habria detenido varios vehiculos y motocicletas, interrogo a los ocupantes y luego les permitio continuar.",eln,Reten ilegal,Antioquia,Argelia,60,Ninguna,False,Argelia - Antioquia,{},Ninguno
19891,2026-06-09,blu radio,Santiago De Cali,Valle Del Cauca,Pacífico,False,False,Urbana,Acciones de la fuerza publica y otros servidores publicos,Combate,Acciones de la fuerza publica,True,delincuencia comun,sin informacion,1,"en el sector de sameco, norte de cali, autoridades se enfrentaron a disparos con dos presuntos delincuentes que intentaban ingresar un cargamento de clorhidrato de cocaina y evadir un puesto de control del plan retorno. tras el intercambio de disparos, uno de los ocupantes del vehiculo murio y el otro escapo en una motocicleta.",delincuencia comun,Combate,Valle Del Cauca,Santiago De Cali,54,Narcotráfico,False,Santiago De Cali - Valle Del Cauca,{},Ninguno
19893,2026-06-09,diario del sur,Bajo Baudó,Chocó,Pacífico,False,False,Rural,Acciones de los grupos armados al margen de la ley,Ataque a personal militar/ ataque francotirador,Ataques contra la fuerza publica,True,eln,sin informacion,5,"cinco integrantes de la armada nacional resultaron heridos tras un ataque con drones cargados con explosivos cuando desarrollaban operaciones militares en el corregimiento de belen de docampado, municipio de bajo baudo, choco. las autoridades atribuyeron el hecho a presuntos integrantes del eln, pero senalaron que continuan las investigaciones para determinar la estructura responsable.",eln,Ataque a personal militar/ ataque francotirador,Chocó,Bajo Baudó,53,Ninguna,False,Bajo Baudó - Chocó,{},Ninguno
19904,2026-06-09,el pais,Cajibío,Cauca,Pacífico,True,False,Rural,Acciones de los grupos armados al margen de la ley,Ataque a personal militar/ ataque francotirador,Ataques contra la fuerza publica,True,grupo armado ilegal no identificado,sin informacion,0,"hombres armados intentaron interceptar una camioneta del esquema de proteccion de la unp en la via panamericana, sector el paradero las fresas o el cofre, y dispararon contra el vehiculo durante la huida; el dirigente alvaro guevara y su esquema resultaron ilesos.",grupo armado ilegal no identificado,Ataque a personal militar/ ataque francotirador,Cauca,Cajibío,42,Ninguna,False,Cajibío - Cauca,"{""Humanitario"": ""Negativo""}",Humanitario
19905,2026-06-09,el pais,Popayán,Cauca,Pacífico,False,False,Rural,Acciones de los grupos armados al margen de la ley,Reten ilegal,Otra,False,grupo armado ilegal no identificado,sin informacion,0,"varios sujetos armados instalaron un reten ilegal en el sector de mi bohio, sobre la via panamericana en el tramo que comunica a popayan con timbio, e intentaron incendiar una tractomula; el fuego fue sofocado por comunidades cercanas antes de causar danos mayores.",grupo armado ilegal no identificado,Reten ilegal,Cauca,Popayán,43,Ninguna,False,Popayán - Cauca,{},Ninguno
19856,2026-06-08,revista semana,Bajo Baudó,Chocó,Pacífico,False,False,Rural,Acciones de los grupos armados al margen de la ley,Hostigamiento,Ataques contra la fuerza publica,True,eln,sin informacion,5,"un ataque con explosivos lanzados desde drones, presuntamente perpetrado por integrantes del eln, dejo heridos a un suboficial y cuatro infantes de marina profesionales en el corregimiento de belen de docampado, jurisdiccion del municipio de bajo baudo, choco.",eln,Hostigamiento,Chocó,Bajo Baudó,38,Ninguna,False,Bajo Baudó - Chocó,{},Ninguno
19866,2026-06-08,caracol radio,Bajo Baudó,Chocó,Pacífico,False,False,Rural,Acciones de los grupos armados al margen de la ley,Ataque a personal militar/ ataque francotirador,Ataques contra la fuerza publica,True,eln,sin informacion,5,"cinco integrantes de la armada nacional resultaron heridos en un ataque con artefactos explosivos lanzados desde drones, presuntamente ejecutado por integrantes del eln, durante operaciones militares en el corregimiento de belen de docampado, zona rural de bajo baudo; luego fueron evacuados a buenaventura para atencion medica especializada.",eln,Ataque a personal militar/ ataque francotirador,Chocó,Bajo Baudó,47,Ninguna,False,Bajo Baudó - Chocó,"{""Agropecuario"": ""Negativo""}",Agropecuario
19898,2026-06-07,ejercito nacional,Maicao,La Guajira,Caribe,False,False,Rural,Acciones de la fuerza publica y otros servidores publicos,Combate,Acciones de la fuerza publica,True,eln,frente seis de diciembre,2,"en el sector conocido como los corazones, municipio de maicao, la guajira, el ejercito nacional, con apoyo de la fuerza aeroespacial colombiana y coordinacion de la policia nacional y la fiscalia general de la nacion, realizo una operacion militar contra el frente seis de diciembre del eln que produjo un combate en el que murio un sujeto presunto explosivista y francotirador del grupo, y otro presunto integrante menor de edad resulto herido. en el lugar fueron incautados un fusil, una pistola, 2 artefactos explosivos improvisados, 2 detonadores, 338 municiones y un proveedor.",eln,Combate,La Guajira,Maicao,92,Ninguna,False,Maicao - La Guajira,{},Ninguno
19938,2026-06-07,la fm,Bajo Baudó,Chocó,Pacífico,False,False,Rural,Acciones de los grupos armados al margen de la ley,Hostigamiento,Ataques contra la fuerza publica,True,eln,sin informacion,5,"el eln habria atacado con artefactos explosivos lanzados desde drones a tropas de la armada nacional en el corregimiento de belen de docampado, zona rural de bajo baudo, dejando heridos a cinco marinos.",eln,Hostigamiento,Chocó,Bajo Baudó,33,Ninguna,False,Bajo Baudó - Chocó,"{""Agropecuario"": ""Negativo""}",Agropecuario
19842,2026-06-06,el heraldo,Ocaña,Norte De Santander,Andina,False,False,Rural,Acciones de la fuerza publica y otros servidores publicos,Combate,Acciones de la fuerza publica,True,otro grupo armado ilegal,clan del golfo,4,"un policia murio y tres integrantes del grupo armado murieron en un enfrentamiento a bala durante una operacion contra integrantes del clan del golfo en zona rural de ocana, en la vereda pueblo nuevo, en el marco de la operacion 'gevurah' y la operacion esparta.",otro grupo armado ilegal,Combate,Norte De Santander,Ocaña,45,Ninguna,False,Ocaña - Norte De Santander,"{""Agropecuario"": ""Negativo""}",Agropecuario
19865,2026-06-06,caracol radio,Ocaña,Norte De Santander,Andina,False,False,Rural,Acciones de la fuerza publica y otros servidores publicos,Combate,Acciones de la fuerza publica,True,otro grupo armado ilegal,clan del golfo; subestructura ferney antonio lopez polo,4,"en medio de operaciones de la policia nacional contra el clan del golfo en ocana, norte de santander, fallecio el integrante del goer francisco javier jaimes angarita mientras adelantaba maniobras operacionales contra la subestructura ferney antonio lopez polo; de manera preliminar, se reporto la neutralizacion de tres integrantes de esa estructura criminal.",otro grupo armado ilegal,Combate,Norte De Santander,Ocaña,52,Ninguna,False,Ocaña - Norte De Santander,{},Ninguno
19884,2026-06-06,blu radio,Linares,Nariño,Pacífico,False,False,Urbana,Presencia grupos armados ilegales,Solo presencia,Otra,False,"eln, disidencias de las farc",sin informacion,0,"en linares (narino) se reporto la presencia presunta de milicias del eln en la parte alta, que limita con samaniego, y de disidencias de las farc en la zona baja, cercana al rio guaitara; la comunidad denuncio que estos actores llevan aproximadamente dos anos y medio en el territorio y que en los ultimos dias se intensificaron los enfrentamientos y el desplazamiento de السكان hacia el casco urbano.","eln, disidencias de las farc",Solo presencia,Nariño,Linares,68,Ninguna,False,Linares - Nariño,"{""Ambiental"": ""Negativo"", ""Humanitario"": ""Negativo""}","Ambiental, Humanitario"
19901,2026-06-06,el heraldo,El Litoral Del San Juan,Chocó,Pacífico,True,False,,Acciones de los grupos armados al margen de la ley,Hostigamiento,Ataques contra la fuerza publica,True,eln,frente ernesto che guevara,0,"el eln, a traves del frente ernesto che guevara, ataco con rafagas de fusil, ametralladoras y granadas al personal adscrito al batallon fluvial de infanteria de marina no. 24 que custodiaba la mision medica del buque hospital benkos bioho, mientras navegaba cerca de palestina, choco.",eln,Hostigamiento,Chocó,El Litoral Del San Juan,45,Ninguna,False,El Litoral Del San Juan - Chocó,"{""Humanitario"": ""Negativo""}",Humanitario
19916,2026-06-06,el tiempo,Cajibío,Cauca,Pacífico,True,False,Rural,Acciones de los grupos armados al margen de la ley,Ataque a bienes civiles,Ataque a infraestructura y bienes civiles,True,grupo armado ilegal no identificado,sin informacion,0,"hombres armados intentaron interceptar una camioneta adscrita a un esquema de proteccion de la unp en el sector de las fresas; al no detenerse el vehiculo, dispararon en repetidas ocasiones e impactaron la carroceria. el hecho estaba asignado a alvaro guevara, presidente del partido conservador en caldono. no hubo personas heridas.",grupo armado ilegal no identificado,Ataque a bienes civiles,Cauca,Cajibío,51,Ninguna,False,Cajibío - Cauca,"{""Humanitario"": ""Negativo""}",Humanitario
19917,2026-06-06,el tiempo,Timbío,Cauca,Pacífico,False,False,,Acciones de los grupos armados al margen de la ley,Reten ilegal,Otra,False,grupo armado ilegal no identificado,sin informacion,0,"varios hombres armados instalaron un reten ilegal en el sector de mi bohio, en el tramo entre popayan y timbio, e intentaron incendiar una tractomula. la comunidad intervino para auxiliar al conductor y controlar las llamas; el conductor resulto ileso y el vehiculo sufrio afectaciones menores.",grupo armado ilegal no identificado,Reten ilegal,Cauca,Timbío,46,Ninguna,False,Timbío - Cauca,{},Ninguno
19936,2026-06-06,la fm,Ocaña,Norte De Santander,Andina,False,False,Rural,Acciones de la fuerza publica y otros servidores publicos,Combate,Acciones de la fuerza publica,True,otro grupo armado ilegal,subestructura ferney antonio lopez polo,4,"en horas de la manana del sabado 6 de junio, en desarrollo de la operacion gevurah y la accion esparta, se registro un enfrentamiento armado en la vereda pueblo nuevo de ocana entre la policia y el clan del golfo, en el que murio el patrullero francisco javier jaimes angarita y tres integrantes del clan del golfo.",otro grupo armado ilegal,Combate,Norte De Santander,Ocaña,57,Ninguna,False,Ocaña - Norte De Santander,{},Ninguno
19937,2026-06-06,la fm,Ocaña,Norte De Santander,Andina,False,False,,Acciones de los grupos armados al margen de la ley,Activacion de artefacto explosivo,Ataque a infraestructura y bienes civiles,True,eln,sin informacion,0,"en las ultimas horas, el eln ubico varias cargas explosivas en la via que comunica ocana con el municipio de rio de oro, y el ejercito las destruyo antes de que fueran activadas.",eln,Activacion de artefacto explosivo,Norte De Santander,Ocaña,33,Minería,False,Ocaña - Norte De Santander,"{""Minero"": ""Negativo"", ""Ambiental"": ""Negativo""}","Minero, Ambiental"
19946,2026-06-06,mi diario informa,Maicao,La Guajira,Caribe,False,False,,Acciones de la fuerza publica y otros servidores publicos,Combate,Acciones de la fuerza publica,True,eln,frente seis de diciembre,2,"en desarrollo de operaciones militares en el sector los corazones de maicao, la guajira, el ejercito nacional, con apoyo de la fuerza aeroespacial colombiana y coordinacion de la policia nacional y la fiscalia, realizo un combate contra el frente seis de diciembre del eln; durante la operacion murio un presunto explosivista del eln e incautaron un fusil, una pistola, dos artefactos explosivos improvisados con sus detonadores, 338 municiones y un proveedor.",eln,Combate,La Guajira,Maicao,71,Ninguna,False,Maicao - La Guajira,{},Ninguno
19848,2026-06-05,el tiempo,Silvia,Cauca,Pacífico,False,False,Rural,Acciones de la fuerza publica y otros servidores publicos,Combate,Acciones de la fuerza publica,True,grupo armado ilegal no identificado,sin informacion,0,"se registraron combates entre tropas del ejercito nacional y grupos armados ilegales en el resguardo indigena de guambia, en silvia, con hostigamientos armados en el sector de alto cacique; tres civiles quedaron atrapados en medio de las confrontaciones y luego fueron rescatados con intervencion de la comunidad y el cuerpo de bomberos.",grupo armado ilegal no identificado,Combate,Cauca,Silvia,52,Ninguna,False,Silvia - Cauca,{},Ninguno
19854,2026-06-04,la silla vacia,San José Del Guaviare,Guaviare,Amazonia,True,True,Rural,Acciones de la fuerza publica y otros servidores publicos,Bombardeo,Acciones de la fuerza publica,True,disidencias de las farc,ivan mordisco,3,"el presidente gustavo petro ordeno un bombardeo contra las disidencias de 'ivan mordisco' en zona rural de san jose del guaviare. segun el ministro de defensa, en la operacion murieron tres integrantes de esa disidencia y se rescato a un menor de edad.",disidencias de las farc,Bombardeo,Guaviare,San José Del Guaviare,43,Ninguna,False,San José Del Guaviare - Guaviare,"{""Agropecuario"": ""Negativo""}",Agropecuario
19874,2026-06-04,el pilon,Curumaní,Cesar,Caribe,False,False,Rural,Acciones de los grupos armados al margen de la ley,Reten ilegal,Otra,False,eln,sin informacion,0,"hombres armados, presuntamente pertenecientes al eln, instalaron un reten ilegal en el sector de santa isabel, entre el corregimiento de san roque, jurisdiccion de curumani, y el municipio de la jagua de ibirico, retuvieron ilegalmente a cinco conductores y luego los liberaron.",eln,Reten ilegal,Cesar,Curumaní,42,Ninguna,False,Curumaní - Cesar,{},Ninguno
19885,2026-06-04,blu radio,Río De Oro,Cesar,Caribe,False,False,Rural,Acciones de los grupos armados al margen de la ley,Activacion de artefacto explosivo,Ataque a infraestructura y bienes civiles,True,eln,frente camilo torres restrepo,0,"integrantes del frente camilo torres restrepo del eln habrian instalado siete artefactos explosivos improvisados en el sector de piletas, sobre la ruta nacional 70, para atentar contra la poblacion civil, la infraestructura vial y las tropas con presencia en el corredor entre cesar y norte de santander.",eln,Activacion de artefacto explosivo,Cesar,Río De Oro,47,Ninguna,True,Río De Oro - Cesar,{},Ninguno
19890,2026-06-04,blu radio,La Jagua De Ibirico,Cesar,Caribe,True,False,Rural,Acciones de los grupos armados al margen de la ley,Reten ilegal,Otra,False,eln,sin informacion,0,"cinco camioneros fueron retenidos por integrantes del eln en zona rural de la jagua de ibirico y luego abandonados; la noticia tambien senala que los automotores habrian quedado en un reten ilegal y que las victimas llegaron por sus medios a santa isabel, jurisdiccion de curumani.",eln,Reten ilegal,Cesar,La Jagua De Ibirico,46,Ninguna,False,La Jagua De Ibirico - Cesar,"{""Agropecuario"": ""Negativo""}",Agropecuario
19859,2026-06-03,revista semana,San José Del Guaviare,Guaviare,Amazonia,True,True,Rural,Acciones de los grupos armados al margen de la ley,Enfrentamiento,Enfrentamientos,True,disidencias de las farc,ivan mordisco y alias calarca,48,"el 27 de mayo, en zona rural de san jose del guaviare, sitio conocido como barranco colorado, se registraron enfrentamientos entre grupos disidentes de ivan mordisco y alias calarca; medicina legal informo que los estudios de necropsia concluyeron que las victimas fueron asesinadas producto de un combate con armas de fuego.",disidencias de las farc,Enfrentamiento,Guaviare,San José Del Guaviare,51,Ninguna,False,San José Del Guaviare - Guaviare,"{""Agropecuario"": ""Negativo""}",Agropecuario
19863,2026-06-03,caracol radio,San José Del Guaviare,Guaviare,Amazonia,True,True,Rural,Presencia grupos armados ilegales,Solo presencia,Otra,False,disidencias de las farc,‘mordisco’ y ‘calarca’,0,"el alcalde de san jose del guaviare alerto sobre la presencia de disidencias de las farc de ‘mordisco’ y ‘calarca’ en la zona, en medio de enfrentamientos prolongados que estan afectando a comunidades, con riesgo de nuevas victimas, desplazamiento, confinamiento, desabastecimiento y restriccion de la movilidad.",disidencias de las farc,Solo presencia,Guaviare,San José Del Guaviare,46,Ninguna,False,San José Del Guaviare - Guaviare,"{""Humanitario"": ""Negativo""}",Humanitario
19864,2026-06-03,caracol radio,San José Del Guaviare,Guaviare,Amazonia,True,True,Rural,Acciones de los grupos armados al margen de la ley,Enfrentamiento,Enfrentamientos,True,disidencias de las farc,‘mordisco’ y ‘calarca’,0,"se reportaron enfrentamientos entre disidencias de las farc de ‘mordisco’ y ‘calarca’ en zona rural de san jose del guaviare, con fallecidos y heridos no precisados en la noticia, ademas de bombardeos reportados por locales.",disidencias de las farc,Enfrentamiento,Guaviare,San José Del Guaviare,35,Ninguna,False,San José Del Guaviare - Guaviare,"{""Agropecuario"": ""Negativo""}",Agropecuario
19940,2026-06-03,la fm,El Tarra,Norte De Santander,Andina,True,False,Rural,Acciones de los grupos armados al margen de la ley,Ataque a poblacion,Ataque a infraestructura y bienes civiles,True,eln,sin informacion,1,"se registro otro ataque similar en zona rural de el tarra, que dejo un anciano muerto y varias personas heridas; la noticia lo presenta como parte de la intensificacion de la violencia en el catatumbo.",eln,Ataque a poblacion,Norte De Santander,El Tarra,35,Ninguna,False,El Tarra - Norte De Santander,"{""Agropecuario"": ""Negativo""}",Agropecuario
19952,2026-06-03,pares,San José Del Guaviare,Guaviare,Amazonia,True,True,Rural,Acciones de los grupos armados al margen de la ley,Confinamiento,Otra,False,disidencias de las farc,sin informacion,0,el 3 de junio de 2026 la alcaldia de san jose del guaviare declaro el confinamiento de cinco comunidades rurales por la presion y el riesgo derivados de la confrontacion armada en la zona.,disidencias de las farc,Confinamiento,Guaviare,San José Del Guaviare,34,Ninguna,False,San José Del Guaviare - Guaviare,"{""Humanitario"": ""Negativo""}",Humanitario
19851,2026-06-02,la fm,Teorama,Norte De Santander,Andina,True,False,Rural,Acciones de los grupos armados al margen de la ley,Hostigamiento,Ataques contra la fuerza publica,True,eln,sin informacion,2,"el eln asesino a un militar e hirio a otro en el sector de los negritos, zona rural del municipio de teorama, mediante un ataque con drones cargados con explosivos.",eln,Hostigamiento,Norte De Santander,Teorama,30,Ninguna,False,Teorama - Norte De Santander,"{""Agropecuario"": ""Negativo""}",Agropecuario
19852,2026-06-02,la fm,El Tarra,Norte De Santander,Andina,True,False,Rural,Acciones de los grupos armados al margen de la ley,Hostigamiento,Ataques contra la fuerza publica,True,eln,sin informacion,2,"en zona rural del municipio de el tarra, un hecho similar atribuido al eln dejo un anciano muerto y varias personas heridas.",eln,Hostigamiento,Norte De Santander,El Tarra,22,Ninguna,False,El Tarra - Norte De Santander,"{""Agropecuario"": ""Negativo""}",Agropecuario
19853,2026-06-02,la fm,Sipí,Chocó,Pacífico,True,False,Rural,Acciones de la fuerza publica y otros servidores publicos,Combate,Acciones de la fuerza publica,True,otro grupo armado ilegal,clan del golfo,2,"en una operacion militar en zona rural de sipi, choco, registrada en la vereda el embarcadero, tropas del ejercito nacional con apoyo de la fuerza aeroespacial colombiana, la armada nacional y la policia nacional sostuvieron combates contra presuntos integrantes del clan del golfo; el reporte preliminar indica dos abatidos, cinco capturados y la incautacion de material de guerra y explosivos.",otro grupo armado ilegal,Combate,Chocó,Sipí,60,Ninguna,False,Sipí - Chocó,"{""Agropecuario"": ""Negativo""}",Agropecuario
19908,2026-06-02,el pais,La Jagua De Ibirico,Cesar,Caribe,True,False,Rural,Acciones de los grupos armados al margen de la ley,Reten ilegal,Otra,False,eln,sin informacion,0,cinco camioneros fueron secuestrados y robados en un reten ilegal instalado por cerca de 15 hombres armados en una via que comunica cesar con la guajira; luego fueron liberados y aparecieron a salvo en curumani. autoridades presumen que habria sido accion del eln.,eln,Reten ilegal,Cesar,La Jagua De Ibirico,43,Ninguna,False,La Jagua De Ibirico - Cesar,{},Ninguno
19942,2026-06-02,la fm,Suárez,Cauca,Pacífico,True,False,Rural,Acciones de los grupos armados al margen de la ley,Combate,Acciones de la fuerza publica,True,disidencias de las farc,frente jaime martinez,8,"en suarez, cauca, se registraron combates entre tropas del ejercito nacional e integrantes del frente jaime martinez de las disidencias de 'ivan mordisco'; durante los enfrentamientos, en el sector de la betulia fue activada o lanzada una carga/artefacto explosivo que dejo ocho civiles heridos, entre ellos siete menores de edad y un adulto mayor.",disidencias de las farc,Combate,Cauca,Suárez,54,Ninguna,False,Suárez - Cauca,{},Ninguno
19847,2026-06-01,el tiempo,Suárez,Cauca,Pacífico,True,False,Rural,Acciones de los grupos armados al margen de la ley,Ataque contra la poblacion,Otra,False,disidencias de las farc,frente 'jaime martinez',8,"disidentes del frente 'jaime martinez' atacaron en zona rural de suarez, cauca, usando artefactos explosivos acondicionados con drones; el ataque dejo varios pobladores heridos y provoco traslado de civiles lesionados a cali.",disidencias de las farc,Ataque contra la poblacion,Cauca,Suárez,32,Ninguna,False,Suárez - Cauca,"{""Agropecuario"": ""Negativo""}",Agropecuario
19857,2026-06-01,revista semana,Sipí,Chocó,Pacífico,True,False,Rural,Acciones de la fuerza publica y otros servidores publicos,Bombardeo,Acciones de la fuerza publica,True,otro grupo armado ilegal,clan del golfo,2,"el ejercito nacional reporto un bombardeo y operacion ofensiva contra integrantes del clan del golfo en la vereda el embarcadero, municipio de sipi, choco, durante la primera vuelta presidencial; en el lugar se reporto la muerte de dos personas y la captura de cinco mas, ademas de la incautacion de armamento y material de intendencia.",otro grupo armado ilegal,Bombardeo,Chocó,Sipí,55,Ninguna,False,Sipí - Chocó,{},Ninguno
19900,2026-06-01,el heraldo,Sipí,Chocó,Pacífico,True,False,Rural,Acciones de la fuerza publica y otros servidores publicos,Combate,Acciones de la fuerza publica,True,otro grupo armado ilegal,clan del golfo,2,"enfrentamiento entre el ejercito de colombia y miembros del clan del golfo en sipi (choco), en el que murieron dos integrantes del grupo armado y otros dos fueron capturados; ademas se incautaron armas de fuego, municion y un artefacto explosivo.",otro grupo armado ilegal,Combate,Chocó,Sipí,40,Ninguna,False,Sipí - Chocó,{},Ninguno
19932,2026-06-01,la fm,El Tarra,Norte De Santander,Andina,True,False,Urbana,Acciones de los grupos armados al margen de la ley,Quema de vehiculo,Ataque a infraestructura y bienes civiles,True,"eln, disidencias de las farc",sin informacion,0,en el tarra se reporto la incineracion de un establecimiento comercial en medio de los combates entre el eln y las disidencias de las farc.,"eln, disidencias de las farc",Quema de vehiculo,Norte De Santander,El Tarra,25,Ninguna,False,El Tarra - Norte De Santander,{},Ninguno
19839,2026-05-24,caracol,Tibú,Norte De Santander,Andina,True,True,Rural,Acciones de los grupos armados al margen de la ley,Hostigamiento,Ataques contra la fuerza publica,True,eln,,8,"el 24 de mayo de 2026, en tibu, norte de santander, integrantes del eln atacaron con drones acondicionados con explosivos a tropas del batallon de operaciones terrestres n.° 10 del ejercito nacional que desarrollaban operaciones de control territorial en la vereda barco la silla. como consecuencia, un soldado profesional murio y siete militares resultaron heridos, quienes fueron evacuados a un centro asistencial en cucuta.",eln,Hostigamiento,Norte De Santander,Tibú,64,Ninguna,False,Tibú - Norte De Santander,{},Ninguno
19836,2026-05-23,caracol,Tibú,Norte De Santander,Andina,True,True,Rural,Acciones de la fuerza publica y otros servidores publicos,Combate,Acciones de la fuerza publica,True,eln,,0,"el 23 de mayo de 2026, en tibu, norte de santander, tropas del ejercito nacional sostuvieron un combate con presuntos integrantes del eln durante una operacion militar adelantada en la vereda la valera, tras denuncias sobre un reten ilegal instalado en el sector de la llana. al momento de la publicacion no se reportaba un balance oficial de personas muertas, heridas o capturadas.",eln,Combate,Norte De Santander,Tibú,63,Ninguna,False,Tibú - Norte De Santander,{},Ninguno
19838,2026-05-23,el heraldo,Río Iró,Chocó,Pacífico,False,False,Rural,Acciones de los grupos armados al margen de la ley,Hostigamiento,Ataques contra la fuerza publica,True,eln,,1,"el 23 de mayo de 2026, en el corregimiento de santa rita, municipio de rio iro, choco, integrantes del eln atacaron con explosivos lanzados desde un dron la estacion de policia. como consecuencia, un subintendente de la policia resulto herido y se registraron danos materiales en la estacion y en viviendas cercanas.",eln,Hostigamiento,Chocó,Río Iró,52,Ninguna,False,Río Iró - Chocó,"{""Ambiental"": ""Negativo""}",Ambiental
19810,2026-05-22,el pais,Sipí,Chocó,Pacífico,True,False,Urbana,Acciones de la fuerza publica y otros servidores publicos,Combate,Acciones de la fuerza publica,True,otro grupo armado ilegal,clan del golfo,5,"el 23 de mayo de 2026, en sipi, choco, tropas del ejercito nacional sostuvieron combates contra integrantes del clan del golfo durante una operacion militar. como resultado preliminar, cinco integrantes del grupo armado ilegal murieron y las tropas recuperaron un area utilizada por la organizacion para sus actividades.",otro grupo armado ilegal,Combate,Chocó,Sipí,48,Ninguna,False,Sipí - Chocó,{},Ninguno
19837,2026-05-22,caracol,Briceño,Antioquia,Andina,True,True,Rural,Acciones de la fuerza publica y otros servidores publicos,Combate,Acciones de la fuerza publica,True,disidencias de las farc,frente 36,3,"el 22 de mayo de 2026, en briceno, antioquia, tropas del ejercito nacional, en apoyo con la fiscalia general de la nacion, sostuvieron combates contra integrantes del frente 36 de las disidencias de las farc durante una operacion militar en la vereda palmichal, corregimiento travesias. como resultado, tres integrantes del grupo armado ilegal murieron y las tropas solo lograron asegurar uno de los cuerpos tras una asonada de la comunidad.",disidencias de las farc,Combate,Antioquia,Briceño,70,Ninguna,False,Briceño - Antioquia,{},Ninguno
19832,2026-05-21,minuto 30,Jericó,Antioquia,Andina,False,False,Rural,Acciones de los grupos armados al margen de la ley,Enfrentamiento,Enfrentamientos,True,otro grupo armado ilegal,clan del golfo; los pachecos,1,"el 19 de mayo de 2026, en jerico, antioquia, integrantes del clan del golfo y del grupo armado ilegal conocido como los pachecos sostuvieron un enfrentamiento armado en el sector las playas por el control del territorio. como consecuencia, un presunto integrante de los pachecos murio y posteriormente el ejercito nacional hizo presencia para asegurar la zona.",otro grupo armado ilegal,Enfrentamiento,Antioquia,Jericó,57,Ninguna,False,Jericó - Antioquia,{},Ninguno
19829,2026-05-20,caracol,Arenal,Bolívar,Caribe,True,False,Rural,Acciones de los grupos armados al margen de la ley,Hostigamiento,Ataques contra la fuerza publica,True,,,4,"el 20 de mayo de 2026, en arenal, bolivar, integrantes de un grupo armado ilegal atacaron con explosivos lanzados desde drones a tropas del ejercito nacional que desarrollaban una brigada de accion integral con servicios de salud en el corregimiento de buenavista. como consecuencia, cuatro militares resultaron heridos y dos civiles de la comunidad fueron reportados como desaparecidos.",no identificado,Hostigamiento,Bolívar,Arenal,58,Ninguna,False,Arenal - Bolívar,{},Ninguno
19830,2026-05-20,caracol,Canalete,Córdoba,Caribe,False,False,Rural,Acciones de la fuerza publica y otros servidores publicos,Combate,Acciones de la fuerza publica,True,otro grupo armado ilegal,clan del golfo,0,"el 20 de mayo de 2026, en canalete, cordoba, tropas del gaula militar sinu de la brigada 11 y del batallon de fuerzas especiales urbanas n.° 7 sostuvieron combates contra integrantes de la subestructura zuley guerra castro del clan del golfo durante una operacion militar. al momento de la publicacion, las operaciones continuaban y no se reportaba un balance oficial de personas muertas, heridas o capturadas.",otro grupo armado ilegal,Combate,Córdoba,Canalete,66,Ninguna,False,Canalete - Córdoba,{},Ninguno
19831,2026-05-20,el pais,Patía,Cauca,Pacífico,True,False,Rural,Acciones de la fuerza publica y otros servidores publicos,Bombardeo,Acciones de la fuerza publica,True,disidencias de las farc,frente carlos patino,2,"el 20 de mayo de 2026, en patia, cauca, tropas del ejercito nacional y la fuerza aeroespacial colombiana desarrollaron una operacion militar que incluyo un bombardeo y posteriores combates contra integrantes del frente carlos patino de las disidencias de las farc en el corregimiento de el hoyo. como resultado, murieron varios integrantes del grupo armado ilegal, entre ellos un presunto explosivista y operador de drones.",disidencias de las farc,Bombardeo,Cauca,Patía,65,Ninguna,False,Patía - Cauca,{},Ninguno
19833,2026-05-20,el heraldo,Santa Rosa Del Sur,Bolívar,Caribe,True,True,Rural,Acciones de los grupos armados al margen de la ley,Hostigamiento,Ataques contra la fuerza publica,True,disidencias de las farc,frente 37,2,"el 20 de mayo de 2026, en santa rosa del sur, bolivar, integrantes de la estructura 37 de las disidencias de las farc atacaron con explosivos lanzados desde drones a tropas del ejercito nacional que desarrollaban operaciones militares. como consecuencia, un soldado murio y otro integrante de la fuerza publica resulto herido.",disidencias de las farc,Hostigamiento,Bolívar,Santa Rosa Del Sur,52,Ninguna,False,Santa Rosa Del Sur - Bolívar,{},Ninguno
19834,2026-05-20,el heraldo,Arenal,Bolívar,Caribe,True,False,Rural,Acciones de los grupos armados al margen de la ley,Hostigamiento,Ataques contra la fuerza publica,True,eln,,4,"el 20 de mayo de 2026, en arenal, bolivar, integrantes del eln activaron artefactos explosivos contra tropas del ejercito nacional que desarrollaban operaciones militares. como consecuencia, dos suboficiales y dos soldados resultaron heridos.",eln,Hostigamiento,Bolívar,Arenal,33,Ninguna,False,Arenal - Bolívar,{},Ninguno
19835,2026-05-20,semana,Ocaña,Norte De Santander,Andina,False,False,Urbana,Acciones de los grupos armados al margen de la ley,Ataque contra aeronaves,Ataque a infraestructura y bienes civiles,True,,,3,"el 20 de mayo de 2026, en ocana, norte de santander, integrantes de un grupo armado ilegal atacaron con disparos un avion de la policia nacional cuando se disponia a despegar del aeropuerto del municipio. como consecuencia, tres integrantes de la policia nacional resultaron heridos y la aeronave sufrio danos.",no identificado,Ataque contra aeronaves,Norte De Santander,Ocaña,50,Ninguna,False,Ocaña - Norte De Santander,{},Ninguno
19827,2026-05-19,caracol,Popayán,Cauca,Pacífico,False,False,Rural,Acciones de los grupos armados al margen de la ley,Activacion de artefacto explosivo,Ataque a infraestructura y bienes civiles,True,,,0,"el 19 de mayo de 2026, en popayan, cauca, fue activado un artefacto explosivo improvisado de alto poder contra un establecimiento comercial ubicado en el barrio la esmeralda. la explosion ocasiono danos materiales en el establecimiento y en viviendas cercanas, sin que se reportaran personas heridas o muertas.",no identificado,Activacion de artefacto explosivo,Cauca,Popayán,48,Ninguna,False,Popayán - Cauca,{},Ninguno
19828,2026-05-19,semana,Suárez,Cauca,Pacífico,True,False,Rural,Acciones de los grupos armados al margen de la ley,Hostigamiento,Ataques contra la fuerza publica,True,disidencias de las farc,frente jaime martinez,7,"el 19 de mayo de 2026, en suarez, cauca, integrantes de la estructura jaime martinez de las disidencias de las farc atacaron con explosivos lanzados desde drones a tropas del ejercito nacional que desarrollaban operaciones militares en la vereda canutico. como consecuencia, un subteniente del ejercito murio y seis soldados resultaron heridos",disidencias de las farc,Hostigamiento,Cauca,Suárez,52,Ninguna,False,Suárez - Cauca,{},Ninguno
19823,2026-05-18,blu radio,Acandí,Chocó,Pacífico,True,False,Rural,Acciones de la fuerza publica y otros servidores publicos,Combate,Acciones de la fuerza publica,True,otro grupo armado ilegal,clan del golfo,2,"el 18 de mayo de 2026, en canton de san pablo, choco, tropas del ejercito nacional sostuvieron combates contra integrantes del clan del golfo durante el desarrollo de una operacion militar en la vereda managru. como consecuencia, dos integrantes de la fuerza publica murieron y no se reporto un balance oficial sobre afectaciones al grupo armado ilegal.",otro grupo armado ilegal,Combate,Chocó,Acandí,57,Ninguna,False,Acandí - Chocó,{},Ninguno
19825,2026-05-18,caracol,Villa Del Rosario,Norte De Santander,Andina,False,False,Rural,Acciones de la fuerza publica y otros servidores publicos,Combate,Acciones de la fuerza publica,True,,,2,"el 18 de mayo de 2026, en villa del rosario, norte de santander, tropas del grupo de caballeria maza del ejercito nacional sostuvieron un combate con hombres armados mientras realizaban operaciones de registro y control en la trocha los mangos, sector de la parada. como consecuencia, dos soldados resultaron heridos y fueron trasladados a un centro asistencial en cucuta.",no identificado,Combate,Norte De Santander,Villa Del Rosario,59,Ninguna,False,Villa Del Rosario - Norte De Santander,{},Ninguno
19826,2026-05-18,el pais,Suárez,Cauca,Pacífico,True,False,Rural,Acciones de la fuerza publica y otros servidores publicos,Combate,Acciones de la fuerza publica,True,disidencias de las farc,frente jaime martinez,0,"el 18 de mayo de 2026, en suarez, cauca, tropas del ejercito nacional, con apoyo de la fuerza aeroespacial colombiana, sostuvieron combates contra integrantes de la estructura jaime martinez de las disidencias de las farc en la vereda el cacique. al momento de la publicacion, las operaciones continuaban y no se reportaba un balance oficial de personas muertas, heridas o capturadas.",disidencias de las farc,Combate,Cauca,Suárez,61,Ninguna,False,Suárez - Cauca,{},Ninguno
19822,2026-05-17,caracol,Patía,Cauca,Pacífico,True,False,Rural,Acciones de los grupos armados al margen de la ley,Hostigamiento,Ataques contra la fuerza publica,True,,,2,"el 17 de mayo de 2026, en el bordo, municipio de patia, cauca, desconocidos lanzaron dos granadas de fragmentacion contra una patrulla de la policia nacional que realizaba labores de patrullaje y control. como consecuencia, un integrante de la fuerza publica y un civil resultaron heridos.",no identificado,Hostigamiento,Cauca,Patía,46,Ninguna,False,Patía - Cauca,{},Ninguno
19819,2026-05-16,caracol,Hacarí,Norte De Santander,Andina,True,False,Urbana,Acciones de los grupos armados al margen de la ley,Hostigamiento,Ataques contra la fuerza publica,True,,,0,"el 16 de mayo de 2026, en hacari, norte de santander, un grupo armado ilegal hostigo con rafagas de fusil y artefactos explosivos la estacion de policia del municipio. el ataque genero temor entre la poblacion y no se reportaron personas heridas o muertas.",no identificado,Hostigamiento,Norte De Santander,Hacarí,44,Ninguna,False,Hacarí - Norte De Santander,{},Ninguno
19820,2026-05-16,el pais,Corinto,Cauca,Pacífico,True,False,Rural,Acciones de los grupos armados al margen de la ley,Activacion de artefacto explosivo,Ataque a infraestructura y bienes civiles,True,disidencias de las farc,,2,"el 16 de mayo de 2026, en corinto, cauca, un dron cargado con explosivos cayo sobre una vivienda de la vereda santa elena en medio de enfrentamientos entre el ejercito nacional e integrantes de las disidencias de las farc. como consecuencia de la explosion, dos civiles resultaron heridos.",disidencias de las farc,Activacion de artefacto explosivo,Cauca,Corinto,48,Ninguna,False,Corinto - Cauca,{},Ninguno
19821,2026-05-16,alerta paisa,Vegachí,Antioquia,Andina,False,False,Rural,Acciones de los grupos armados al margen de la ley,Combate,Acciones de la fuerza publica,True,otro grupo armado ilegal,clan del golfo,1,"el 16 de mayo de 2026, en vegachi, antioquia, unidades de la policia nacional desarrollaron una operacion contra integrantes del clan del golfo. como resultado de la operacion murio un presunto cabecilla del grupo armado ilegal y fueron incautados elementos de interes para la investigacion.",otro grupo armado ilegal,Combate,Antioquia,Vegachí,45,Ninguna,False,Vegachí - Antioquia,{},Ninguno
19824,2026-05-16,mioriente,Medellín,Antioquia,Andina,False,False,Rural,Acciones de la fuerza publica y otros servidores publicos,Combate,Acciones de la fuerza publica,True,otro grupo armado ilegal,los pajaros,2,"el 16 de mayo de 2026, en medellin, antioquia, unidades del gaula militar sostuvieron un enfrentamiento armado con presuntos integrantes del grupo delincuencial organizado los pajaros durante un operativo de busqueda de una menor desaparecida en el sector cantarrana, del barrio belen altavista. como resultado, dos presuntos integrantes del grupo murieron y otras dos personas resultaron heridas.",otro grupo armado ilegal,Combate,Antioquia,Medellín,57,Ninguna,False,Medellín - Antioquia,{},Ninguno
19817,2026-05-15,ejercito nacional,Páez,Cauca,Pacífico,False,False,Rural,Acciones de la fuerza publica y otros servidores publicos,Combate,Acciones de la fuerza publica,True,disidencias de las farc,frente ismael ruiz,6,"el 15 de mayo de 2026, en belalcazar, cauca, tropas del ejercito nacional sostuvieron combates contra integrantes de la estructura residual ismael ruiz en desarrollo de una operacion militar. como resultado, seis integrantes del grupo armado ilegal murieron, entre ellos alias ""fernando gomez"", senalado cabecilla de la estructura, y fueron incautadas armas, municion y equipos de comunicacion.",disidencias de las farc,Combate,Cauca,Páez,57,Ninguna,False,Páez - Cauca,{},Ninguno
19818,2026-05-15,el pais,Patía,Cauca,Pacífico,True,False,Rural,Acciones de la fuerza publica y otros servidores publicos,Combate,Acciones de la fuerza publica,True,disidencias de las farc,frente carlos patino,0,"el 15 de mayo de 2026, en el patia, cauca, tropas del ejercito nacional sostuvieron combates contra integrantes del frente carlos patino de las disidencias de las farc en el sector el estanquillo, sobre la via panamericana, en zona rural del corregimiento de la fonda. los enfrentamientos generaron temor entre la poblacion y afectaciones humanitarias, sin que la fuente reportara personas muertas o heridas.",disidencias de las farc,Combate,Cauca,Patía,64,Ninguna,False,Patía - Cauca,"{""Agropecuario"": ""Negativo""}",Agropecuario
19814,2026-05-14,caracol,Ocaña,Norte De Santander,Andina,False,False,Rural,Acciones de la fuerza publica y otros servidores publicos,Emboscada,Ataques contra la fuerza publica,True,eln,,0,"el 14 de mayo de 2026, en ocana, norte de santander, una patrulla de la policia nacional fue atacada con un artefacto explosivo cuando realizaba labores de vigilancia. como consecuencia, tres integrantes de la fuerza publica resultaron heridos y las autoridades atribuyeron la accion al eln.",eln,Emboscada,Norte De Santander,Ocaña,46,Ninguna,False,Ocaña - Norte De Santander,{},Ninguno
19816,2026-05-14,el pais,Suárez,Cauca,Pacífico,True,False,Urbana,Acciones de los grupos armados al margen de la ley,Ataque a instalaciones de la fuerza publica,Ataques contra la fuerza publica,True,disidencias de las farc,frente jaime martinez,0,"el 14 de mayo de 2026, en suarez, cauca, integrantes del frente jaime martinez de las disidencias de las farc atacaron con un artefacto explosivo lanzado desde un dron la estacion de policia del municipio. el explosivo impacto una de las garitas de la estacion y causo danos en la infraestructura, sin que se reportaran personas heridas.",disidencias de las farc,Ataque a instalaciones de la fuerza publica,Cauca,Suárez,57,Ninguna,True,Suárez - Cauca,{},Ninguno
19815,2026-05-13,el tiempo,Jamundí,Valle Del Cauca,Pacífico,False,False,Rural,Acciones de los grupos armados al margen de la ley,Ataque a instalaciones de la fuerza publica,Ataques contra la fuerza publica,True,disidencias de las farc,frente jaime martinez,0,"el 13 de mayo de 2026, en jamundi, valle del cauca, integrantes del frente jaime martinez de las disidencias de las farc atacaron con 17 artefactos explosivos lanzados desde drones la subestacion de policia del corregimiento de robles. la accion ocasiono danos materiales en la infraestructura y viviendas cercanas, sin que se reportaran personas heridas",disidencias de las farc,Ataque a instalaciones de la fuerza publica,Valle Del Cauca,Jamundí,55,Ninguna,True,Jamundí - Valle Del Cauca,{},Ninguno
19813,2026-05-12,ejercito nacional,Tibú,Norte De Santander,Andina,True,True,Rural,Acciones de la fuerza publica y otros servidores publicos,Bombardeo,Acciones de la fuerza publica,True,eln,frente luis enrique leon,7,"el 12 de mayo de 2026, en tibu, norte de santander, tropas del ejercito nacional, con apoyo de la fuerza aeroespacial colombiana y el cti de la fiscalia, sostuvieron combates contra integrantes del frente luis enrique leon guerra del eln durante una operacion militar. como resultado, siete integrantes del grupo armado ilegal murieron y las tropas localizaron dos campamentos con material de guerra, explosivos para drones y minas antipersonal.",eln,Bombardeo,Norte De Santander,Tibú,69,Ninguna,False,Tibú - Norte De Santander,{},Ninguno
19811,2026-05-11,el tiempo,Jamundí,Valle Del Cauca,Pacífico,False,False,Rural,Acciones de los grupos armados al margen de la ley,Hostigamiento,Ataques contra la fuerza publica,True,,,2,"el 11 de mayo de 2026, en jamundi, valle del cauca, integrantes de un grupo armado ilegal atacaron con explosivos lanzados desde drones a tropas del ejercito nacional que desarrollaban operaciones en el sector el cedro del corregimiento de san antonio. como consecuencia, dos soldados resultaron heridos por esquirlas y las tropas derribaron dos aeronaves no tripuladas utilizadas en el ataque.",no identificado,Hostigamiento,Valle Del Cauca,Jamundí,61,Ninguna,False,Jamundí - Valle Del Cauca,{},Ninguno
19812,2026-05-11,caracol,Argelia,Cauca,Pacífico,True,False,Rural,Acciones de los grupos armados al margen de la ley,Activacion de artefacto explosivo,Ataque a infraestructura y bienes civiles,True,,,3,"el 11 de mayo de 2026, en el corregimiento de el plateado, argelia, cauca, se registro una explosion al interior de una vivienda donde presuntamente integrantes de un grupo armado ilegal manipulaban explosivos para fabricar una moto bomba. como consecuencia, una persona murio, tres resultaron heridas y varias viviendas sufrieron danos por la onda explosiva.",no identificado,Activacion de artefacto explosivo,Cauca,Argelia,55,Ninguna,False,Argelia - Cauca,{},Ninguno
19792,2026-05-09,el pais,Jamundí,Valle Del Cauca,Pacífico,False,False,Rural,Acciones de los grupos armados al margen de la ley,Ataque a instalaciones de la fuerza publica,Ataques contra la fuerza publica,True,grupo armado ilegal no identificado,sin informacion,2,"durante la manana de este sabado se registro un nuevo ataque de los grupos armados ilegales contra la fuerza publica en el valle del cauca. segun confirmaron fuentes de la policia metropolitana de cali a el pais, la subestacion de policia de potrerito, corregimiento de jamundi, fue afectada. por el momento, se conoce que hubo danos materiales tras lo que, al parecer, fue un hostigamiento con drones cargados con explosivos, por lo que el ejercito nacional hace presencia en la zona, activando planes de seguridad. de acuerdo con la alcaldia de jamundi, dos uniformados de la policia resultaron lesionados levemente por esquirlas y estan siendo atendidos por los organismos de socorro; sin embargo, el hecho esta siendo materia de investigacion y verificacion por parte de las autoridades competentes.",grupo armado ilegal no identificado,Ataque a instalaciones de la fuerza publica,Valle Del Cauca,Jamundí,128,Ninguna,False,Jamundí - Valle Del Cauca,{},Ninguno
19808,2026-05-09,el tiempo,Jamundí,Valle Del Cauca,Pacífico,False,False,Rural,Acciones de los grupos armados al margen de la ley,Ataque a instalaciones de la fuerza publica,Ataques contra la fuerza publica,True,disidencias de las farc,frente jaime martinez,1,"el 9 de mayo de 2026, en jamundi, valle del cauca, integrantes de un grupo armado ilegal atacaron con explosivos lanzados desde drones la subestacion de policia del corregimiento de potrerito en al menos cuatro ocasiones. la accion dejo dos policias heridos y ocasiono afectaciones a la infraestructura de la instalacion policial.",disidencias de las farc,Ataque a instalaciones de la fuerza publica,Valle Del Cauca,Jamundí,52,Ninguna,True,Jamundí - Valle Del Cauca,{},Ninguno
19791,2026-05-08,caracol,El Zulia,Norte De Santander,Andina,False,False,Rural,Acciones de la fuerza publica y otros servidores publicos,Incautacion,Otra,False,eln,frente juan fernando porras martinez,0,"tropas del comando contra el narcotrafico y amenazas transnacionales, en coordinacion con la policia nacional, adelantaron un operativo que permitio hallar en la vereda cerro leon del municipio de el zulia, norte de santander, una bodega clandestina con artefactos explosivos que haria parte del frente juan fernando porras martinez, del eln. en el lugar fueron hallados, dos cilindros de 33 libras y uno de 100 libras acondicionados con 30 y 60 kilogramos de explosivo tipo r-1, lo que equivale a un radio de accion aproximado de 100 a 650 metros a la redonda. asi mismo, se incautaron 120 kilogramos de explosivo de fabricacion artesanal denominado r-1; 100 metros de cable duplex, 03 detonadores electricos y 02 proveedores para fusil.",eln,Incautacion,Norte De Santander,El Zulia,119,Ninguna,False,El Zulia - Norte De Santander,{},Ninguno
19786,2026-05-07,el tiempo,Tarazá,Antioquia,Andina,True,True,Rural,Acciones de la fuerza publica y otros servidores publicos,Captura,Otra,False,otro grupo armado ilegal,yeison leudo chaverra del clan del golfo,0,"en medio de la ofensiva de las autoridades contra las estructuras del narcotrafico en antioquia, la policia nacional capturo a luis humberto ortiz betancur, alias luis, senalado como uno de los principales articuladores del envio de cocaina hacia europa para la subestructura criminal “yeison leudo chaverra” del 'clan del golfo'. la captura se produjo en el corregimiento el 12, en jurisdiccion del municipio de taraza, durante una diligencia de allanamiento y registro adelantada por la direccion de investigacion criminal e interpol, en coordinacion con la fiscalia general de la nacion, dentro de la denominada operacion agamenon.",otro grupo armado ilegal,Captura,Antioquia,Tarazá,96,Narcotráfico,False,Tarazá - Antioquia,{},Ninguno
19787,2026-05-07,el tiempo,Jamundí,Valle Del Cauca,Pacífico,False,False,Rural,Acciones de los grupos armados al margen de la ley,Ataque a instalaciones de la fuerza publica,Ataques contra la fuerza publica,True,disidencias de las farc,frente jaime martinez,0,"un nuevo ataque fue reportado por la comunidad en zona rural del municipio de jamundi, en el valle del cauca. de acuerdo con moradores en la region, disidentes del frente 'jaime martinez' de las disidencias de las farc ataco el 7 de mayo a la subestacion de policia del corregimiento de robles con explosivos lanzados por drones. ",disidencias de las farc,Ataque a instalaciones de la fuerza publica,Valle Del Cauca,Jamundí,57,Ninguna,False,Jamundí - Valle Del Cauca,"{""Agropecuario"": ""Negativo""}",Agropecuario
19789,2026-05-07,el pais,Urrao,Antioquia,Andina,False,False,Rural,Acciones de los grupos armados al margen de la ley,Enfrentamiento,Enfrentamientos,True,"otro grupo armado ilegal, ejercito nacional",edwin roman velasquez valle del clan del golfo,11,"un enfrentamiento armado en area rural del municipio de urrao dejo como saldo dos soldados del ejercito nacional de colombia muertos, dos mas heridos, dos civiles lesionados y cuatro presuntos integrantes del clan del golfo abatidos, segun el reporte oficial entregado por la cuarta brigada del ejercito nacional. los combates se registraron entre la tarde y la noche del jueves 7 de mayo en la vereda santa isabel, donde tropas del batallon de infanteria liviana n.° 11 “cacique nutibara” adelantaban operaciones contra la subestructura “edwin roman velasquez valle” de ese grupo armado ilegal. de acuerdo con la informacion militar, la confrontacion se extendio por varias horas y genero preocupacion entre los habitantes del sector. en medio de la operacion, la operacion armada tambien afecto a la poblacion civil. dos personas resultaron heridas y fueron trasladadas inicialmente al hospital local. las autoridades coordinan su remision a centros asistenciales de mayor complejidad mediante un operativo aereo conjunto. durante la maniobra, el ejercito confirmo la identidad de los uniformados fallecidos. se trata de los soldados profesionales janier david montiel gonzalez y cristian jose mendoza ozuna. otros dos militares resultaron heridos y reciben atencion medica. tras asegurar el area, las tropas del ejercito reportaron la incautacion de material de guerra e intendencia que, al parecer, pertenecia a la estructura ilegal. entre los elementos hallados se mencionan fusiles y equipos utilizados en sus actividades en esta subregion.","otro grupo armado ilegal, ejercito nacional",Enfrentamiento,Antioquia,Urrao,232,Ninguna,True,Urrao - Antioquia,"{""Agropecuario"": ""Negativo""}",Agropecuario
19790,2026-05-07,el pais,Urrao,Antioquia,Andina,False,False,Rural,Acciones de la fuerza publica y otros servidores publicos,Incautacion,Otra,False,"otro grupo armado ilegal, ejercito nacional",edwin roman velasquez valle del clan del golfo,10,"un enfrentamiento armado en la vereda santa isabel del municipio de urrao dejo como saldo dos soldados del ejercito nacional de colombia muertos, dos mas heridos, dos civiles lesionados y cuatro presuntos integrantes del clan del golfo abatidos, segun el reporte oficial entregado por la cuarta brigada del ejercito nacional. los combates se registraron entre la tarde y la noche del jueves 7 de mayo en la vereda santa isabel, donde tropas del batallon de infanteria liviana n.° 11 “cacique nutibara” adelantaban operaciones contra la subestructura “edwin roman velasquez valle” de ese grupo armado ilegal. de acuerdo con la informacion militar, la confrontacion se extendio por varias horas y genero preocupacion entre los habitantes del sector. en medio de la operacion, la operacion armada tambien afecto a la poblacion civil. dos personas resultaron heridas y fueron trasladadas inicialmente al hospital local. las autoridades coordinan su remision a centros asistenciales de mayor complejidad mediante un operativo aereo conjunto. durante la maniobra, el ejercito confirmo la identidad de los uniformados fallecidos. se trata de los soldados profesionales janier david montiel gonzalez y cristian jose mendoza ozuna. otros dos militares resultaron heridos y reciben atencion medica. tras asegurar el area, las tropas del ejercito reportaron la incautacion de material de guerra e intendencia que, al parecer, pertenecia a la estructura ilegal. entre los elementos hallados se mencionan fusiles y equipos utilizados en sus actividades en esta subregion.","otro grupo armado ilegal, ejercito nacional",Incautacion,Antioquia,Urrao,234,Ninguna,True,Urrao - Antioquia,{},Ninguno
19771,2026-05-06,la f.m.,Suárez,Cauca,Pacífico,True,False,Urbana,Acciones de los grupos armados al margen de la ley,Ataque a poblacion,Ataque a infraestructura y bienes civiles,True,otro grupo armado ilegal,frente jaime martinez de las disidencias de las farc,0,"durante la madrugada del 6 de mayo, el municipio de suarez fue hostigado por el frente jaime martinez de las disidencias de las farc bajo el bando de 'ivan mordisco'. el reporte oficial indica que la estacion de policia de suarez ha sido el blanco principal de una ofensiva que utiliza aeronaves no tripuladas (drones) para lanzar artefactos explosivos de manera precisa. segun testimonios de los habitantes, las explosiones comenzaron temprano en la manana, sumiendo al casco urbano en un estado de zozobra total. los uniformados han tenido que resguardarse mientras intentan repeler el ataque, en una zona donde la geografia montanosa facilita el despliegue de estas tacticas por parte de los grupos armados.",otro grupo armado ilegal,Ataque a poblacion,Cauca,Suárez,114,Ninguna,False,Suárez - Cauca,{},Ninguno
19772,2026-05-06,la f.m.,Morales,Cauca,Pacífico,True,False,Urbana,Acciones de los grupos armados al margen de la ley,Activacion de artefacto explosivo,Ataque a infraestructura y bienes civiles,True,otro grupo armado ilegal,frente jaime martinez de las disidencias de las farc,3,"durante la madrugada del 6 de mayo, el municipio de suarez fue hostigado por el frente jaime martinez de las disidencias de las farc bajo el bando de 'ivan mordisco'. a mediodia, se reporto que el municipio de morales fue atacado y segun las autoridades varios de los uniformados que se encontraban en la subestacion de policia habrian resultado afectados en el ataque con explosivos lanzados desde drones. tres militares resultaron heridos. ",otro grupo armado ilegal,Activacion de artefacto explosivo,Cauca,Morales,72,Ninguna,False,Morales - Cauca,{},Ninguno
19784,2026-05-06,el tiempo,Briceño,Antioquia,Andina,True,True,Rural,Acciones de los grupos armados al margen de la ley,Homicidio,Otra,False,disidencias de las farc,frente 36,2,"la fundacion para la libertad de prensa (flip) y la defensoria del pueblo alertaron en la noche del miercoles 6 de mayo sobre la desaparicion y el posible asesinato del periodista mateo perez rueda en zona rural del municipio de briceno, luego de que el joven que dirigia la revista 'el confidente' se movilizara a jurisdiccion de la vereda travesias para reportear la grave situacion humanitaria que se vive alli por cuenta de la presencia de estructuras al margen de la ley y sus disputas por el control del territorio. en efecto, pocas horas despues, la propia flip informo que, segun reportes preliminares, el periodista habria sido asesinado por hombres del frente 36 de las disidencias de las farc. sin embargo, la defensora del pueblo, iris marin, emitio un pronunciamiento en horas de la manana de este jueves senalando que sobre el joven periodista y estudiante de la universidad nacional, que se habria movilizado a esta zona de briceno desde el 5 de mayo para reportar el conflicto que se viene registrando hace meses en corredores estrategicos claves para las estructuras armadas al margen de la ley en territorio rural de este municipio, aun no hay noticia, en tanto el ingreso a la zona es practicamente imposible por la presencia de organizaciones armadas. ",disidencias de las farc,Homicidio,Antioquia,Briceño,213,Ninguna,False,Briceño - Antioquia,"{""Agropecuario"": ""Negativo""}",Agropecuario
19785,2026-05-06,el tiempo,Briceño,Antioquia,Andina,True,True,Rural,Acciones de los grupos armados al margen de la ley,Desaparicion forzada,Otra,False,disidencias de las farc,frente 36,2,"la fundacion para la libertad de prensa (flip) y la defensoria del pueblo alertaron en la noche del miercoles 6 de mayo sobre la desaparicion y el posible asesinato del periodista mateo perez rueda en zona rural del municipio de briceno, luego de que el joven que dirigia la revista 'el confidente' se movilizara a jurisdiccion de la vereda travesias para reportear la grave situacion humanitaria que se vive alli por cuenta de la presencia de estructuras al margen de la ley y sus disputas por el control del territorio. en efecto, pocas horas despues, la propia flip informo que, segun reportes preliminares, el periodista habria sido asesinado por hombres del frente 36 de las disidencias de las farc. sin embargo, la defensora del pueblo, iris marin, emitio un pronunciamiento en horas de la manana de este jueves senalando que sobre el joven periodista y estudiante de la universidad nacional, que se habria movilizado a esta zona de briceno desde el 5 de mayo para reportar el conflicto que se viene registrando hace meses en corredores estrategicos claves para las estructuras armadas al margen de la ley en territorio rural de este municipio, aun no hay noticia, en tanto el ingreso a la zona es practicamente imposible por la presencia de organizaciones armadas.",disidencias de las farc,Desaparicion forzada,Antioquia,Briceño,213,Ninguna,False,Briceño - Antioquia,"{""Agropecuario"": ""Negativo""}",Agropecuario
19788,2026-05-06,el heraldo,"Bogotá, D.C.",Cundinamarca,Andina,False,False,Urbana,Acciones de la fuerza publica y otros servidores publicos,Desactivacion de artefactos explosivos,Otra,False,disidencias de las farc,ivan mordisco,0,"cerca del aeropuerto de catam en bogota, se hallo un artefacto improvisado con explosivos de alta potencia, el hallazgo ocurrio sobre las 3 p. m. del miercoles 6 de mayo en un punto ubicado a unos 5,4 kilometros de la rampa militar de la base catam y a aproximadamente 427 metros del presunto lugar desde donde fue lanzado.autoridades dieron con el dron luego de haber recibido una alerta de la fiscalia de popayan, que dio informacion sobre unas posibles coordenadas de lanzamiento en la capital. tras una inspeccion encontraron un cambuche y posteriormente el sistema no tripulado acondicionado con explosivos, junto a la bateria y la carga explosiva separada del fuselaje. aunque las autoridades no han detallado con exactitud el origen de este dispositivo, senalan a la estructura de carlos patino perteneciente a las disidencias de las farc, comandadas por ‘ivan mordisco’, debido a que esta utiliza esta misma tecnologia para cometer actos terroristas contra la fuerza publica.",disidencias de las farc,Desactivacion de artefactos explosivos,Cundinamarca,"Bogotá, D.C.",158,Ninguna,False,"Bogotá, D.C. - Cundinamarca",{},Ninguno
19748,2026-05-05,mi oriente,Caloto,Cauca,Pacífico,True,False,Rural,Acciones de los grupos armados al margen de la ley,Combate,Acciones de la fuerza publica,True,disidencias de las farc,frente dagoberto ramos,8,"tropas del ejercito nacional, de la brigada 29.ª, sostienen combates este domingo contra un grupo armado ilegal en el municipio de caloto, cauca, en hechos que dejarian al menos ocho soldados heridos.el enfrentamiento comenzo en horas de la manana en zona rural de caloto y se ha prolongado durante el trascurso de la tarde. al parecer, por el sobrevuelo de drones, los uniformados heridos no han podido ser rescatados.",disidencias de las farc,Combate,Cauca,Caloto,69,Ninguna,False,Caloto - Cauca,"{""Agropecuario"": ""Negativo""}",Agropecuario
19764,2026-05-05,el tiempo,Cajibío,Cauca,Pacífico,True,False,Rural,Acciones de la fuerza publica y otros servidores publicos,Captura,Otra,False,otro grupo armado ilegal,estado mayor central,2,"despues de la masacre de 21 personas en cajibio, cauca, del 25 de abril, cayeron dos explosivisras claves de alias rayo, segundo al mando del estado mayor central dirigido por 'ivan mordisco'. ",otro grupo armado ilegal,Captura,Cauca,Cajibío,32,Ninguna,False,Cajibío - Cauca,{},Ninguno
19773,2026-05-05,el heraldo,Palmira,Valle Del Cauca,Pacífico,False,False,Rural,Acciones de la fuerza publica y otros servidores publicos,Captura,Otra,False,ejercito nacional,,0,"el ejercito nacional confirmo este martes 5 de mayo la captura de alias el mono, tambien conocido como alias wilmer, quien perteneceria al bloque occidental jacobo arenas de las disidencias de ‘ivan mordisco’, estructura responsable del ataque terrorista registrado en el municipio de cajibio, en el departamento del cauca, donde murieron 20 personas. la detencion se realizo en la aldea tablones, zona rural de palmira, en el vecino departamento del valle del cauca, en una operacion conjunta de la policia y el ejercito. ",ejercito nacional,Captura,Valle Del Cauca,Palmira,83,Ninguna,False,Palmira - Valle Del Cauca,"{""Agropecuario"": ""Positivo""}",Agropecuario
19778,2026-05-05,la guajira,Riohacha,La Guajira,Caribe,False,False,Rural,Acciones de los grupos armados al margen de la ley,Reten ilegal,Otra,False,"delincuencia comun, desconocido",sin informacion,0,"varios hombres armados interceptaron un vehiculo particular para despojar a sus ocupantes de bolsos y otras pertenencias.el atraco ocurrio en la manana del 5 de mayo, en el corredor vial que comunica a riohacha con maicao, uno de los tramos de mayor circulacion en el departamento. de acuerdo con las imagenes difundidas en redes sociales, los delincuentes bloquearon la via y obligaron a los ocupantes del carro a bajarse bajo amenazas. testigos senalaron que los responsables se movieron de manera organizada, lo que les permitio ejecutar el robo rapidamente y escapar antes de la llegada de las autoridades. la accion genero panico entre conductores y pasajeros, quienes quedaron expuestos en plena via publica ante hombres con armas largas.el reten ilegal tambien provoco una paralisis momentanea del trafico, debido a que varios conductores optaron por detenerse o intentar devolverse para proteger sus pertenencias. la situacion dejo nuevamente en evidencia el miedo que sienten quienes transitan por este corredor vial entre riohacha y maicao.","delincuencia comun, desconocido",Reten ilegal,La Guajira,Riohacha,162,Ninguna,False,Riohacha - La Guajira,{},Ninguno
19807,2026-05-05,el heraldo,Palmira,Valle Del Cauca,Pacífico,False,False,Rural,Acciones de la fuerza publica y otros servidores publicos,Captura,Otra,False,ejercito nacional,sin informacion,0,"el ejercito nacional confirmo este martes 5 de mayo la captura de alias el mono, tambien conocido como alias wilmer, quien perteneceria al bloque occidental jacobo arenas de las disidencias de ‘ivan mordisco’, estructura responsable del ataque terrorista registrado en el municipio de cajibio, en el departamento del cauca, donde murieron 20 personas. el comandante general de las fuerzas militares, general hugo alejandro lopez barreto, indico que alias el mono seria hombre de confianza de alias marlon y que se desempenaba como cabecilla de finanzas y testaferro de la estructura criminal. de acuerdo con las autoridades, el cabecilla tambien estaria encargado de la adquisicion de drones y material de guerra, los cuales son utilizados para atentar contra la poblacion civil y la fuerza publica.",ejercito nacional,Captura,Valle Del Cauca,Palmira,124,Ninguna,False,Palmira - Valle Del Cauca,{},Ninguno
19749,2026-05-04,el nuevo siglo,Briceño,Antioquia,Andina,True,True,Urbana,Presencia grupos armados ilegales,Combate,Acciones de la fuerza publica,True,"grupo armado ilegal no identificado, disidencias de las farc",,2,"enfrentamiento producido en la madrugada del 4 de mayo cuando los militares del batallon de accion directa y reconocimiento numero 7 patrullaban puntos donde se habia informado de presencia de grupos ilegales. por estos hechos, el soldado profesional donar herlinton perenguez revelo fue impactado pero fallecio a causa de la gravedad de sus heridas. otro soldado resulto herido","grupo armado ilegal no identificado, disidencias de las farc",Combate,Antioquia,Briceño,58,Ninguna,False,Briceño - Antioquia,{},Ninguno
19765,2026-05-04,el pais,Puerto Rico,Meta,Orinoquía,True,True,Rural,Acciones de la fuerza publica y otros servidores publicos,Incautacion,Otra,False,disidencias de las farc,frente ivan merchan,2,"un posible atentado terrorista fue frustrado en el departamento del meta gracias a una operacion conjunta entre autoridades regionales y la fuerza publica. el procedimiento se llevo a cabo en zona rural del municipio de puerto rico, en el sector de tres esquinas, vereda sausalito, donde fueron capturadas dos personas senaladas de planear un ataque contra transportadores. cortes zambrano senalo que las personas aprehendidas serian presuntos integrantes de las disidencias de las farc, especificamente del frente ‘ivan merchan’. en el operativo, las autoridades confiscaron dinero en efectivo, dos celulares, un arma de fuego con municiones, dos encendedores, un cuchillo, dos botellas con combustible y otros elementos que serian usados para cometer actos delictivos.",disidencias de las farc,Incautacion,Meta,Puerto Rico,113,Ninguna,False,Puerto Rico - Meta,"{""Hidrocarburos"": ""Negativo"", ""Agropecuario"": ""Negativo"", ""Financiero"": ""Negativo""}","Hidrocarburos, Agropecuario, Financiero"
19766,2026-05-04,el pais,Puerto Rico,Meta,Orinoquía,True,True,Rural,Acciones de la fuerza publica y otros servidores publicos,Captura,Otra,False,disidencias de las farc,frente ivan merchan,0,"un posible atentado terrorista fue frustrado en el departamento del meta gracias a una operacion conjunta entre autoridades regionales y la fuerza publica. el procedimiento se llevo a cabo en zona rural del municipio de puerto rico, en el sector de tres esquinas, vereda sausalito, donde fueron capturadas dos personas senaladas de planear un ataque contra transportadores. cortes zambrano senalo que las personas aprehendidas serian presuntos integrantes de las disidencias de las farc, especificamente del frente ‘ivan merchan’. en el operativo, las autoridades confiscaron dinero en efectivo, dos celulares, un arma de fuego con municiones, dos encendedores, un cuchillo, dos botellas con combustible y otros elementos que serian usados para cometer actos delictivos.",disidencias de las farc,Captura,Meta,Puerto Rico,113,Ninguna,False,Puerto Rico - Meta,"{""Hidrocarburos"": ""Negativo"", ""Agropecuario"": ""Negativo"", ""Financiero"": ""Negativo""}","Hidrocarburos, Agropecuario, Financiero"
19777,2026-05-04,ejercito nacional,Aguachica,Cesar,Caribe,False,False,Urbana,Acciones de la fuerza publica y otros servidores publicos,Captura,Otra,False,ejercito nacional,,2,"en una operacion coordinada se logro la incautacion de material de uso privativo de las fuerzas militares, afectando las capacidades logisticas de este grupo armado organizado. en desarrollo de operaciones militares adelantadas en el casco urbano de aguachica, cesar, soldados del batallon de infanteria liviana n°. 14 capitan antonio ricaurte, en coordinacion con la policia nacional, lograron la captura de dos sujetos, quienes presuntamente harian parte del grupo armado organizado clan del golfo. los capturados y el material incautado fueron puestos a disposicion de la autoridad competente para su respectivo proceso judicial. este resultado representa una afectacion directa a las capacidades logisticas y de movilidad de este grupo armado organizado, debilitando su accionar delictivo y contribuyendo a la seguridad de la poblacion civil.",ejercito nacional,Captura,Cesar,Aguachica,123,Ninguna,False,Aguachica - Cesar,{},Ninguno
19783,2026-05-04,ejercito nacional,Aguachica,Cesar,Caribe,False,False,Urbana,Acciones de la fuerza publica y otros servidores publicos,Incautacion,Otra,False,"ejercito nacional, policia nacional",,2,"en desarrollo de operaciones militares adelantadas en el casco urbano de aguachica, cesar, soldados del batallon de infanteria liviana n°. 14 capitan antonio ricaurte, en coordinacion con la policia nacional, lograron la captura de dos sujetos, quienes presuntamente harian parte del grupo armado organizado clan del golfo. de acuerdo a informacion de inteligencia militar estos sujetos serian responsables de varios delitos en la region y durante el proceso de su captura, se logro ademas la incautacion de tres motocicletas y material de intendencia de uso privativo de las fuerzas militares, representado en 20 equipos de campana. ","ejercito nacional, policia nacional",Incautacion,Cesar,Aguachica,96,Ninguna,False,Aguachica - Cesar,{},Ninguno
19804,2026-05-04,el tiempo,Jamundí,Valle Del Cauca,Pacífico,False,False,Rural,Presencia grupos armados ilegales,Solo presencia,Otra,False,"guerrilla no identificada, disidencias de las farc",sin informacion,0,"un video que esta siendo difundido en redes sociales y cuyas imagenes corresponderian a una carretera en el area rural del municipio de jamundi volvio a encender la alerta entre la comunidad de este municipio ubicado en el sur del valle del cauca. en la grabacion se observa una pancarta en la que se indica: ""puesto de control farc ep a 100 metros"". en el video se escucha a un hombre dentro del vehiculo diciendo: ""yo me baje con el fierro y nos encendimos a plomo, pongale que por ahi como unos 40 minutos, duramos ahi dandonos plomo, y no, no me hicieron nada ni nada, yo me mame ya el dedo, se me hizo una ampolla, (...) me fui para el carro, me eche a dormir un rato ahi ya, por aqui amanecio y nos estan trayendo"". estas palabras podrian interpretarse de que se trataria de un actor de un grupo armado ilegal. sin embargo, en la alcaldia de jamundi informaron: ""junto a la comunidad se hizo una verificacion y no existe ningun aviso de puesto de control o reten de las disidencias de las farc que opera en esa zona de jamundi"". en la administracion senalaron que evaluaron el video y que con lideres inspeccionaron la zona. al analizar el area, la via y otros aspectos, los lideres y autoridades pudieron constatar que no es en jamundi. ""analizaron el area ademas de la via y otros aspectos y lideres junto a la autoridad pudieron constatar que no es jamundi"", indicaron en la alcaldia de jamundi.","guerrilla no identificada, disidencias de las farc",Solo presencia,Valle Del Cauca,Jamundí,257,Ninguna,False,Jamundí - Valle Del Cauca,"{""Agropecuario"": ""Negativo""}",Agropecuario
19747,2026-05-03,el periodico virtual (cauca),Suárez,Cauca,Pacífico,True,False,Rural,Acciones de los grupos armados al margen de la ley,Hostigamiento,Ataques contra la fuerza publica,True,disidencias de las farc,jaime martinez,0,"hostigamiento con artefacto explosivo improvisado, aei, lanzado desde un dron contra una base del ejercito ubicada en el sector de los pinos, en el municipio de suarez",disidencias de las farc,Hostigamiento,Cauca,Suárez,27,Ninguna,False,Suárez - Cauca,{},Ninguno
19762,2026-05-03,el informador,Nueva Granada,Magdalena,Caribe,False,False,Rural,Acciones de la fuerza publica y otros servidores publicos,Incautacion,Otra,False,otro grupo armado ilegal,sergio antonio carrascal gomez del clan del golfo,3,"en desarrollo de operaciones contra estructuras criminales, unidades de la sijin, con el apoyo de la sipol y el gaula militar, realizaron dos diligencias de registro y allanamiento en el corregimiento de pueblito de los andes, jurisdiccion del municipio de nueva granada. como resultado del operativo, las autoridades lograron la captura en flagrancia de tres personas, conocidas con los alias de “boqui”, “mona” y “el enano”, en procedimientos desarrollados en los municipios de fundacion y pivijay. los detenidos deberan responder por los presuntos delitos de trafico, fabricacion o porte de estupefacientes, asi como por porte ilegal de armas de fuego.",otro grupo armado ilegal,Incautacion,Magdalena,Nueva Granada,100,Ninguna,False,Nueva Granada - Magdalena,{},Ninguno
19763,2026-05-03,la opinion,San José De Cúcuta,Norte De Santander,Andina,False,False,Urbana,Acciones de los grupos armados al margen de la ley,Masacre,Otra,True,grupo armado ilegal no identificado,,4,"a cuatro ascendio el numero de personas asesinadas en medio de un ataque armado registrado en el barrio las delicias, en cucuta, hecho que agrava el panorama de seguridad en el area metropolitana. el crimen ocurrio frente al conjunto residencial hibiscos, donde varias personas se encontraban reunidas cuando hombres armados, que se movilizaban en motocicleta, llegaron al lugar y abrieron fuego de manera indiscriminada. las victimas fueron identificadas como pedro emilio leal sanchez, de 48 anos; william giovanny lopez gonzalez, de 34 anos, presidente de la junta de accion comunal del sector; y sergio andres duran sanchez, de 21 anos. ",grupo armado ilegal no identificado,Masacre,Norte De Santander,San José De Cúcuta,100,Ninguna,False,San José De Cúcuta - Norte De Santander,{},Ninguno
19798,2026-05-03,mi oriente,Guatapé,Antioquia,Andina,False,False,Rural,Acciones de los grupos armados al margen de la ley,Ataque a bienes civiles,Ataque a infraestructura y bienes civiles,True,delincuencia comun,sin informacion,1,"se registro un ataque a una pareja por hombres armados, en la via que conecta a los municipios de san rafael y guatape en antioquia. su vehiculo termino incinerado . segun el reporte oficial, el hombre, de 34 anos, resulto herido con un impacto de bala en una de sus piernas, mientras que su acompanante tambien sufrio lesiones. ambos lograron salir del vehiculo y posteriormente fueron trasladados a un centro asistencial en guatape, donde reciben atencion medica. tras el ataque, los agresores habrian prendido fuego al vehiculo, el cual quedo completamente destruido. luego del hecho, huyeron del lugar hacia una zona boscosa, sin que hasta el momento se haya logrado su captura",delincuencia comun,Ataque a bienes civiles,Antioquia,Guatapé,112,Ninguna,False,Guatapé - Antioquia,{},Ninguno
19799,2026-05-03,el informador,Nueva Granada,Magdalena,Caribe,False,False,Rural,Acciones de la fuerza publica y otros servidores publicos,Captura,Otra,False,otro grupo armado ilegal,sergio antonio carrascal gomez del clan del golfo,1,"en desarrollo de operaciones contra estructuras criminales, unidades de la sijin, con el apoyo de la sipol y el gaula militar, realizaron dos diligencias de registro y allanamiento en el corregimiento de pueblito de los andes, jurisdiccion del municipio de nueva granada, resultando en la captura de tres presuntos miembros del clan del golfo. como resultado del operativo, las autoridades lograron la captura en flagrancia de tres personas, conocidas con los alias de “boqui”, “mona” y “el enano”, en procedimientos desarrollados en los municipios de fundacion y pivijay. los detenidos deberan responder por los presuntos delitos de trafico, fabricacion o porte de estupefacientes, asi como por porte ilegal de armas de fuego. durante los procedimientos fueron incautados varios elementos, entre ellos: 14 cartuchos calibre 7.62, 19 cartuchos calibre 5.56, 2 proveedores para fusil ak, 250 gramos de marihuana, 200 gramos de base de coca, 2 telefonos celulares ",otro grupo armado ilegal,Captura,Magdalena,Nueva Granada,147,Narcotráfico,False,Nueva Granada - Magdalena,{},Ninguno
19800,2026-05-03,el informador,Nueva Granada,Magdalena,Caribe,False,False,Rural,Acciones de la fuerza publica y otros servidores publicos,Incautacion,Otra,False,"otro grupo armado ilegal, fuerza publica no identificada",sergio antonio carrascal gomez del clan del golfo,0,"en desarrollo de operaciones contra estructuras criminales, unidades de la sijin, con el apoyo de la sipol y el gaula militar, realizaron dos diligencias de registro y allanamiento en el corregimiento de pueblito de los andes, jurisdiccion del municipio de nueva granada. como resultado del operativo, las autoridades lograron la captura en flagrancia de tres personas, conocidas con los alias de “boqui”, “mona” y “el enano”, en procedimientos desarrollados en los municipios de fundacion y pivijay. los detenidos deberan responder por los presuntos delitos de trafico, fabricacion o porte de estupefacientes, asi como por porte ilegal de armas de fuego. de acuerdo con el reporte oficial, esta accion impacta de manera directa la subestructura “sergia antonio carrascal gomez” del clan del golfo, debilitando su capacidad operativa en esta zona del magdalena. las autoridades senalaron que este tipo de intervenciones hacen parte de una estrategia sostenida para contrarrestar el accionar de grupos armados organizados y mejorar las condiciones de seguridad en el territorio. de acuerdo con el reporte oficial, esta accion impacta de manera directa la subestructura “sergia antonio carrascal gomez” del clan del golfo, debilitando su capacidad operativa en esta zona del magdalena. las autoridades senalaron que este tipo de intervenciones hacen parte de una estrategia sostenida para contrarrestar el accionar de grupos armados organizados y mejorar las condiciones de seguridad en el territorio.","otro grupo armado ilegal, fuerza publica no identificada",Incautacion,Magdalena,Nueva Granada,224,Ninguna,False,Nueva Granada - Magdalena,{},Ninguno
19801,2026-05-03,la opinion,San José De Cúcuta,Norte De Santander,Andina,False,False,Urbana,Acciones de los grupos armados al margen de la ley,Masacre,Otra,True,"grupo armado ilegal no identificado, delincuencia comun",sin informacion,4,"a cuatro ascendio el numero de personas asesinadas en medio de un ataque armado registrado en el barrio las delicias, en cucuta, hecho que agrava el panorama de seguridad en el area metropolitana. el crimen ocurrio frente al conjunto residencial hibiscos, donde varias personas se encontraban reunidas cuando hombres armados, que se movilizaban en motocicleta, llegaron al lugar y abrieron fuego de manera indiscriminada. las victimas fueron identificadas como pedro emilio leal sanchez, de 48 anos; william giovanny lopez gonzalez, de 34 anos, presidente de la junta de accion comunal del sector; y sergio andres duran sanchez, de 21 anos. la cuarta victima fue identificada como didier trujillo, cuyo cuerpo fue hallado durante la inspeccion en los alrededores del lugar. de acuerdo con allegados, los hombres solian reunirse en ese punto los fines de semana para compartir.","grupo armado ilegal no identificado, delincuencia comun",Masacre,Norte De Santander,San José De Cúcuta,137,Ninguna,False,San José De Cúcuta - Norte De Santander,{},Ninguno
19760,2026-05-02,el pilon,Río De Oro,Cesar,Caribe,False,False,Rural,Acciones de los grupos armados al margen de la ley,Ataque a bienes estatales,Ataque a infraestructura y bienes civiles,True,"otro grupo armado ilegal, delincuencia comun, desconocido",,0,"una comision del inpec fue interceptada por hombres armados, quienes incineraron el vehiculo oficial en el que se movolizaban realizando el traslado de una persona privada de la libertad desde santa marta, con destino a ocana. tras consumar el hurto del armamento, los delincuentes procedieron a prenderle fuego al vehiculo institucional, dejandolo completamente destruido a un costado de la via. a pesar de la gravedad del ataque, se confirmo que los funcionarios no resultaron heridos y que la persona privada de la libertad no fue liberada por los agresores.","otro grupo armado ilegal, delincuencia comun, desconocido",Ataque a bienes estatales,Cesar,Río De Oro,89,Ninguna,False,Río De Oro - Cesar,{},Ninguno
19761,2026-05-02,el pilon,Río De Oro,Cesar,Caribe,False,False,Rural,Acciones de los grupos armados al margen de la ley,Reten ilegal,Otra,False,"otro grupo armado ilegal, grupo armado ilegal no identificado, delincuencia comun, desconocido",,0,"una comision del inpec fue interceptada por hombres armados, quienes incineraron el vehiculo oficial en el que se movolizaban realizando el traslado de una persona privada de la libertad desde santa marta, con destino a ocana. tras consumar el hurto del armamento, los delincuentes procedieron a prenderle fuego al vehiculo institucional, dejandolo completamente destruido a un costado de la via. a pesar de la gravedad del ataque, se confirmo que los funcionarios no resultaron heridos y que la persona privada de la libertad no fue liberada por los agresores.","otro grupo armado ilegal, grupo armado ilegal no identificado, delincuencia comun, desconocido",Reten ilegal,Cesar,Río De Oro,89,Ninguna,False,Río De Oro - Cesar,{},Ninguno
19767,2026-05-02,el tiempo,Puerto Leguízamo,Putumayo,Amazonia,True,True,Rural,Acciones de los grupos armados al margen de la ley,Hostigamiento,Ataques contra la fuerza publica,True,otro grupo armado ilegal,comandos de la frontera,0,"durante el sabado 2 de mayo, comunidades indigenas del pais fueron nuevamente blanco de hostigamientos en medio del conflicto armado. la comision intereclesial de justicia y paz denuncio que, en esta ocasion, el pueblo nasa en putumayo fue afectado por el ingreso de hombres armados. al interior del resguardo jerusalen, en zona rural del municipio de puerto leguizamo, putumayo, ingresaron hombres armados en tres motocicletas hacia las 5:30 p.m. tambien se instalo un reten ilegal.",otro grupo armado ilegal,Hostigamiento,Putumayo,Puerto Leguízamo,75,Ninguna,False,Puerto Leguízamo - Putumayo,"{""Agropecuario"": ""Negativo""}",Agropecuario
19768,2026-05-02,el tiempo,Puerto Leguízamo,Putumayo,Amazonia,True,True,Rural,Acciones de los grupos armados al margen de la ley,Reten ilegal,Otra,False,otro grupo armado ilegal,comandos de la frontera,0,"durante este sabado 2 de mayo, comunidades indigenas del pais fueron nuevamente blanco de hostigamientos en medio del conflicto armado. la comision intereclesial de justicia y paz denuncio que, en esta ocasion, el pueblo nasa en putumayo fue afectado por el ingreso de hombres armados y la instalacion de un reten ilegal por parte de los comandos de la frontera (cdf). primero, entraron hombres armados en tres motocicletas hacia las 5.30 p.m. posteriormente, hacia las 8 de la noche, un comunero del pueblo nasa fue retenido, interrogado y obligado a entregar su celular para su revision en un reten ilegal en el resguardo san luis alto picudito. segun la comision, los hombres armados le advirtieron que estaba prohibido transitar durante la noche.",otro grupo armado ilegal,Reten ilegal,Putumayo,Puerto Leguízamo,122,Ninguna,False,Puerto Leguízamo - Putumayo,{},Ninguno
19774,2026-05-02,mi putumayo,Puerto Leguízamo,Putumayo,Amazonia,True,True,Rural,Acciones de los grupos armados al margen de la ley,Solo presencia,Otra,False,otro grupo armado ilegal,comandos de la frontera,0,"la comision intereclesial de justicia y paz denuncio que, en esta ocasion, el pueblo nasa en putumayo fue afectado por el ingreso de hombres armados y la instalacion de un reten ilegal por parte de los comandos de la frontera (cdf).el primer hecho se presento en el territorio del pueblo nasa, al interior del resguardo jerusalen, ubicado en zona rural del municipio de puerto leguizamo, putumayo, donde hombres armados ingresaron en tres motocicletas hacia las 5:30 p. m.",otro grupo armado ilegal,Solo presencia,Putumayo,Puerto Leguízamo,78,Ninguna,False,Puerto Leguízamo - Putumayo,"{""Agropecuario"": ""Negativo""}",Agropecuario
19775,2026-05-02,mi putumayo,Puerto Leguízamo,Putumayo,Amazonia,True,True,Rural,Acciones de los grupos armados al margen de la ley,Reten ilegal,Otra,False,otro grupo armado ilegal,comandos de la frontera,0,"el segundo hecho ocurrio ese mismo dia, alrededor de las 8 p. m., cuando integrantes de este grupo instalaron un reten ilegal en el resguardo san luis alto picudito. alli, un comunero del pueblo nasa fue retenido, interrogado y obligado a entregar su celular para revision. segun la comision, los hombres armados le advirtieron que estaba prohibido transitar durante la noche.",otro grupo armado ilegal,Reten ilegal,Putumayo,Puerto Leguízamo,61,Ninguna,False,Puerto Leguízamo - Putumayo,{},Ninguno
19752,2026-05-01,caracol,Betulia,Antioquia,Andina,False,False,Rural,Acciones de la fuerza publica y otros servidores publicos,Hostigamiento,Ataques contra la fuerza publica,True,otro grupo armado ilegal,edwin roman velasquez del clan del golfo,3,"tres presuntos integrantes del clan del golfo fueron abatidos en zona rural del municipio de betulia, suroeste de antioquia, durante una operacion militar desarrollada por el ejercito nacional en coordinacion con la policia. la accion se llevo a cabo en la vereda saladitos, sector altamira, donde tropas del batallon de infanteria n.° 11 cacique nutibara, adscrito a la cuarta brigada, sostuvieron enfrentamientos con miembros de la subestructura edwin roman velasquez. entre los abatidos se encuentra alias indio caizamo, quien, segun informacion oficial, seria cabecilla de zona de este grupo armado organizado en esa region del departamento.",otro grupo armado ilegal,Hostigamiento,Antioquia,Betulia,96,Ninguna,False,Betulia - Antioquia,"{""Agropecuario"": ""Negativo""}",Agropecuario
19753,2026-05-01,caracol,Betulia,Antioquia,Andina,False,False,Rural,Acciones de la fuerza publica y otros servidores publicos,Incautacion,Otra,False,otro grupo armado ilegal,edwin roman velasquez,3,"tres presuntos integrantes del clan del golfo fueron abatidos en zona rural del municipio de betulia, suroeste de antioquia, durante una operacion militar desarrollada por el ejercito nacional en coordinacion con la policia. la accion se llevo a cabo en la vereda saladitos, sector altamira, donde tropas del batallon de infanteria n.° 11 cacique nutibara, adscrito a la cuarta brigada, sostuvieron enfrentamientos con miembros de la subestructura edwin roman velasquez. uno de los presuntos cabecillas fue abatido. durante la operacion, los uniformados incautaron tres armas de fuego y municion, material que habria sido utilizado por los integrantes del grupo ilegal.",otro grupo armado ilegal,Incautacion,Antioquia,Betulia,100,Ninguna,False,Betulia - Antioquia,"{""Agropecuario"": ""Negativo""}",Agropecuario
19754,2026-05-01,diarioriente,La Unión,Antioquia,Andina,False,False,Rural,Acciones de los grupos armados al margen de la ley,Incautacion,Otra,False,otro grupo armado ilegal,,0,"un deposito ilegal con material de guerra e intendencia fue ubicado en la vereda san juan, zona rural del municipio de la union, antioquia, en medio de un operativo adelantado por tropas del gaula militar oriente de la cuarta brigada, en coordinacion con el cti gaula oriente. la accion, que se desarrollo en area rural de esta localidad del oriente antioqueno, permitio a las autoridades ubicar elementos que, segun informo la septima division del ejercito nacional, pertenecerian, al parecer, al grupo armado organizado clan del golfo. en el lugar fueron incautados una granada de fragmentacion, municion calibre 7.62 milimetros, supresores de sonido, equipos de observacion y otros materiales de uso tactico, los cuales habrian sido almacenados en este punto como parte de la logistica del grupo.",otro grupo armado ilegal,Incautacion,Antioquia,La Unión,126,Ninguna,False,La Unión - Antioquia,"{""Agropecuario"": ""Negativo""}",Agropecuario
19756,2026-05-01,el tiempo,Río Iró,Chocó,Pacífico,False,False,Urbana,Acciones de los grupos armados al margen de la ley,Activacion de artefacto explosivo,Ataque a infraestructura y bienes civiles,True,eln,,2,"en la noche de este 1 de mayo, se conocio un nuevo ataque del eln contra la estacion de policia de santa rita en el municipio rio de oro de choco sobre las 3:30 p.m., por el momento se conoce que hay dos policias heridos y, al parecer, han reportado varias explosiones en la zona. en el ultimo informe conocido por las autoridades, se reportan cinco explosiones de los mismos artefactos y otro que cayo en el patio de la estacion, pero no detono.",eln,Activacion de artefacto explosivo,Chocó,Río Iró,84,Minería,False,Río Iró - Chocó,"{""Minero"": ""Negativo"", ""Ambiental"": ""Negativo""}","Minero, Ambiental"
19796,2026-05-01,caracol,Betulia,Antioquia,Andina,False,False,Rural,Acciones de la fuerza publica y otros servidores publicos,Enfrentamiento,Enfrentamientos,True,otro grupo armado ilegal,edwin roman velasquez del clan del golfo,4,"tres presuntos integrantes del clan del golfo fueron abatidos en zona rural del municipio de betulia, suroeste de antioquia, durante una operacion militar desarrollada por el ejercito nacional en coordinacion con la policia. la accion se llevo a cabo en la vereda saladitos, sector altamira, donde tropas del batallon de infanteria n.° 11 cacique nutibara, adscrito a la cuarta brigada, sostuvieron enfrentamientos con miembros de la subestructura edwin roman velasquez. entre los muertos se encuentra alias indio caizamo, quien, segun informacion oficial, seria cabecilla de zona de este grupo armado organizado en esa region del departamento. durante la operacion, los uniformados incautaron tres armas de fuego y municion, material que habria sido utilizado por los integrantes del grupo ilegal.",otro grupo armado ilegal,Enfrentamiento,Antioquia,Betulia,119,Ninguna,False,Betulia - Antioquia,"{""Agropecuario"": ""Negativo""}",Agropecuario
19797,2026-05-01,caracol,Betulia,Antioquia,Andina,False,False,Rural,Acciones de la fuerza publica y otros servidores publicos,Incautacion,Otra,False,otro grupo armado ilegal,edwin roman velasquez del clan del golfo,3,"tres presuntos integrantes del clan del golfo fueron abatidos en zona rural del municipio de betulia, suroeste de antioquia, durante una operacion militar desarrollada por el ejercito nacional en coordinacion con la policia. la accion se llevo a cabo en la vereda saladitos, sector altamira, donde tropas del batallon de infanteria n.° 11 cacique nutibara, adscrito a la cuarta brigada, sostuvieron enfrentamientos con miembros de la subestructura edwin roman velasquez. entre los muertos se encuentra alias indio caizamo, quien, segun informacion oficial, seria cabecilla de zona de este grupo armado organizado en esa region del departamento. durante la operacion, los uniformados incautaron tres armas de fuego y municion, material que habria sido utilizado por los integrantes del grupo ilegal.",otro grupo armado ilegal,Incautacion,Antioquia,Betulia,119,Ninguna,False,Betulia - Antioquia,"{""Agropecuario"": ""Negativo""}",Agropecuario
19805,2026-05-01,caracol,San José De Cúcuta,Norte De Santander,Andina,False,False,Rural,Acciones de los grupos armados al margen de la ley,Secuestro,Otra,False,grupo armado ilegal no identificado,sin informacion,1,"un nuevo hecho de inseguridad se registro en el catatumbo, luego de que un hombre fuera secuestrado en la via que comunica a cucuta con sardinata, un corredor donde persiste la presencia de grupos armados ilegales. la victima fue identificada como yusmel contreras, de 30 anos, quien se movilizaba junto a su hermano en una camioneta con destino a la capital nortesantandereana, tras finalizar su jornada laboral.segun la informacion preliminar, los dos hombres fueron interceptados por varios sujetos fuertemente armados que habrian instalado un reten ilegal sobre la via.en medio del hecho, los delincuentes obligaron a detener el vehiculo y, posteriormente, hicieron descender a contreras. el hombre fue subido a una motocicleta tipo gn, sin placa, en la que fue trasladado con rumbo desconocido, mientras su familiar quedo en el lugar sin poder evitar lo ocurrido.",grupo armado ilegal no identificado,Secuestro,Norte De Santander,San José De Cúcuta,136,Ninguna,False,San José De Cúcuta - Norte De Santander,{},Ninguno
19806,2026-05-01,caracol,San José De Cúcuta,Norte De Santander,Andina,False,False,Rural,Acciones de los grupos armados al margen de la ley,Reten ilegal,Otra,False,grupo armado ilegal no identificado,sin informacion,0,"un nuevo hecho de inseguridad se registro en el catatumbo, luego de que un hombre fuera secuestrado en la via que comunica a cucuta con sardinata, un corredor donde persiste la presencia de grupos armados ilegales. la victima fue identificada como yusmel contreras, de 30 anos, quien se movilizaba junto a su hermano en una camioneta con destino a la capital nortesantandereana, tras finalizar su jornada laboral.segun la informacion preliminar, los dos hombres fueron interceptados por varios sujetos fuertemente armados que habrian instalado un reten ilegal sobre la via. en medio del hecho, los delincuentes obligaron a detener el vehiculo y, posteriormente, hicieron descender a contreras. acto seguido, el hombre fue subido a una motocicleta tipo gn, sin placa, en la que fue trasladado con rumbo desconocido, mientras su familiar quedo en el lugar sin poder evitar lo ocurrido.",grupo armado ilegal no identificado,Reten ilegal,Norte De Santander,San José De Cúcuta,139,Ninguna,False,San José De Cúcuta - Norte De Santander,{},Ninguno
19746,2026-04-30,diarioriente,Briceño,Antioquia,Andina,True,True,Rural,Acciones de la fuerza publica y otros servidores publicos,Combate,Acciones de la fuerza publica,True,otro grupo armado ilegal,clan del golfo,1,"el 30 de abril de 2026, en zona rural del municipio de briceno, antioquia, tropas del ejercito nacional sostuvieron combates contra integrantes del clan del golfo en desarrollo de operaciones militares en la region. durante los enfrentamientos murio un presunto integrante del grupo armado ilegal y las autoridades incautaron armamento y material de guerra. las operaciones militares continuaron en la zona para mantener el control territorial.",otro grupo armado ilegal,Combate,Antioquia,Briceño,66,Ninguna,False,Briceño - Antioquia,"{""Agropecuario"": ""Negativo""}",Agropecuario
19750,2026-04-30,caracol,Piendamó - Tunía,Cauca,Pacífico,True,False,Rural,Acciones de los grupos armados al margen de la ley,Destruccion de otra infraestructura ilegal,Otra,False,"otro grupo armado ilegal, grupo armado ilegal no identificado",,0,"tropas del ejercito nacional y uniformados de la policia nacional lograron ubicar y extraer seis cilindros acondicionados con cerca de 600 kilos de explosivo de alto poder a base de nitrato de amonio, con los que grupos armados pretendian perpetrar otro ataque en la via panamericana del cauca.","otro grupo armado ilegal, grupo armado ilegal no identificado",Destruccion de otra infraestructura ilegal,Cauca,Piendamó - Tunía,48,Ninguna,False,Piendamó - Tunía - Cauca,{},Ninguno
19795,2026-04-30,caracol,Piendamó - Tunía,Cauca,Pacífico,True,False,Rural,Acciones de los grupos armados al margen de la ley,Desactivacion de artefactos explosivos,Otra,False,grupo armado ilegal no identificado,sin informacion,0,"tropas del ejercito nacional y uniformados de la policia nacional lograron ubicar y extraer seis cilindros acondicionados con cerca de 600 kilos de explosivo de alto poder a base de nitrato de amonio, con los que grupos armados pretendian perpetrar otro ataque en la via panamericana del cauca. las cargas estaban minuciosamente instaladas en alcantarillas en el tramo vial de la vereda la loma del municipio de piendamo. la via internacional estuvo cerrada entre popayan y cali por mas de 15 horas por seguridad de los viajeros mientras que expertos antiexplosivos de la policia realizan trabajos de verificacion y extraccion.",grupo armado ilegal no identificado,Desactivacion de artefactos explosivos,Cauca,Piendamó - Tunía,100,Ninguna,False,Piendamó - Tunía - Cauca,"{""Minero"": ""Negativo""}",Minero
19745,2026-04-29,caracol,Corinto,Cauca,Pacífico,True,False,Rural,Acciones de los grupos armados al margen de la ley,Quema de vehiculo,Ataque a infraestructura y bienes civiles,True,otro grupo armado ilegal,,2,"el 29 de abril de 2026, en la vereda la paila del municipio de corinto, cauca, integrantes de un grupo armado ilegal atacaron con armas de fuego un vehiculo que transportaba trabajadores de un ingenio azucarero. el hecho dejo un civil muerto, un herido y varias personas desaparecidas temporalmente, ademas de la incineracion del automotor en plena via publica. las autoridades desplegaron operativos en la zona para establecer la identidad de los responsables y ubicar a las personas reportadas como desaparecidas.",otro grupo armado ilegal,Quema de vehiculo,Cauca,Corinto,81,Ninguna,False,Corinto - Cauca,{},Ninguno
19751,2026-04-29,el pilon,Pelaya,Cesar,Caribe,False,False,Rural,Acciones de los grupos armados al margen de la ley,Hostigamiento,Ataques contra la fuerza publica,True,otro grupo armado ilegal,,1,"durante un operativo de persecucion contra varios sujetos armados que se movilizaban por el corredor vial, fueron hostigados. en medio de la reaccion policial, se produjo una emboscada que obligo a los agentes a descender del vehiculo oficial para repeler la agresion. en circunstancias que son materia de investigacion, el patrullero rodriguez descendio de la patrulla en medio del procedimiento y fue impactado por una tractomula que transitaba por la zona en ese momento. el fuerte golpe le causo la muerte de manera inmediata.",otro grupo armado ilegal,Hostigamiento,Cesar,Pelaya,84,Ninguna,False,Pelaya - Cesar,{},Ninguno
19755,2026-04-29,ejercito nacional,Bucarasica,Norte De Santander,Andina,False,False,Rural,Acciones de la fuerza publica y otros servidores publicos,Combate,Acciones de la fuerza publica,True,eln,sin informacion,0,"en el marco del plan de operaciones ayacucho plus, soldados de la trigesima brigada del ejercito nacional, quienes brindaban seguridad a la comunidad en la vereda la curva, municipio de bucarasica, y a los transportadores que se movilizan por la ruta nacional 70, kilometro 106, sostuvieron un combate de encuentro con presuntos integrantes del gao eln. los sujetos emprendieron la huida. ​​​​​​​",eln,Combate,Norte De Santander,Bucarasica,62,Ninguna,False,Bucarasica - Norte De Santander,{},Ninguno
19743,2026-04-28,caracol,Rovira,Tolima,Andina,False,False,Rural,Acciones de la fuerza publica y otros servidores publicos,Combate,Acciones de la fuerza publica,True,disidencias de las farc,embf,3,"el 28 de abril de 2026, en la vereda el tuamo del municipio de rovira, tolima, tropas del ejercito nacional sostuvieron combates contra integrantes del frente joaquin gonzalez de las disidencias de las farc al mando de alias “calarca”. durante los enfrentamientos habria muerto alias “esteban” o “el costeno”, senalado cabecilla de la estructura armada ilegal, y dos integrantes mas resultaron heridos. en el operativo tambien fue recuperado un menor de edad e incautado armamento y material de intendencia.",disidencias de las farc,Combate,Tolima,Rovira,79,Ninguna,False,Rovira - Tolima,{},Ninguno
19776,2026-04-28,ejercito nacional,Mistrató,Risaralda,Andina,False,False,Rural,Acciones de la fuerza publica y otros servidores publicos,Captura,Otra,False,otro grupo armado ilegal,clan del golfo,0,"durante una operacion de reconocimiento adelantada por las tropas, esta mujer, conocida con el alias de camila zapata, se acerco a los soldados en la vereda el caucho, municipio de mistrato, manifestando su pertenencia al clan del golfo grupo delincuencial y su intencion de acogerse a los beneficios que otorga el estado colombiano.",otro grupo armado ilegal,Captura,Risaralda,Mistrató,53,Ninguna,False,Mistrató - Risaralda,{},Ninguno
19742,2026-04-27,el pais,Argelia,Cauca,Pacífico,True,False,Rural,Acciones de los grupos armados al margen de la ley,Ataque a instalaciones de la fuerza publica,Ataques contra la fuerza publica,True,disidencias de las farc,frente carlos patino,2,"el 27 de abril de 2026, en el corregimiento de el plateado del municipio de argelia, cauca, integrantes de grupos armados ilegales activaron explosivos contra la base militar charly del ejercito nacional. el ataque dejo dos integrantes de la fuerza publica heridos y genero temor entre habitantes del sector por la intensidad de las detonaciones. las autoridades atribuyeron preliminarmente el hecho a disidencias de las farc que operan en la region.",disidencias de las farc,Ataque a instalaciones de la fuerza publica,Cauca,Argelia,71,Ninguna,False,Argelia - Cauca,{},Ninguno
19744,2026-04-25,el tiempo,Cajibío,Cauca,Pacífico,True,False,Rural,Acciones de los grupos armados al margen de la ley,Activacion de artefacto explosivo,Ataque a infraestructura y bienes civiles,True,disidencias de las farc,estado mayor central,56,"el 25 de abril de 2026, en el sector el tunel del municipio de cajibio, cauca, integrantes de las disidencias de las farc al mando de alias “ivan mordisco” activaron un cilindro bomba sobre la via panamericana en medio de una accion armada dirigida contra la fuerza publica. la explosion afecto vehiculos de transporte publico y particulares que transitaban por el lugar, dejando 20 civiles muertos y decenas de personas heridas.",disidencias de las farc,Activacion de artefacto explosivo,Cauca,Cajibío,71,Ninguna,False,Cajibío - Cauca,{},Ninguno
19741,2026-04-24,el tiempo,Jamundí,Valle Del Cauca,Pacífico,False,False,Rural,Acciones de los grupos armados al margen de la ley,Hostigamiento,Ataques contra la fuerza publica,True,disidencias de las farc,,0,"el 24 de abril de 2026, en el corregimiento de potrerito del municipio de jamundi, valle del cauca, integrantes de las disidencias de las farc hostigaron con rafagas de fusil y lanzamiento de granadas la subestacion de policia ubicada en el sector. el ataque genero danos materiales en la infraestructura policial y momentos de temor entre los habitantes de la zona. las autoridades desplegaron operativos de seguridad para controlar la situacion y verificar posibles afectaciones adicionales.",disidencias de las farc,Hostigamiento,Valle Del Cauca,Jamundí,76,Ninguna,True,Jamundí - Valle Del Cauca,{},Ninguno
19739,2026-04-23,el tiempo,Santiago De Cali,Valle Del Cauca,Pacífico,False,False,Urbana,Acciones de los grupos armados al margen de la ley,Ataque a instalaciones de la fuerza publica,Ataques contra la fuerza publica,True,,,0,"el 23 de abril de 2026, en el sector de melendez del municipio de cali, valle del cauca, fue lanzado un artefacto explosivo contra instalaciones de la tercera brigada del ejercito nacional. la explosion genero danos materiales y momentos de panico entre habitantes y transeuntes del sector cercano a la unidad militar. las autoridades iniciaron investigaciones para establecer la autoria del ataque y reforzaron las medidas de seguridad en la zona.",no identificado,Ataque a instalaciones de la fuerza publica,Valle Del Cauca,Santiago De Cali,71,Ninguna,False,Santiago De Cali - Valle Del Cauca,{},Ninguno
19740,2026-04-23,caracol,Briceño,Antioquia,Andina,True,True,Rural,Acciones de los grupos armados al margen de la ley,Enfrentamiento,Enfrentamientos,True,"otro grupo armado ilegal, disidencias de las farc",frente 5; clan del golfo,0,"el 23 de abril de 2026, en el corregimiento de travesias del municipio de briceno, antioquia, se registraron enfrentamientos armados entre integrantes del frente 5to de las disidencias de las farc y el clan del golfo, en medio de una disputa territorial que incluyo el uso de drones con explosivos. los combates y las detonaciones generaron nuevos desplazamientos forzados de familias campesinas hacia el casco urbano de briceno y otros municipios cercanos. la comunidad tambien reporto afectaciones a viviendas y temor generalizado por la intensidad de las confrontaciones.","otro grupo armado ilegal, disidencias de las farc",Enfrentamiento,Antioquia,Briceño,88,Ninguna,False,Briceño - Antioquia,{},Ninguno
19733,2026-04-22,la fm,Ipiales,Nariño,Pacífico,False,True,Rural,Acciones de la fuerza publica y otros servidores publicos,Combate,Acciones de la fuerza publica,True,disidencias de las farc," coordinadora nacional ejercito bolivariano,",5,"el 22 de abril de 2026, en la vereda yaramal del municipio de ipiales, narino, tropas del ejercito nacional sostuvieron combates contra integrantes de las disidencias de las farc que operan en zona de frontera. durante los enfrentamientos murieron tres integrantes de la fuerza publica y otros militares resultaron heridos. las operaciones militares continuaron en el sector tras los combates registrados en el area rural del municipio.",disidencias de las farc,Combate,Nariño,Ipiales,67,Ninguna,False,Ipiales - Nariño,"{""Agropecuario"": ""Negativo""}",Agropecuario
19736,2026-04-21,caracol,Cartagena Del Chairá,Caquetá,Amazonia,True,True,Urbana,Acciones de los grupos armados al margen de la ley,Hostigamiento,Ataques contra la fuerza publica,True,,,5,"el 21 de abril de 2026, en el sector cuatro vientos del barrio la ciudadela del municipio de cartagena del chaira, caqueta, hombres armados hostigaron con armas de fuego a integrantes del grupo goes de la policia nacional que realizaban labores de patrullaje y control. el ataque dejo un integrante de la fuerza publica muerto, tres uniformados heridos y un civil lesionado. ",no identificado,Hostigamiento,Caquetá,Cartagena Del Chairá,62,Ninguna,False,Cartagena Del Chairá - Caquetá,{},Ninguno
19734,2026-04-20,caracol,Briceño,Antioquia,Andina,True,True,Rural,Acciones de los grupos armados al margen de la ley,Enfrentamiento,Enfrentamientos,True,,,0,"el 20 de abril de 2026, en zona rural del municipio de briceno, antioquia, se registro un desplazamiento forzado masivo de familias campesinas debido a enfrentamientos entre grupos armados ilegales que operan en la region. las confrontaciones armadas generaron temor entre la poblacion civil y obligaron a los habitantes a abandonar sus viviendas para resguardarse en otros sectores del municipio. autoridades locales y organismos humanitarios alertaron sobre el deterioro de la situacion de orden publico en el territorio.",no identificado,Enfrentamiento,Antioquia,Briceño,78,Ninguna,False,Briceño - Antioquia,"{""Agropecuario"": ""Negativo"", ""Humanitario"": ""Negativo""}","Agropecuario, Humanitario"
19737,2026-04-20,el tiempo,Toribío,Cauca,Pacífico,True,False,Rural,Acciones de los grupos armados al margen de la ley,Ataque contra aeronaves,Ataque a infraestructura y bienes civiles,True,disidencias de las farc,frente dagorberto ramos,0,"el 20 de abril de 2026, en zona rural del municipio de toribio, cauca, integrantes de las disidencias de las farc atacaron con rafagas de fusil un helicoptero de la policia nacional que realizaba el traslado aereo de alias “mojano”, presunto cabecilla del frente dagoberto ramos. durante el hostigamiento, uno de los proyectiles impacto la aeronave y afecto el sistema de estabilizacion automatica, obligando a la tripulacion a maniobrar manualmente para evitar un accidente. el ataque ocurrio en medio de operaciones de la fuerza publica contra estructuras armadas ilegales en el norte del cauca.",disidencias de las farc,Ataque contra aeronaves,Cauca,Toribío,94,Ninguna,False,Toribío - Cauca,"{""Agropecuario"": ""Negativo""}",Agropecuario
19738,2026-04-20,caracol,Tibú,Norte De Santander,Andina,True,True,Rural,Acciones de la fuerza publica y otros servidores publicos,Combate,Acciones de la fuerza publica,True,eln,,8,"el 20 de abril de 2026, en zona rural del municipio de tibu, norte de santander, tropas del ejercito nacional desarrollaron una operacion militar contra integrantes del eln senalados de operar drones con explosivos en la region del catatumbo. durante el operativo murieron varios integrantes del grupo armado ilegal, entre ellos alias “yair”, tercer cabecilla de la estructura, y una integrante conocida como “valentina”, ademas de resultar heridos cinco integrantes de la fuerza publica. las autoridades indicaron que la accion hacia parte de operaciones ofensivas para neutralizar capacidades tecnologicas y armadas del grupo ilegal.",eln,Combate,Norte De Santander,Tibú,94,Ninguna,False,Tibú - Norte De Santander,"{""Agropecuario"": ""Negativo""}",Agropecuario
19732,2026-04-19,el tiempo,Saravena,Arauca,Orinoquía,True,False,Urbana,Acciones de los grupos armados al margen de la ley,Hostigamiento,Ataques contra la fuerza publica,True,eln,,9,"el 19 de abril de 2026, en el municipio de saravena, arauca, fue activado un artefacto explosivo contra una caravana de la policia nacional que se movilizaba cerca de una institucion educativa en el casco urbano. el ataque dejo ocho integrantes de la fuerza publica heridos y una docente lesionada, ademas de generar enfrentamientos armados y temor entre la poblacion civil del sector. las autoridades atribuyeron preliminarmente el atentado al eln.",eln,Hostigamiento,Arauca,Saravena,71,Ninguna,False,Saravena - Arauca,{},Ninguno
19735,2026-04-19,el tiempo,Tibú,Norte De Santander,Andina,True,True,Rural,Acciones de la fuerza publica y otros servidores publicos,Bombardeo,Acciones de la fuerza publica,True,eln,,2,"el 19 de abril de 2026, en zona rural del municipio de tibu, norte de santander, las fuerzas militares realizaron un bombardeo contra campamentos del eln en desarrollo de operaciones ofensivas en la region del catatumbo. durante la operacion murieron dos integrantes del grupo armado ilegal y fueron destruidas estructuras utilizadas presuntamente por esa organizacion armada. el ministerio de defensa senalo que el operativo hacia parte de acciones militares para debilitar la capacidad armada del eln en la zona.",eln,Bombardeo,Norte De Santander,Tibú,79,Ninguna,False,Tibú - Norte De Santander,"{""Agropecuario"": ""Negativo""}",Agropecuario
19731,2026-04-18,caracol,El Tarra,Norte De Santander,Andina,True,False,Rural,Acciones de la fuerza publica y otros servidores publicos,Combate,Acciones de la fuerza publica,True,eln,,0,"el 18 de abril de 2026, en zona rural del municipio de el tarra, norte de santander, tropas del ejercito nacional sostuvieron combates contra integrantes del eln en limites con el municipio de tibu, en la region del catatumbo. los enfrentamientos generaron fuertes explosiones, sobrevuelos militares y temor entre comunidades campesinas de la zona.",eln,Combate,Norte De Santander,El Tarra,54,Ninguna,False,El Tarra - Norte De Santander,"{""Agropecuario"": ""Negativo""}",Agropecuario
19729,2026-04-16,caracol,Puerto Tejada,Cauca,Pacífico,False,False,Rural,Acciones de los grupos armados al margen de la ley,Emboscada,Ataques contra la fuerza publica,True,,,2,"el 16 de abril de 2026, en el barrio la esperanza del municipio de puerto tejada, cauca, hombres armados atacaron con armas de fuego a integrantes de la policia nacional que realizaban labores de seguridad en el sector. el hecho dejo dos integrantes de la fuerza publica heridos, quienes fueron trasladados a un centro asistencial. las autoridades senalaron preliminarmente que la accion violenta habria sido cometida por integrantes de estructuras de delincuencia comun organizada.",no identificado,Emboscada,Cauca,Puerto Tejada,74,Ninguna,False,Puerto Tejada - Cauca,{},Ninguno
19730,2026-04-16,el pais,Corinto,Cauca,Pacífico,True,False,Rural,Acciones de los grupos armados al margen de la ley,Hostigamiento,Ataques contra la fuerza publica,True,disidencias de las farc,,1,"el 16 de abril de 2026, en el casco urbano del municipio de corinto, cauca, hombres armados hostigaron con rafagas de fusil a una patrulla de la policia nacional que realizaba labores de control. durante el ataque un integrante de la fuerza publica resulto herido tras recibir el impacto de un proyectil, el cual fue contenido por su chaleco antibalas.",disidencias de las farc,Hostigamiento,Cauca,Corinto,60,Ninguna,False,Corinto - Cauca,{},Ninguno
19728,2026-04-13,la fm,Cumbitara,Nariño,Pacífico,True,False,Rural,Acciones de los grupos armados al margen de la ley,Enfrentamiento,Enfrentamientos,True,"otro grupo armado ilegal, disidencias de las farc",autodefensas unidas de narino,0,"el 13 de abril de 2026, en el corregimiento de sidon del municipio de cumbitara, narino, se registraron enfrentamientos armados entre grupos armados ilegales que operan en la zona, generando rafagas de fusil y temor entre la poblacion civil. los hechos provocaron restricciones a la movilidad y afectaciones a comunidades rurales cercanas. de acuerdo con versiones extraoficiales, los enfrentamientos que se vienen presentando en el territorio serian entre el estado mayor central de las farc y las denominadas autodefensas unidas de narino (aun), grupos armados ilegales que hacen presencia en la region.","otro grupo armado ilegal, disidencias de las farc",Enfrentamiento,Nariño,Cumbitara,92,Ninguna,False,Cumbitara - Nariño,{},Ninguno
19723,2026-04-11,el espectador,San José De Cúcuta,Norte De Santander,Andina,False,False,Urbana,Acciones de los grupos armados al margen de la ley,Activacion de artefacto explosivo,Ataque a infraestructura y bienes civiles,True,otro grupo armado ilegal,,9,"el 11 de abril de 2026, en el municipio de cucuta, norte de santander, fue activado un artefacto explosivo contra integrantes de la fuerza publica, dejando varios uniformados heridos y danos materiales en el sector. las autoridades atribuyeron preliminarmente el hecho a grupos armados ilegales con presencia en la region del catatumbo. el ataque se presento en medio de un incremento de acciones violentas contra la fuerza publica en diferentes regiones del pais.",otro grupo armado ilegal,Activacion de artefacto explosivo,Norte De Santander,San José De Cúcuta,73,Ninguna,False,San José De Cúcuta - Norte De Santander,{},Ninguno
19724,2026-04-11,la fm,Ragonvalia,Norte De Santander,Andina,False,False,Urbana,Acciones de los grupos armados al margen de la ley,Hostigamiento,Ataques contra la fuerza publica,True,eln,,3,"el 11 de abril de 2026, en el barrio la humildad del municipio de ragonvalia, norte de santander, fue activada una carga explosiva contra una patrulla de la policia nacional que realizaba labores de patrullaje en el casco urbano. el ataque dejo tres integrantes de la fuerza publica heridos, entre ellos un subintendente y dos patrulleros, quienes fueron trasladados a centros asistenciales. las autoridades senalaron preliminarmente al eln como posible responsable del atentado.",eln,Hostigamiento,Norte De Santander,Ragonvalia,73,Ninguna,False,Ragonvalia - Norte De Santander,{},Ninguno
19726,2026-04-11,la fm,Argelia,Cauca,Pacífico,True,False,Rural,Acciones de la fuerza publica y otros servidores publicos,Combate,Acciones de la fuerza publica,True,disidencias de las farc,,8,"el 11 de abril de 2026, en el corregimiento de el plateado del municipio de argelia, cauca, tropas del ejercito nacional sostuvieron combates contra integrantes de las disidencias de las farc en medio de operaciones militares desarrolladas en la zona. durante los enfrentamientos, ocho integrantes de la fuerza publica resultaron heridos y varias familias se desplazaron por temor a las confrontaciones armadas. las operaciones continuaron para recuperar el control territorial en el sector.",disidencias de las farc,Combate,Cauca,Argelia,73,Ninguna,False,Argelia - Cauca,{},Ninguno
19727,2026-04-11,el informador,Zona Bananera,Magdalena,Caribe,False,False,Rural,Acciones de la fuerza publica y otros servidores publicos,Combate,Acciones de la fuerza publica,True,otro grupo armado ilegal,acsn,2,"el 11 de abril de 2026, en el corregimiento de palmira del municipio de zona bananera, magdalena, unidades de la policia nacional y el ejercito nacional sostuvieron combates contra integrantes de las autodefensas conquistadoras de la sierra nevada (acsn), conocidas como los pachenca. durante los enfrentamientos murio un presunto integrante del grupo armado ilegal y un integrante de la fuerza publica resulto herido. en la zona tambien fueron desplegados operativos militares con apoyo aereo para recuperar el control territorial.",otro grupo armado ilegal,Combate,Magdalena,Zona Bananera,79,Ninguna,False,Zona Bananera - Magdalena,{},Ninguno
19721,2026-04-10,el pais,Corinto,Cauca,Pacífico,True,False,Rural,Acciones de los grupos armados al margen de la ley,Hostigamiento,Ataques contra la fuerza publica,True,disidencias de las farc,,1,"el 10 de abril de 2026, en zona rural del municipio de corinto, cauca, integrantes de grupos armados ilegales hostigaron con rafagas de fusil a tropas del ejercito nacional que desarrollaban operaciones militares en el sector. durante el ataque un integrante de la fuerza publica resulto herido y fue trasladado a un centro asistencial. las autoridades atribuyeron preliminarmente el hecho a estructuras disidentes de las farc con presencia en la region.",disidencias de las farc,Hostigamiento,Cauca,Corinto,71,Ninguna,False,Corinto - Cauca,"{""Agropecuario"": ""Negativo""}",Agropecuario
19722,2026-04-10,el heraldo,Dibulla,La Guajira,Caribe,True,False,Rural,Acciones de la fuerza publica y otros servidores publicos,Combate,Acciones de la fuerza publica,True,otro grupo armado ilegal,acsn,2,"el 10 de abril de 2026, en el corregimiento de palomino del municipio de dibulla, la guajira, tropas del ejercito nacional sostuvieron combates contra integrantes del grupo armado ilegal los pachenca. durante los enfrentamientos, dos integrantes de la fuerza publica resultaron heridos y fueron trasladados a centros asistenciales. las operaciones militares continuaron en la zona para mantener el control territorial.",otro grupo armado ilegal,Combate,La Guajira,Dibulla,60,Ninguna,False,Dibulla - La Guajira,{},Ninguno
19725,2026-04-10,la fm,Uribia,La Guajira,Caribe,False,False,Rural,Acciones de la fuerza publica y otros servidores publicos,Combate,Acciones de la fuerza publica,True,otro grupo armado ilegal,acsn,9,"el 10 de abril de 2026, en la vereda kamuishisain del municipio de uribia, la guajira, tropas del ejercito nacional sostuvieron combates contra integrantes del frente javier caceres de las autodefensas conquistadoras de la sierra nevada (acsn), conocidas como los pachenca. durante la operacion militar fueron abatidos nueve integrantes del grupo armado ilegal que hacian parte del anillo de seguridad de alias “nain”, presunto cabecilla de la estructura. en el operativo tambien fueron incautadas armas, vehiculos y material de intendencia, mientras tres integrantes de la fuerza publica resultaron heridos.",otro grupo armado ilegal,Combate,La Guajira,Uribia,89,Ninguna,False,Uribia - La Guajira,{},Ninguno
19692,2026-04-08,blu radio,Briceño,Antioquia,Andina,True,True,Rural,Acciones de la fuerza publica y otros servidores publicos,Combate,Acciones de la fuerza publica,True,disidencias de las farc,ala calarca,3,"el 16 de marzo, en el corregimiento travesias, zona rural del municipio de briceno (antioquia), tropas del ejercito nacional sostuvieron combates con disidencias de las farc al mando de alias “primo gay” durante operaciones militares en la zona. en medio del enfrentamiento, los grupos armados utilizaron drones con explosivos, dejando al menos tres militares heridos y generando operaciones de evacuacion aerea.",disidencias de las farc,Combate,Antioquia,Briceño,61,Ninguna,False,Briceño - Antioquia,"{""Agropecuario"": ""Negativo""}",Agropecuario
19717,2026-04-08,caracol,Jamundí,Valle Del Cauca,Pacífico,False,False,Rural,Acciones de los grupos armados al margen de la ley,Hostigamiento,Ataques contra la fuerza publica,True,disidencias de las farc,,2,"el 8 de abril de 2026, en el corregimiento de ampudia del municipio de jamundi, valle del cauca, integrantes de las disidencias de las farc atacaron con drones cargados con explosivos a tropas del ejercito nacional. el ataque dejo dos integrantes de la fuerza publica heridos y genero temor entre la poblacion civil de la zona rural. las autoridades atribuyeron el hecho a estructuras armadas ilegales que operan en el sector.",disidencias de las farc,Hostigamiento,Valle Del Cauca,Jamundí,71,Ninguna,False,Jamundí - Valle Del Cauca,"{""Agropecuario"": ""Negativo""}",Agropecuario
19718,2026-04-08,el tiempo,Briceño,Antioquia,Andina,True,True,Rural,Acciones de la fuerza publica y otros servidores publicos,Combate,Acciones de la fuerza publica,True,disidencias de las farc,frente 36,3,"el 8 de abril de 2026, en el corregimiento de travesias del municipio de briceno, antioquia, tropas del ejercito nacional sostuvieron combates contra integrantes del frente 36 de las disidencias de las farc. durante los enfrentamientos, los integrantes del grupo armado ilegal activaron artefactos explosivos lanzados desde drones, dejando tres soldados heridos. las operaciones militares continuaron en la zona tras el ataque.",disidencias de las farc,Combate,Antioquia,Briceño,62,Ninguna,False,Briceño - Antioquia,{},Ninguno
19719,2026-04-08,el tiempo,El Tarra,Norte De Santander,Andina,True,False,Rural,Acciones de la fuerza publica y otros servidores publicos,Combate,Acciones de la fuerza publica,True,disidencias de las farc,frente 33,0,"el 8 de abril de 2026, en zona rural del municipio de el tarra, norte de santander, las fuerzas militares desplegaron una ofensiva militar contra integrantes del frente 33 de las disidencias de las farc al mando de alias “calarca”. las operaciones incluyeron uso de artilleria y despliegue de tropas para debilitar las capacidades del grupo armado ilegal en la region del catatumbo. en medio de la ofensiva tambien se reportaron afectaciones a poblacion civil por ataques con drones en la zona.",disidencias de las farc,Combate,Norte De Santander,El Tarra,82,Ninguna,False,El Tarra - Norte De Santander,"{""Agropecuario"": ""Negativo""}",Agropecuario
19720,2026-04-08,mi oriente,Sonsón,Antioquia,Andina,False,False,Rural,Acciones de la fuerza publica y otros servidores publicos,Combate,Acciones de la fuerza publica,True,otro grupo armado ilegal,clan del golfo,0,"el 8 de abril de 2026, en la vereda san miguel del municipio de sonson, antioquia, se registro un enfrentamiento armado entre integrantes del clan del golfo y la policia nacional. los hechos generaron temor entre los habitantes de la zona rural y motivaron el despliegue de tropas del ejercito nacional para recuperar el control territorial. las autoridades avanzan en la verificacion de afectaciones y responsables involucrados en el hecho.",otro grupo armado ilegal,Combate,Antioquia,Sonsón,70,Ninguna,False,Sonsón - Antioquia,"{""Agropecuario"": ""Negativo""}",Agropecuario
19716,2026-04-07,el tiempo,Jamundí,Valle Del Cauca,Pacífico,False,False,Rural,Acciones de la fuerza publica y otros servidores publicos,Combate,Acciones de la fuerza publica,True,disidencias de las farc,frente jaime martinez,0,"el 7 de abril de 2026, en el corregimiento de ampudia del municipio de jamundi, valle del cauca, tropas del ejercito nacional sostuvieron combates contra integrantes de la estructura jaime martinez de las disidencias de las farc. durante los enfrentamientos se reportaron rafagas de fusil y el lanzamiento de explosivos desde drones, lo que genero temor entre la poblacion civil y afectaciones en viviendas y animales de granja. las operaciones militares continuaron en la zona para recuperar el control territorial.",disidencias de las farc,Combate,Valle Del Cauca,Jamundí,80,Ninguna,False,Jamundí - Valle Del Cauca,{},Ninguno
19803,2026-04-05,el tiempo,Briceño,Antioquia,Andina,True,True,Urbana,Acciones de los grupos armados al margen de la ley,Ataque a bienes civiles,Ataque a infraestructura y bienes civiles,True,"grupo armado ilegal no identificado, delincuencia comun",sin informacion,2,"el caso se suma al asesinato de un joven en una ambulancia, el jueves santo, el cual se relacionaria con la moto bomba en briceno, el viernes santo. el caso se suma al asesinato de un joven en una ambulancia, el jueves santo, el cual se relacionaria con la moto bomba en briceno, el viernes santo.","grupo armado ilegal no identificado, delincuencia comun",Ataque a bienes civiles,Antioquia,Briceño,56,Ninguna,False,Briceño - Antioquia,{},Ninguno
19714,2026-04-03,el tiempo,Briceño,Antioquia,Andina,True,True,Urbana,Acciones de los grupos armados al margen de la ley,Ataque a instalaciones de la fuerza publica,Ataques contra la fuerza publica,True,,,1,"el 3 de abril de 2026, en el casco urbano del municipio de briceno, antioquia, fue activada una motocicleta cargada con explosivos frente a la estacion de policia. la explosion dejo un integrante de la fuerza publica herido y ocasiono danos materiales en la infraestructura policial y establecimientos cercanos. las autoridades atribuyeron preliminarmente el hecho a grupos armados ilegales que operan en la zona.",no identificado,Ataque a instalaciones de la fuerza publica,Antioquia,Briceño,64,Ninguna,True,Briceño - Antioquia,{},Ninguno
19794,2026-04-03,el tiempo,Briceño,Antioquia,Andina,True,True,Urbana,Acciones de los grupos armados al margen de la ley,Activacion de artefacto explosivo,Ataque a infraestructura y bienes civiles,True,"guerrilla no identificada, grupo armado ilegal no identificado",sin informacion,1,"una motocicleta cargada con explosivos fue detonada frente a la estacion de policia en el municipio de briceno, norte de antioquia, en un hecho ocurrido este viernes santo que dejo un uniformado herido y danos estructurales en la sede. el policia fue atendido y, segun las autoridades, se encuentra fuera de peligro. la detonacion se registro en plena zona urbana, lo que genero temor entre los habitantes. el patrullero de la policia mario felipe mercado garai, resulto herido en la rodilla izquierda, al parecer con fractura los primeros reportes de las autoridades conocidos por el tiempo indican que el patrullero de la policia, identificado como mario felipe mercado garai, resulto herido en la rodilla izquierda, al parecer con fractura. el mandatario afirmo que en esta zona delinquen el ‘clan del golfo’ y el frente 36 de las disidencias de las farc, estructura asociada a alias ‘calarca’, y atribuyo el regreso de estos grupos a la politica de ‘paz total’ del gobierno nacional. hay presencia de tres actores armados ilegales: el ‘clan del golfo’, a traves de la subestructura ‘luis hernando rozo bertel’; los frentes 18 y 36 de las disidencias de las farc, y el frente ‘heroes de taraza’ del eln.","guerrilla no identificada, grupo armado ilegal no identificado",Activacion de artefacto explosivo,Antioquia,Briceño,201,Ninguna,False,Briceño - Antioquia,{},Ninguno
19712,2026-04-02,defensoria del pueblo,Cumbitara,Nariño,Pacífico,True,False,Rural,Acciones de los grupos armados al margen de la ley,Enfrentamiento,Enfrentamientos,True,"otro grupo armado ilegal, disidencias de las farc",frente franco benavides; comuneros del sur; autodefensas unidas de narino,0,"el 2 de abril, la defensoria dle pueblo reporto que, en el corregimiento de sidon del municipio de cumbitara, narino, mas de 200 familias fueron desplazadas forzadamente debido a combates prolongados entre el frente franco benavides de las disidencias de las farc, los comuneros del sur y las autodefensas unidas de narino (aun). los enfrentamientos generaron confinamiento.","otro grupo armado ilegal, disidencias de las farc",Enfrentamiento,Nariño,Cumbitara,57,Ninguna,False,Cumbitara - Nariño,"{""Humanitario"": ""Negativo""}",Humanitario
19713,2026-04-02,el pais,Jamundí,Valle Del Cauca,Pacífico,False,False,Urbana,Acciones de los grupos armados al margen de la ley,Ataque a poblacion,Ataque a infraestructura y bienes civiles,True,,,4,"el 2 de abril de 2026, en el barrio el rosario del municipio de jamundi, valle del cauca, hombres armados atacaron con armas de fuego a varias personas que se encontraban en una vivienda. el hecho dejo cuatro civiles heridos, dos de ellos de gravedad, quienes fueron trasladados a centros asistenciales. las autoridades iniciaron investigaciones para establecer la identidad y motivacion de los responsables.",no identificado,Ataque a poblacion,Valle Del Cauca,Jamundí,64,Ninguna,False,Jamundí - Valle Del Cauca,{},Ninguno
19793,2026-04-02,el pais,Jamundí,Valle Del Cauca,Pacífico,False,False,Urbana,Acciones de los grupos armados al margen de la ley,Ataque a poblacion,Ataque a infraestructura y bienes civiles,True,delincuencia comun,sin informacion,4,"en medio de la semana santa, se registro un nuevo episodio de violencia en el municipio de jamundi durante la noche del jueves, 2 de abril, cuando un grupo de hombres armados llego hasta una vivienda ubicada en el barrio el rosario y abrio fuego contra varias personas. segun la informacion que se conoce hasta el momento, los atacantes habrian disparado de manera indiscriminada contra los presentes, generando momentos de panico entre quienes se encontraban en el lugar. cabe resaltar que el hecho dejo como saldo cuatro personas heridas, generando preocupacion entre los habitantes del sector debido a la gravedad y violencia con la que se presento el ataque.",delincuencia comun,Ataque a poblacion,Valle Del Cauca,Jamundí,109,Ninguna,False,Jamundí - Valle Del Cauca,{},Ninguno
19711,2026-04-01,blu radio,Ituango,Antioquia,Andina,True,True,Rural,Acciones de la fuerza publica y otros servidores publicos,Combate,Acciones de la fuerza publica,True,disidencias de las farc,frente 18,0,"el 1 de abril de 2026, en la vereda el torrente del municipio de ituango, antioquia, tropas del ejercito nacional sostuvieron combates contra integrantes del frente 18 de las disidencias de las farc. posteriormente, las autoridades hallaron una caleta con armamento, una ak-47 y mas de 5.500 cartuchos de diferentes calibres. durante el operativo no se reportaron personas muertas ni heridas.",disidencias de las farc,Combate,Antioquia,Ituango,61,Ninguna,False,Ituango - Antioquia,{},Ninguno
19710,2026-03-31,caracol,San José De Cúcuta,Norte De Santander,Andina,False,False,Rural,Acciones de los grupos armados al margen de la ley,Hostigamiento,Ataques contra la fuerza publica,True,eln,,0,"el 31 de marzo de 2026, en el corregimiento guaramito, zona rural del municipio de cucuta (norte de santander), integrantes del eln hostigaron a la policia metropolitana con rafagas de fusil y explosivos. el ataque fue repelido por los uniformados tras varios minutos de confrontacion armada.",eln,Hostigamiento,Norte De Santander,San José De Cúcuta,46,Ninguna,False,San José De Cúcuta - Norte De Santander,"{""Agropecuario"": ""Negativo""}",Agropecuario
19709,2026-03-30,el tiempo,Jamundí,Valle Del Cauca,Pacífico,False,False,Rural,Acciones de los grupos armados al margen de la ley,Hostigamiento,Ataques contra la fuerza publica,True,disidencias de las farc,,2,"el 30 de marzo de 2026, en el corregimiento timba, zona rural del municipio de jamundi (valle del cauca), tropas del ejercito nacional fueron atacadas con drones cargados con explosivos por presuntos integrantes de disidencias de las farc. el ataque dejo dos soldados heridos en medio de operaciones militares en la zona.",disidencias de las farc,Hostigamiento,Valle Del Cauca,Jamundí,52,Ninguna,False,Jamundí - Valle Del Cauca,"{""Agropecuario"": ""Negativo""}",Agropecuario
19708,2026-03-29,el heraldo,Arenal,Bolívar,Caribe,True,False,Urbana,Acciones de los grupos armados al margen de la ley,Ataque a instalaciones de la fuerza publica,Ataques contra la fuerza publica,True,,,1,"el 29 de marzo de 2026, en el casco urbano del municipio de arenal (bolivar), fue atacada la estacion de policia mediante el uso de drones cargados con explosivos, que generaron varias detonaciones dirigidas contra la infraestructura policial. el ataque dejo al menos un civil herido y causo danos en la estacion y en viviendas cercanas.",no identificado,Ataque a instalaciones de la fuerza publica,Bolívar,Arenal,56,Ninguna,True,Arenal - Bolívar,{},Ninguno
19715,2026-03-29,el universal,Riohacha,La Guajira,Caribe,False,False,Rural,Acciones de los grupos armados al margen de la ley,Combate,Acciones de la fuerza publica,True,delincuencia comun,,1,"el 29 de marzo de 2026, en el corregimiento de matitas del municipio de riohacha, la guajira, unidades de la policia nacional sostuvieron un combate con alias “sureno”, identificado como john freddy valera gongora, quien habia escapado previamente de una estacion de policia. durante el intercambio de disparos, el presunto integrante de una estructura criminal murio en el lugar. las autoridades incautaron un arma de fuego con proveedor extendido tras el operativo.",delincuencia comun,Combate,La Guajira,Riohacha,72,Ninguna,False,Riohacha - La Guajira,{},Ninguno
19706,2026-03-27,el pais,Corinto,Cauca,Pacífico,True,False,Urbana,Acciones de los grupos armados al margen de la ley,Hostigamiento,Ataques contra la fuerza publica,True,disidencias de las farc,emc,0,"el 26 de marzo de 2026, en el casco urbano del municipio de corinto (cauca), disidencias de las farc atacaron durante varias horas a la fuerza publica mediante hostigamientos con explosivos y armas de fuego. la accion dejo comunidades confinadas en medio de los enfrentamientos y genero afectaciones a la poblacion civil.",disidencias de las farc,Hostigamiento,Cauca,Corinto,52,Ninguna,False,Corinto - Cauca,{},Ninguno
19707,2026-03-27,caracol,Tibú,Norte De Santander,Andina,True,True,Rural,Acciones de los grupos armados al margen de la ley,Enfrentamiento,Enfrentamientos,True,"eln, disidencias de las farc",frente 33,0,"el 27 de marzo de 2026, en el corregimiento campo dos, zona urbana del municipio de tibu (norte de santander), se registraron enfrentamientos armados entre el eln y el frente 33 de las disidencias de las farc en medio de disputas por el control territorial. segun la comunidad, hombres armados recorrieron viviendas buscando integrantes del grupo rival, generando temor entre la poblacion civil.","eln, disidencias de las farc",Enfrentamiento,Norte De Santander,Tibú,63,Ninguna,False,Tibú - Norte De Santander,{},Ninguno
19704,2026-03-25,el frente,San José De Cúcuta,Norte De Santander,Andina,False,False,Urbana,Acciones de los grupos armados al margen de la ley,Hostigamiento,Ataques contra la fuerza publica,True,eln,,5,"el 25 de marzo de 2026, en el anillo vial occidental, sector arrayanes del municipio de cucuta (norte de santander), fue activado un artefacto explosivo contra un convoy del ejercito nacional mientras se desplazaba por la zona. la detonacion dejo cinco militares afectados por la onda explosiva, quienes fueron trasladados a un centro asistencial, y el ataque fue atribuido al eln.",eln,Hostigamiento,Norte De Santander,San José De Cúcuta,61,Ninguna,False,San José De Cúcuta - Norte De Santander,{},Ninguno
19703,2026-03-24,blu radio,Rionegro,Santander,Andina,False,False,Rural,Acciones de los grupos armados al margen de la ley,Enfrentamiento,Enfrentamientos,True,otro grupo armado ilegal,clan del golfo; acsn,0,"el 23 de marzo de 2026, en el corregimiento san jose de los chorros, zona rural del municipio de rionegro (santander), se registraron hechos de violencia en medio de la confrontacion entre el clan del golfo y las autodefensas conquistadoras de la sierra nevada (los pachenca) por el control territorial. los enfrentamientos y acciones asociadas dejaron al menos dos personas muertas, ademas de denuncias de tortura, amenazas, restricciones a la movilidad y afectaciones a la poblacion civil, incluidos lideres sociales.",otro grupo armado ilegal,Enfrentamiento,Santander,Rionegro,80,Ninguna,False,Rionegro - Santander,"{""Agropecuario"": ""Negativo""}",Agropecuario
19701,2026-03-23,caracol,Chinácota,Norte De Santander,Andina,False,False,Urbana,Acciones de los grupos armados al margen de la ley,Hostigamiento,Ataques contra la fuerza publica,True,,,2,"el 22 de marzo de 2026, en el barrio la palestina del municipio de chinacota (norte de santander), fue activado un artefacto explosivo improvisado contra una patrulla de la policia que realizaba labores de vigilancia. la detonacion dejo al menos dos uniformados lesionados por aturdimiento y genero alarma en la comunidad.",no identificado,Hostigamiento,Norte De Santander,Chinácota,51,Ninguna,False,Chinácota - Norte De Santander,{},Ninguno
19702,2026-03-23,la silla vacia,Timbío,Cauca,Pacífico,False,False,Rural,Acciones de los grupos armados al margen de la ley,Hostigamiento,Ataques contra la fuerza publica,True,,,1,"el 23 de marzo de 2026, en el sector las piedras sobre la via panamericana, zona rural del municipio de timbio (cauca), fue activado un artefacto explosivo contra una patrulla de la policia nacional mientras se desplazaba por el corredor vial. la detonacion dejo un patrullero muerto y varios uniformados heridos, ademas de afectaciones en la infraestructura vial y suspension del transito en la zona.",no identificado,Hostigamiento,Cauca,Timbío,65,Ninguna,True,Timbío - Cauca,"{""Agropecuario"": ""Negativo""}",Agropecuario
19697,2026-03-20,el pais,Corinto,Cauca,Pacífico,True,False,Urbana,Acciones de los grupos armados al margen de la ley,Hostigamiento,Ataques contra la fuerza publica,True,,,0,"el 20 de marzo de 2026, en el casco urbano del municipio de corinto (cauca), disidencias de las farc lanzaron un artefacto explosivo artesanal tipo tatuco contra la estacion de policia utilizando un dron. el ataque, dirigido contra unidades de la policia y el ejercito presentes en el lugar, no dejo personas heridas ni victimas mortales.",no identificado,Hostigamiento,Cauca,Corinto,56,Ninguna,False,Corinto - Cauca,{},Ninguno
19699,2026-03-20,semana,Arauquita,Arauca,Orinoquía,True,True,Urbana,Acciones de los grupos armados al margen de la ley,Emboscada,Ataques contra la fuerza publica,True,eln,,10,"el 20 de marzo de 2026, en el barrio obrero, cerca del colegio gabriel garcia marquez en el casco urbano del municipio de arauquita (arauca), un vehiculo del ejercito nacional fue atacado con arma de fuego por hombres armados mientras realizaba labores de patrullaje. el ataque dejo al menos un soldado muerto y varios militares heridos que fueron trasladados a un centro asistencial.",eln,Emboscada,Arauca,Arauquita,63,Ninguna,False,Arauquita - Arauca,{},Ninguno
19696,2026-03-19,caracol,Pasto,Nariño,Pacífico,False,False,Rural,Acciones de los grupos armados al margen de la ley,Ataque a instalaciones de la fuerza publica,Ataques contra la fuerza publica,True,,,0,"el 19 de marzo de 2026, en inmediaciones del corregimiento jamondino, zona rural del municipio de pasto (narino), fue detonado un artefacto explosivo de bajo poder dirigido contra una subestacion de policia. la explosion no dejo uniformados heridos, pero causo danos materiales en un establecimiento comercial cercano y afectaciones menores a habitantes por la onda expansiva.",no identificado,Ataque a instalaciones de la fuerza publica,Nariño,Pasto,56,Ninguna,False,Pasto - Nariño,"{""Agropecuario"": ""Negativo""}",Agropecuario
19698,2026-03-19,blu radio,Frontino,Antioquia,Andina,False,False,Rural,Acciones de la fuerza publica y otros servidores publicos,Combate,Acciones de la fuerza publica,True,otro grupo armado ilegal,clan del golfo,1,": el 19 de marzo de 2026, en zona rural del municipio de frontino (antioquia), tropas del ejercito nacional sostuvieron combates con integrantes del clan del golfo en desarrollo de operaciones militares contra esta estructura armada. durante el enfrentamiento fue abatido alias “jony rivera” y se reportaron capturas de otros integrantes del grupo ilegal.",otro grupo armado ilegal,Combate,Antioquia,Frontino,54,Ninguna,False,Frontino - Antioquia,"{""Agropecuario"": ""Negativo""}",Agropecuario
19700,2026-03-19,la fm,Cantagallo,Bolívar,Caribe,True,True,Rural,Acciones de la fuerza publica y otros servidores publicos,Combate,Acciones de la fuerza publica,True,otro grupo armado ilegal,clan del golfo,3,"el 19 de marzo de 2026, en la vereda cano doradas, zona rural del municipio de cantagallo (bolivar), tropas del ejercito nacional sostuvieron combates con integrantes del clan del golfo durante una operacion militar contra un centro de adiestramiento para la fabricacion de explosivos y uso de drones. en los enfrentamientos murieron tres presuntos integrantes del grupo armado y otros tres fueron capturados.",otro grupo armado ilegal,Combate,Bolívar,Cantagallo,63,Ninguna,False,Cantagallo - Bolívar,"{""Agropecuario"": ""Negativo""}",Agropecuario
19694,2026-03-17,el heraldo,San Alberto,Cesar,Caribe,False,False,Rural,Acciones de la fuerza publica y otros servidores publicos,Combate,Acciones de la fuerza publica,True,otro grupo armado ilegal,acsn,1,"el 17 de marzo de 2026, en zona rural del municipio de san alberto (cesar), unidades de la policia nacional sostuvieron combates con integrantes de las autodefensas conquistadoras de la sierra, en el marco de operaciones contra estructuras armadas ilegales. durante el enfrentamiento fue abatido alias “comando 60”, identificado como cabecilla de esta organizacion criminal.",otro grupo armado ilegal,Combate,Cesar,San Alberto,55,Ninguna,False,San Alberto - Cesar,"{""Agropecuario"": ""Negativo""}",Agropecuario
19695,2026-03-17,el pais,Corinto,Cauca,Pacífico,True,False,Urbana,Acciones de los grupos armados al margen de la ley,Hostigamiento,Ataques contra la fuerza publica,True,,,0,"el 17 de marzo de 2026, en el casco urbano del municipio de corinto (cauca), unidades de la policia y el ejercito fueron atacadas con explosivos y rafagas de fusil mientras realizaban controles de seguridad. durante el hostigamiento, fueron lanzados varios artefactos explosivos contra los uniformados, generando una reaccion inmediata de la fuerza publica.",no identificado,Hostigamiento,Cauca,Corinto,54,Ninguna,False,Corinto - Cauca,{},Ninguno
19693,2026-03-16,siete dias,Guataquí,Cundinamarca,Andina,False,False,Rural,Acciones de los grupos armados al margen de la ley,Hostigamiento,Ataques contra la fuerza publica,True,,,2,"el 16 de marzo de 2026, en el peaje san lorenzo sobre la via entre girardot y narino, jurisdiccion del municipio de guataqui (cundinamarca), dos uniformados de la policia de transito fueron atacados con arma de fuego por hombres que descendieron de un vehiculo y dispararon en repetidas ocasiones. el ataque dejo dos policias muertos, uno en el lugar y otro tras ser trasladado a un hospital debido a la gravedad de las heridas.",no identificado,Hostigamiento,Cundinamarca,Guataquí,74,Ninguna,True,Guataquí - Cundinamarca,{},Ninguno
19689,2026-03-14,caracol,Curumaní,Cesar,Caribe,False,False,Rural,Acciones de los grupos armados al margen de la ley,Activacion de artefacto explosivo,Ataque a infraestructura y bienes civiles,True,,,0,"el 14 de marzo de 2026, en la via que comunica a curumani con san roque, zona rural del municipio de curumani (cesar), fue activado un artefacto explosivo tipo petardo cerca de un punto donde previamente habia presencia de la policia. el hecho no dejo personas heridas ni danos materiales, pero es investigado como un posible atentado dirigido contra la fuerza publica.",no identificado,Activacion de artefacto explosivo,Cesar,Curumaní,62,Ninguna,False,Curumaní - Cesar,"{""Agropecuario"": ""Negativo""}",Agropecuario
19690,2026-03-14,corrillos,El Tarra,Norte De Santander,Andina,True,False,Rural,Acciones de los grupos armados al margen de la ley,Enfrentamiento,Enfrentamientos,True,"eln, disidencias de las farc",,0,"el 14 de marzo de 2026, en zona rural del municipio de el tarra (norte de santander), se registraron enfrentamientos armados entre disidencias de las farc y el eln en medio de disputas por el control territorial en la region del catatumbo. los combates provocaron el desplazamiento forzado de al menos varias familias, algunas de las cuales fueron ubicadas en albergues temporales tras huir de sus viviendas.","eln, disidencias de las farc",Enfrentamiento,Norte De Santander,El Tarra,67,Ninguna,False,El Tarra - Norte De Santander,"{""Agropecuario"": ""Negativo"", ""Humanitario"": ""Negativo""}","Agropecuario, Humanitario"
19691,2026-03-14,blu radio,Curumaní,Cesar,Caribe,False,False,Rural,Acciones de los grupos armados al margen de la ley,Activacion de artefacto explosivo,Ataque a infraestructura y bienes civiles,True,,,0,"el 14 de marzo de 2026, en la via entre curumani y san roque, sector brisas del oriente, zona rural del municipio de curumani (cesar), fue detonado un artefacto explosivo contra un puesto de control de la policia nacional, presuntamente lanzado desde un dron por un grupo armado no identificado. la explosion no dejo uniformados heridos, pero genero alarma en la poblacion y el despliegue de operativos de seguridad en el corredor vial.",no identificado,Activacion de artefacto explosivo,Cesar,Curumaní,73,Ninguna,False,Curumaní - Cesar,"{""Agropecuario"": ""Negativo""}",Agropecuario
19686,2026-03-11,blu radio,Cajibío,Cauca,Pacífico,True,False,Rural,Acciones de los grupos armados al margen de la ley,Ataque a instalaciones de la fuerza publica,Ataques contra la fuerza publica,True,disidencias de las farc,,1,"el 11 de marzo de 2026, en el sector la granja, zona rural del municipio de cajibio (cauca), se registro un ataque con drones cargados con explosivos dirigido contra la estacion de policia por parte de presuntos integrantes de disidencias de las farc. durante la accion fueron lanzados varios artefactos explosivos sin causar afectaciones a los uniformados, pero un menor de edad de la comunidad resulto herido. el hecho genero alarma en la poblacion y el refuerzo de las medidas de seguridad en la zona.",disidencias de las farc,Ataque a instalaciones de la fuerza publica,Cauca,Cajibío,85,Ninguna,False,Cajibío - Cauca,"{""Agropecuario"": ""Negativo""}",Agropecuario
19687,2026-03-11,el pais,El Tambo,Cauca,Pacífico,True,True,Rural,Acciones de los grupos armados al margen de la ley,Hostigamiento,Ataques contra la fuerza publica,True,disidencias de las farc,frente carlos patino,2,"el 11 de marzo de 2026, en la vereda sauce, zona rural del municipio de el tambo (cauca), tropas de la brigada 29 del ejercito nacional fueron atacadas con artefactos explosivos lanzados desde un dron, presuntamente por integrantes del frente carlos patino de las disidencias de las farc. el ataque dejo dos militares heridos en medio de operaciones ofensivas en la region. el hecho evidencia el uso de nuevas capacidades tecnologicas por parte de grupos armados para atacar a la fuerza publica.",disidencias de las farc,Hostigamiento,Cauca,El Tambo,82,Ninguna,False,El Tambo - Cauca,"{""Agropecuario"": ""Negativo""}",Agropecuario
19688,2026-03-11,el pais,Jamundí,Valle Del Cauca,Pacífico,False,False,Rural,Acciones de los grupos armados al margen de la ley,Emboscada,Ataques contra la fuerza publica,True,,,1,"el 11 de marzo de 2026, en zona rural del municipio de jamundi (valle del cauca), un suboficial de la fuerza de despliegue rapido n.° 5 fue atacado con arma de fuego corta en lo que seria una accion sicarial atribuida a grupos armados ilegales. el militar resulto herido en medio del ataque. el hecho se enmarca en acciones dirigidas contra integrantes de la fuerza publica en el suroccidente del pais.",no identificado,Emboscada,Valle Del Cauca,Jamundí,71,Ninguna,False,Jamundí - Valle Del Cauca,"{""Agropecuario"": ""Negativo""}",Agropecuario
19683,2026-03-10,el uniformado,Ituango,Antioquia,Andina,True,True,Rural,Acciones de la fuerza publica y otros servidores publicos,Bombardeo,Acciones de la fuerza publica,True,disidencias de las farc,estado mayor central,4,"el 10 de marzo de 2026, en zona rural del municipio de ituango (antioquia), el ejercito nacional realizo un bombardeo contra una estructura de las disidencias de las farc en el marco de una operacion militar dirigida a capturar a un cabecilla conocido como alias “ramiro”. la accion dejo tres presuntos integrantes del grupo armado muertos en combate y una mujer herida que fue capturada por las autoridades. el operativo hizo parte de una ofensiva conjunta de la fuerza publica contra estructuras del estado mayor central en la region.",disidencias de las farc,Bombardeo,Antioquia,Ituango,89,Ninguna,False,Ituango - Antioquia,"{""Agropecuario"": ""Negativo""}",Agropecuario
19685,2026-03-10,diario oriente,Yondó,Antioquia,Andina,True,False,Rural,Acciones de los grupos armados al margen de la ley,Enfrentamiento,Enfrentamientos,True,"eln, otro grupo armado ilegal, disidencias de las farc",clan del golfo,0,"el 10 de marzo de 2026, en el corregimiento puerto matilde, zona rural del municipio de yondo (antioquia), se registraron enfrentamientos armados entre el clan del golfo, el eln y disidencias de las farc en medio de disputas por el control territorial. los combates generaron el desplazamiento forzado de familias que abandonaron sus viviendas por temor a quedar en medio del fuego cruzado.","eln, otro grupo armado ilegal, disidencias de las farc",Enfrentamiento,Antioquia,Yondó,63,Ninguna,False,Yondó - Antioquia,"{""Agropecuario"": ""Negativo"", ""Humanitario"": ""Negativo""}","Agropecuario, Humanitario"
19681,2026-03-08,blu radio,Yondó,Antioquia,Andina,True,False,Rural,Acciones de la fuerza publica y otros servidores publicos,Combate,Acciones de la fuerza publica,True,otro grupo armado ilegal,clan del golfo,0,"el 8 de marzo de 2026, en inmediaciones de la vereda puerto matilde, zona rural del municipio de yondo (antioquia), tropas del ejercito nacional sostuvieron combates con presuntos integrantes del clan del golfo durante operaciones de control territorial en el marco de la jornada electoral. los enfrentamientos se presentaron en un sector cercano al rio sogamoso, sin que se reportara un balance oficial de victimas.",otro grupo armado ilegal,Combate,Antioquia,Yondó,65,Ninguna,False,Yondó - Antioquia,"{""Agropecuario"": ""Negativo"", ""Ambiental"": ""Negativo""}","Agropecuario, Ambiental"
19680,2026-03-07,la fm,Buenaventura,Valle Del Cauca,Pacífico,True,False,Rural,Acciones de la fuerza publica y otros servidores publicos,Combate,Acciones de la fuerza publica,True,disidencias de las farc,frente jaime martinez,4,"el 7 de marzo de 2026, en el sector de bajo calima, zona rural del distrito de buenaventura (valle del cauca), tropas del ejercito nacional sostuvieron combates con integrantes del frente jaime martinez de las disidencias de las farc, en el marco de operaciones de seguridad durante la jornada electoral. los enfrentamientos dejaron tres presuntos guerrilleros muertos y un infante de marina herido. el hecho se produjo en medio de acciones militares orientadas a garantizar el control territorial en la region.",disidencias de las farc,Combate,Valle Del Cauca,Buenaventura,81,Ninguna,False,Buenaventura - Valle Del Cauca,"{""Agropecuario"": ""Negativo""}",Agropecuario
19674,2026-03-06,el pais,Miranda,Cauca,Pacífico,True,True,Rural,Acciones de la fuerza publica y otros servidores publicos,Combate,Acciones de la fuerza publica,True,disidencias de las farc,frente jaime martinez; frente dagoberto ramos,0,"el 6 de marzo de 2026, en las veredas caraqueno, la union y el cabildo, zona rural del municipio de miranda (cauca), tropas del ejercito nacional sostuvieron combates con integrantes de las disidencias de las farc, especificamente de los frentes jaime martinez y dagoberto ramos. los enfrentamientos se produjeron durante operaciones militares orientadas a recuperar control territorial en el norte del departamento. el hecho genero temor entre la poblacion civil ante la intensidad de las confrontaciones armadas.",disidencias de las farc,Combate,Cauca,Miranda,77,Ninguna,False,Miranda - Cauca,"{""Agropecuario"": ""Negativo""}",Agropecuario
19675,2026-03-06,el pais,Corinto,Cauca,Pacífico,True,False,Rural,Acciones de la fuerza publica y otros servidores publicos,Combate,Acciones de la fuerza publica,True,disidencias de las farc,frente jaime martinez; frente dagoberto ramos,0,"el 6 de marzo de 2026, en las veredas la cilia, la calera y paez, zona rural del municipio de corinto (cauca), unidades del ejercito nacional se enfrentaron en combates armados con disidencias de las farc de los frentes jaime martinez y dagoberto ramos. los enfrentamientos se registraron en el marco de operaciones militares para disputar el control territorial en el norte del cauca.",disidencias de las farc,Combate,Cauca,Corinto,64,Ninguna,False,Corinto - Cauca,"{""Agropecuario"": ""Negativo""}",Agropecuario
19676,2026-03-06,el pais,Santander De Quilichao,Cauca,Pacífico,True,False,Rural,Acciones de la fuerza publica y otros servidores publicos,Combate,Acciones de la fuerza publica,True,disidencias de las farc,frente jaime martinez; frente dagoberto ramos,0,"el 6 de marzo de 2026, en zona rural del municipio de santander de quilichao (cauca), tropas del ejercito nacional sostuvieron combates con integrantes de las disidencias de las farc, en medio de operaciones militares dirigidas a recuperar el control territorial. los enfrentamientos ocurrieron en el contexto de una ofensiva contra estructuras armadas en el norte del departamento. la situacion genero tension entre la poblacion ante la cercania de los combates.",disidencias de las farc,Combate,Cauca,Santander De Quilichao,71,Ninguna,False,Santander De Quilichao - Cauca,"{""Agropecuario"": ""Negativo""}",Agropecuario
19677,2026-03-06,el pais,Caloto,Cauca,Pacífico,True,False,Rural,Acciones de la fuerza publica y otros servidores publicos,Combate,Acciones de la fuerza publica,True,disidencias de las farc,ala mordisco,2,"el 6 de marzo de 2026, en el sector de pajarito, zona rural del municipio de caloto (cauca), se presentaron combates entre el ejercito nacional y disidencias de las farc, durante los cuales se reporto el lanzamiento de artefactos explosivos que cayeron cerca de viviendas. la situacion genero confinamiento y temor entre las comunidades, que denunciaron el riesgo para la poblacion civil. el hecho se enmarca en la intensificacion de las confrontaciones armadas en el norte del departamento.",disidencias de las farc,Combate,Cauca,Caloto,78,Ninguna,False,Caloto - Cauca,"{""Agropecuario"": ""Negativo"", ""Humanitario"": ""Negativo""}","Agropecuario, Humanitario"
19678,2026-03-06,caracol,Yalí,Antioquia,Andina,False,False,Rural,Acciones de los grupos armados al margen de la ley,Enfrentamiento,Enfrentamientos,True,"otro grupo armado ilegal, disidencias de las farc",clan del gofo; embf,2,"el 6 de marzo de 2026, en zona rural del municipio de yali (antioquia), se registro una confrontacion armada entre integrantes del clan del golfo y disidencias de las farc en medio de disputas por el control territorial. el enfrentamiento dejo dos personas muertas, cuyos cuerpos fueron hallados posteriormente por las autoridades","otro grupo armado ilegal, disidencias de las farc",Enfrentamiento,Antioquia,Yalí,52,Ninguna,False,Yalí - Antioquia,"{""Agropecuario"": ""Negativo""}",Agropecuario
19679,2026-03-06,el heraldo,Arauca,Arauca,Orinoquía,False,False,Rural,Acciones de la fuerza publica y otros servidores publicos,Combate,Acciones de la fuerza publica,True,eln,,1,"el 6 de marzo de 2026, en zona rural del departamento de arauca, tropas del ejercito nacional sostuvieron combates con integrantes del eln, especificamente de la compania capitan dumar. durante los enfrentamientos, un guerrillero murio y varios mas fueron capturados, ademas de la recuperacion de menores de edad y la incautacion de material de guerra y explosivos. el hecho se enmarca en operaciones militares orientadas a debilitar la estructura armada del eln en la region.",eln,Combate,Arauca,Arauca,75,Ninguna,False,Arauca - Arauca,"{""Agropecuario"": ""Negativo""}",Agropecuario
19682,2026-03-06,el tiempo,Aracataca,Magdalena,Caribe,True,False,Rural,Acciones de los grupos armados al margen de la ley,Enfrentamiento,Enfrentamientos,True,otro grupo armado ilegal,clan del golfo; acsn,0,"el 6 de marzo de 2026, en la comunidad indigena serankwa, parte alta de la sierra nevada en zona rural del municipio de aracataca (magdalena), se registraron enfrentamientos armados entre el clan del golfo y las autodefensas conquistadoras de la sierra nevada en disputa por el control territorial. los combates dejaron al menos un integrante de la comunidad indigena muerto y seis civiles heridos, entre ellos un menor de edad, ademas de viviendas incineradas y personas desaparecidas. el hecho genero confinamiento, restricciones a la movilidad y una grave crisis humanitaria en las comunidades indigenas afectadas.",otro grupo armado ilegal,Enfrentamiento,Magdalena,Aracataca,95,Ninguna,False,Aracataca - Magdalena,"{""Agropecuario"": ""Negativo"", ""Humanitario"": ""Negativo""}","Agropecuario, Humanitario"
19671,2026-03-04,caracol,Cartagena Del Chairá,Caquetá,Amazonia,True,True,Rural,Acciones de los grupos armados al margen de la ley,Emboscada,Ataques contra la fuerza publica,True,disidencias de las farc,frente carolina ramirez,4,"el 4 de marzo de 2026, en la vereda santo domingo, zona rural del municipio de cartagena del chaira (caqueta), tropas del ejercito nacional fueron emboscadas por presuntos integrantes de la estructura carolina ramirez de las disidencias de las farc mientras instalaban puestos de votacion. el ataque derivo en combates armados que dejaron tres soldados muertos y uno herido.",disidencias de las farc,Emboscada,Caquetá,Cartagena Del Chairá,59,Ninguna,False,Cartagena Del Chairá - Caquetá,"{""Agropecuario"": ""Negativo""}",Agropecuario
19672,2026-03-04,el frente,Yondó,Antioquia,Andina,True,False,Rural,Acciones de la fuerza publica y otros servidores publicos,Combate,Acciones de la fuerza publica,True,otro grupo armado ilegal,clan del golfo,1,"el 4 de marzo de 2026, en zona rural del municipio de yondo (antioquia), tropas del ejercito nacional sostuvieron un combate armado con un integrante del clan del golfo identificado como alias “pajaro”, quien abrio fuego contra los uniformados durante operaciones de control territorial. en el intercambio de disparos, el hombre resulto herido, fue evacuado a un centro asistencial y posteriormente fallecio. el hecho se enmarca en operaciones militares orientadas a debilitar estructuras de grupos armados organizados en el magdalena medio.",otro grupo armado ilegal,Combate,Antioquia,Yondó,81,Ninguna,False,Yondó - Antioquia,"{""Agropecuario"": ""Negativo""}",Agropecuario
19673,2026-03-04,la fm,San Pablo,Nariño,Pacífico,False,False,Rural,Acciones de los grupos armados al margen de la ley,Hostigamiento,Ataques contra la fuerza publica,True,,,0,"el 4 de marzo de 2026, en la vereda lagunitas del corregimiento briceno, zona rural del municipio de san pablo (narino), tropas del ejercito nacional fueron atacadas con drones cargados con explosivos mientras realizaban labores de verificacion y control de seguridad en puestos de votacion. el ataque no dejo militares ni civiles heridos, pero genero alarma y la convocatoria de un consejo de seguridad extraordinario. el hecho se enmarca en acciones de grupos armados ilegales que buscan afectar la seguridad en el contexto electoral en la region.",no identificado,Hostigamiento,Nariño,San Pablo,87,Ninguna,False,San Pablo - Nariño,"{""Agropecuario"": ""Negativo""}",Agropecuario
19670,2026-03-03,pulzo,Tadó,Chocó,Pacífico,False,False,Rural,Acciones de los grupos armados al margen de la ley,Ataque a instalaciones de la fuerza publica,Ataques contra la fuerza publica,True,eln,,0,"el 3 de marzo de 2026, en el corregimiento de guarato, zona rural del municipio de tado (choco), presuntos integrantes del eln lanzaron artefactos explosivos mediante un dron contra una estacion de policia. los explosivos fueron detectados y neutralizados por el ejercito nacional antes de detonar, evitando victimas y danos materiales.",eln,Ataque a instalaciones de la fuerza publica,Chocó,Tadó,51,Ninguna,False,Tadó - Chocó,"{""Agropecuario"": ""Negativo""}",Agropecuario
19668,2026-02-28,el espectador,Montecristo,Bolívar,Caribe,False,False,Rural,Acciones de los grupos armados al margen de la ley,Activacion de artefacto explosivo,Ataque a infraestructura y bienes civiles,True,eln,,12,"el 28 de febrero de 2026, en la base militar de san lucas, ubicada en zona rural del municipio de montecristo, sur de bolivar, se registro un ataque con artefactos explosivos lanzados mediante drones contra tropas del ejercito nacional que adelantaban operaciones militares en la zona, dejando 12 militares heridos, algunos por esquirlas y otros de mayor gravedad, quienes fueron evacuados a centros medicos; el hecho fue atribuido a presuntos integrantes del eln.",eln,Activacion de artefacto explosivo,Bolívar,Montecristo,73,Ninguna,False,Montecristo - Bolívar,"{""Agropecuario"": ""Negativo""}",Agropecuario
19669,2026-02-28,el tiempo,Montecristo,Bolívar,Caribe,False,False,Rural,Acciones de los grupos armados al margen de la ley,Ataque contra aeronaves,Ataque a infraestructura y bienes civiles,True,eln,,14,"el 28 de febrero de 2026, en la vereda san lucas, zona rural del municipio de montecristo (bolivar), un helicoptero del ejercito nacional fue atacado mientras realizaba operaciones militares en la serrania de san lucas, presuntamente mediante el uso de drones con explosivos. el ataque dejo al menos 14 soldados heridos que fueron evacuados y atendidos por personal medico. el hecho se enmarca en acciones de grupos armados organizados que buscan afectar las operaciones de la fuerza publica en la region.",eln,Ataque contra aeronaves,Bolívar,Montecristo,81,Ninguna,False,Montecristo - Bolívar,"{""Agropecuario"": ""Negativo""}",Agropecuario
19667,2026-02-27,la fm,Río De Oro,Cesar,Caribe,False,False,Urbana,Acciones de los grupos armados al margen de la ley,Hostigamiento,Ataques contra la fuerza publica,True,eln,,2,"el 27 de febrero de 2026, en el municipio de rio de oro, cesar, se registro un hostigamiento armado contra la estacion de policia, en el que un subintendente de la institucion resulto herido por disparos y posteriormente fallecio; el ataque fue atribuido por autoridades a presuntos integrantes del eln y se presento en horas de la manana, generando un despliegue de seguridad en la zona.",eln,Hostigamiento,Cesar,Río De Oro,66,Minería,False,Río De Oro - Cesar,"{""Minero"": ""Negativo"", ""Ambiental"": ""Negativo""}","Minero, Ambiental"
19666,2026-02-26,caracol,Segovia,Antioquia,Andina,True,False,Rural,Acciones de los grupos armados al margen de la ley,Hostigamiento,Ataques contra la fuerza publica,True,disidencias de las farc,,4,"el 25 de febrero de 2026, en zona rural del municipio de segovia, antioquia, un artefacto explosivo lanzado desde un dron impacto una vivienda, causando la muerte de tres civiles y dejando una persona herida; el hecho fue atribuido por autoridades a grupos armados organizados que operan en la zona, sin descartar la participacion de disidencias de las farc.",disidencias de las farc,Hostigamiento,Antioquia,Segovia,59,Ninguna,False,Segovia - Antioquia,"{""Agropecuario"": ""Negativo""}",Agropecuario
19665,2026-02-25,el pilon,Albania,La Guajira,Caribe,False,False,Rural,Acciones de los grupos armados al margen de la ley,Combate,Acciones de la fuerza publica,True,otro grupo armado ilegal,acsn,0,"el 25 de febrero de 2026, en zona rural del municipio de albania, la guajira, tropas del ejercito nacional sostuvieron combates con presuntos integrantes del grupo armado organizado autodefensas conquistadoras de la sierra nevada, especificamente del frente javier caceres, en el marco de operaciones militares, logrando la recuperacion de una camioneta que habia sido reportada como hurtada el 23 de febrero en el kilometro 21 de la linea ferrea; durante el operativo tambien fueron incautados un proveedor metalico, 22 cartuchos, un brazalete alusivo al grupo armado y material de intendencia.",otro grupo armado ilegal,Combate,La Guajira,Albania,90,Ninguna,False,Albania - La Guajira,"{""Agropecuario"": ""Negativo""}",Agropecuario
19684,2026-02-25,ejercito nacional de colombia,Concordia,Antioquia,Andina,False,False,Rural,Acciones de la fuerza publica y otros servidores publicos,Combate,Acciones de la fuerza publica,True,otro grupo armado ilegal,clan del golfo,1,"el 25 de febrero de 2026, en la vereda santa rita, zona rural del municipio de concordia (antioquia), tropas del ejercito nacional sostuvieron combates con integrantes del clan del golfo, en medio de operaciones militares contra esta estructura armada. durante el enfrentamiento fue abatido alias “canario”, senalado cabecilla de la subestructura edwin roman velasquez valle, con trayectoria criminal de varios anos. el hecho se enmarca en ofensivas de la fuerza publica para debilitar el control territorial del grupo armado en el suroeste antioqueno.",otro grupo armado ilegal,Combate,Antioquia,Concordia,83,Ninguna,False,Concordia - Antioquia,"{""Agropecuario"": ""Negativo""}",Agropecuario
19664,2026-02-24,telemedellin,Concordia,Antioquia,Andina,False,False,Rural,Acciones de la fuerza publica y otros servidores publicos,Combate,Acciones de la fuerza publica,True,otro grupo armado ilegal,clan del golfo,1,"el 24 de febrero de 2026, en la vereda santa rita del municipio de concordia, antioquia, se registraron combates entre tropas del ejercito nacional, en coordinacion con la dijin de la policia, y presuntos integrantes del clan del golfo, en el marco de una operacion militar contra estructuras criminales, que dejo como resultado la muerte de alias “canario”, senalado cabecilla de esta organizacion en el suroeste antioqueno; durante el operativo se incautaron una subametralladora, municion calibre 9 mm, un proveedor y un telefono celular.",otro grupo armado ilegal,Combate,Antioquia,Concordia,84,Ninguna,False,Concordia - Antioquia,{},Ninguno
19662,2026-02-23,fuerza aeroespacial colombiana,Tarazá,Antioquia,Andina,True,True,Rural,Acciones de los grupos armados al margen de la ley,Hostigamiento,Ataques contra la fuerza publica,True,,,2,"el 23 de febrero de 2026, en la vereda doradas altas, zona rural del municipio de taraza (antioquia), dos soldados del ejercito nacional resultaron heridos tras un ataque con explosivos lanzados desde drones contra tropas que desarrollaban operaciones en el bajo cauca. los uniformados fueron atendidos inicialmente en terreno y posteriormente evacuados via aeromedica en un helicoptero uh-60 hacia la ciudad de medellin para recibir atencion especializada.",no identificado,Hostigamiento,Antioquia,Tarazá,67,Ninguna,False,Tarazá - Antioquia,"{""Agropecuario"": ""Negativo""}",Agropecuario
19663,2026-02-23,el pais,Jamundí,Valle Del Cauca,Pacífico,False,False,Rural,Acciones de los grupos armados al margen de la ley,Hostigamiento,Ataques contra la fuerza publica,True,disidencias de las farc,frente jaime martinez,0,"el 23 de febrero de 2026, en zona rural del municipio de jamundi (valle del cauca), se registraron dos ataques con explosivos lanzados mediante drones contra unidades del ejercito nacional y la policia. los hechos ocurrieron en distintos puntos del territorio en un corto intervalo de tiempo y generaron alerta entre las autoridades, que activaron operativos de control y verificacion para descartar la presencia de mas artefactos explosivos. de manera preliminar, los ataques fueron atribuidos a la columna ricardo velazquez del frente jaime martinez de las disidencias de las farc.",disidencias de las farc,Hostigamiento,Valle Del Cauca,Jamundí,90,Ninguna,False,Jamundí - Valle Del Cauca,"{""Agropecuario"": ""Negativo""}",Agropecuario
19660,2026-02-22,el informador,Pivijay,Magdalena,Caribe,False,False,Rural,Acciones de la fuerza publica y otros servidores publicos,Combate,Acciones de la fuerza publica,True,otro grupo armado ilegal,clan del golfo,0,"el 22 de febrero de 2026, en zona rural entre los municipios de pivijay y el reten (magdalena), tropas del ejercito nacional sostuvieron combates contra integrantes del clan del golfo en el marco de operaciones militares. durante los enfrentamientos fueron abatidos tres presuntos miembros del grupo armado ilegal, identificados como alias “alex el bobo”, alias “andy” y una tercera persona sin identificar. las autoridades senalaron que los fallecidos pertenecian a la subestructura david meza pena del bloque nelson dario hurtado simanca. en la operacion tambien se reportaron capturas",otro grupo armado ilegal,Combate,Magdalena,Pivijay,88,Ninguna,False,Pivijay - Magdalena,"{""Agropecuario"": ""Negativo""}",Agropecuario
19661,2026-02-22,fuerza aeroespacial colombiana,Tibú,Norte De Santander,Andina,True,True,Rural,Acciones de los grupos armados al margen de la ley,Hostigamiento,Ataques contra la fuerza publica,True,eln,,1,"el 22 de febrero de 2026, en la vereda cano indio, zona rural del municipio de tibu (norte de santander), un militar del ejercito nacional resulto herido tras un ataque con explosivos lanzados desde drones contra tropas que adelantaban operaciones en la region del catatumbo. el uniformado fue evacuado de manera urgente en helicoptero hacia un centro asistencial para recibir atencion medica especializada.",eln,Hostigamiento,Norte De Santander,Tibú,63,Ninguna,False,Tibú - Norte De Santander,"{""Agropecuario"": ""Negativo""}",Agropecuario
19659,2026-02-21,semana,San José Del Guaviare,Guaviare,Amazonia,True,True,Rural,Acciones de la fuerza publica y otros servidores publicos,Combate,Acciones de la fuerza publica,True,disidencias de las farc,ala calarca,10,"el 21 de febrero de 2026, en la vereda cano mosco, zona rural del municipio de san jose del guaviare (guaviare), tropas del ejercito nacional sostuvieron combates contra integrantes de las disidencias de las farc, especificamente de la estructura isaias carvajal al mando de alias “calarca”. durante los enfrentamientos murio el soldado profesional yeudy osorio cordoba y otros nueve uniformados resultaron heridos, quienes fueron evacuados via aerea a centros asistenciales.",disidencias de las farc,Combate,Guaviare,San José Del Guaviare,70,Ninguna,False,San José Del Guaviare - Guaviare,"{""Agropecuario"": ""Negativo""}",Agropecuario
19657,2026-02-19,la fm,Pueblo Rico,Risaralda,Andina,False,False,Rural,Acciones de los grupos armados al margen de la ley,Hostigamiento,Ataques contra la fuerza publica,True,eln,,0,"el 19 de febrero de 2026, en el sector de cicuepa, zona rural del municipio de pueblo rico (risaralda), tropas del ejercito nacional fueron atacadas mediante la activacion de un artefacto explosivo improvisado al paso de un convoy militar que realizaba labores de control en el corredor vial hacia el departamento del choco. la detonacion causo danos materiales a un camion de transporte de personal y una motocicleta, sin que se registraran uniformados ni civiles heridos. en el lugar fue hallada una pancarta alusiva al eln, grupo al que se atribuye el ataque.",eln,Hostigamiento,Risaralda,Pueblo Rico,93,Ninguna,False,Pueblo Rico - Risaralda,"{""Agropecuario"": ""Negativo""}",Agropecuario
19658,2026-02-19,caracol,Remedios,Antioquia,Andina,True,False,Rural,Acciones de los grupos armados al margen de la ley,Enfrentamiento,Enfrentamientos,True,"eln, otro grupo armado ilegal",clan del golfo,0,"desde el 17 de febrero de 2026, en las veredas dos quebradas y cano tigre, zona rural del municipio de remedios (antioquia), se registran enfrentamierntos entre integrantes del clan del golfo y el eln en el marco de una disputa por el control territorial. los enfrentamientos, en los que se ha reportado el uso de drones y presencia de hombres armados, han generado confinamiento de las comunidades, quienes permanecen sin posibilidad de movilidad ni acceso a alimentos, ademas de amenazas, saqueos y restricciones a las comunicaciones en la zona.","eln, otro grupo armado ilegal",Enfrentamiento,Antioquia,Remedios,89,Ninguna,False,Remedios - Antioquia,"{""Agropecuario"": ""Negativo"", ""Humanitario"": ""Negativo""}","Agropecuario, Humanitario"
19653,2026-02-18,seguimiento,Aracataca,Magdalena,Caribe,True,False,Rural,Acciones de los grupos armados al margen de la ley,Enfrentamiento,Enfrentamientos,True,otro grupo armado ilegal,acsn; clan del golfo,0,"el 18 de febrero de 2026, en la vereda el salto, zona rural del municipio de aracataca (magdalena), se registraron combates entre integrantes de las autodefensas conquistadoras de la sierra nevada (acsn) y el clan del golfo (agc), en el marco de una disputa por el control territorial en la sierra nevada de santa marta. los enfrentamientos generaron panico en la poblacion civil, cuyos habitantes se resguardaron en sus viviendas ante la intensidad de los disparos.",otro grupo armado ilegal,Enfrentamiento,Magdalena,Aracataca,76,Ninguna,False,Aracataca - Magdalena,"{""Agropecuario"": ""Negativo""}",Agropecuario
19656,2026-02-18,caracol,San José De Cúcuta,Norte De Santander,Andina,False,False,Rural,Acciones de los grupos armados al margen de la ley,Emboscada,Ataques contra la fuerza publica,True,eln,,3,"el 18 de febrero de 2026, en el sector del anillo vial oriental del municipio de cucuta (norte de santander), una patrulla de la policia nacional fue atacada por hombres armados que dispararon rafagas de fusil contra el vehiculo oficial mientras realizaba labores de vigilancia. como resultado del ataque, un subintendente murio y otras dos personas resultaron heridas, entre ellas otro uniformado y una civil. las autoridades atribuyen el hecho al eln.",eln,Emboscada,Norte De Santander,San José De Cúcuta,72,Ninguna,False,San José De Cúcuta - Norte De Santander,{},Ninguno
19651,2026-02-17,semana,Saravena,Arauca,Orinoquía,True,False,Rural,Acciones de los grupos armados al margen de la ley,Hostigamiento,Ataques contra la fuerza publica,True,eln,,1,"el 12 de febrero de 2026, en el canton militar san jorge, ubicado en zona rural del municipio de saravena (arauca), integrantes del eln atacaron una base de la fuerza aeroespacial colombiana mediante el uso de drones tipo fpv cargados con explosivos. durante el ataque, al menos una oficial resulto herida y se activo un despliegue militar en la zona.",eln,Hostigamiento,Arauca,Saravena,60,Ninguna,False,Saravena - Arauca,"{""Agropecuario"": ""Negativo""}",Agropecuario
19652,2026-02-17,bluradio,San Andrés De Cuerquía,Antioquia,Andina,False,False,Rural,Acciones de la fuerza publica y otros servidores publicos,Combate,Acciones de la fuerza publica,True,disidencias de las farc,frente 36,0,"el 17 de febrero de 2026, en zona rural del municipio de san andres de cuerquia (antioquia), tropas del ejercito nacional, en coordinacion con el cti de la fiscalia, sostuvieron combates contra integrantes de la estructura 36 de las disidencias de las farc. como resultado de la operacion, dos presuntos integrantes del grupo armado ilegal fueron capturados y se incauto un importante arsenal, incluyendo fusiles, pistolas, municion, explosivos y material de intendencia. durante los enfrentamientos, alias “lobo”, senalado cabecilla de la estructura y cercano a alias “primo gay”, logro huir del lugar junto a otros integrantes.",disidencias de las farc,Combate,Antioquia,San Andrés De Cuerquía,96,Ninguna,False,San Andrés De Cuerquía - Antioquia,"{""Agropecuario"": ""Negativo""}",Agropecuario
19654,2026-02-17,el tiempo,Dagua,Valle Del Cauca,Pacífico,False,True,Rural,Acciones de los grupos armados al margen de la ley,Ataque a instalaciones de la fuerza publica,Ataques contra la fuerza publica,True,disidencias de las farc,frente jaime martinez,0,"el 17 de febrero de 2026, en el corregimiento el queremal, zona rural del municipio de dagua (valle del cauca), la subestacion de policia fue atacada en dos ocasiones en un lapso aproximado de dos horas mediante drones cargados con explosivos. los artefactos impactaron una vivienda cercana y el techo de la subestacion policial, generando danos materiales y momentos de panico entre la poblacion civil. segun autoridades, no se registraron personas lesionadas.",disidencias de las farc,Ataque a instalaciones de la fuerza publica,Valle Del Cauca,Dagua,72,Ninguna,False,Dagua - Valle Del Cauca,"{""Agropecuario"": ""Negativo""}",Agropecuario
19655,2026-02-17,el informador,Norosí,Bolívar,Caribe,False,False,Rural,Acciones de la fuerza publica y otros servidores publicos,Combate,Acciones de la fuerza publica,True,eln,frente luis jose solano sepulveda,1,"el 17 de febrero de 2026, en el sector santa helena, zona rural del municipio de norosi (bolivar), tropas del ejercito nacional sostuvieron combates contra integrantes del frente luis jose solano sepulveda del eln, en el marco de operaciones de control territorial. durante el enfrentamiento fue abatido un presunto integrante del grupo armado ilegal. en la accion tambien fue recuperado un menor de edad y se incautaron fusiles, una pistola, municion, equipos de comunicacion y material de intendencia.",eln,Combate,Bolívar,Norosí,78,Ninguna,False,Norosí - Bolívar,"{""Agropecuario"": ""Negativo""}",Agropecuario
19649,2026-02-16,la fm,Río Viejo,Bolívar,Caribe,False,False,Rural,Acciones de la fuerza publica y otros servidores publicos,Combate,Acciones de la fuerza publica,True,otro grupo armado ilegal,clan del golfo,0,"el 16 de febrero de 2026, en el sector la garita, zona rural del municipio de rio viejo (bolivar), tropas del ejercito nacional sostuvieron combates contra integrantes del clan del golfo, subestructura erlin pino duarte, en el marco de una operacion militar orientada a neutralizar acciones violentas en la region. como resultado, tres presuntos integrantes del grupo armado ilegal fueron capturados y se incauto material de guerra que, segun las autoridades, iba a ser utilizado en ataques contra comunidades rurales.",otro grupo armado ilegal,Combate,Bolívar,Río Viejo,80,Ninguna,False,Río Viejo - Bolívar,"{""Agropecuario"": ""Negativo"", ""Ambiental"": ""Negativo""}","Agropecuario, Ambiental"
19650,2026-02-16,telemedellin,Angelópolis,Antioquia,Andina,False,False,Rural,Acciones de la fuerza publica y otros servidores publicos,Combate,Acciones de la fuerza publica,True,otro grupo armado ilegal,clan del golfo,0,"el 16 de febrero de 2026, en la vereda nudillo, zona rural del municipio de angelopolis (antioquia), tropas de la cuarta brigada del ejercito nacional sostuvieron combates contra integrantes del clan del golfo. durante los enfrentamientos, la poblacion civil se resguardo en sus viviendas ante la intensidad de los disparos. en la zona se reporto la incautacion de material de guerra.",otro grupo armado ilegal,Combate,Antioquia,Angelópolis,61,Ninguna,False,Angelópolis - Antioquia,"{""Agropecuario"": ""Negativo""}",Agropecuario
19647,2026-02-14,caracol,Norosí,Bolívar,Caribe,False,False,Rural,Acciones de la fuerza publica y otros servidores publicos,Combate,Acciones de la fuerza publica,True,eln,frente luis jose solando sepulveda,1,"el 14 de febrero de 2026, en el sector santa helena, zona rural del municipio de norosi (bolivar), tropas del ejercito nacional sostuvieron un combate de encuentro contra integrantes del frente luis jose solano sepulveda del eln, en el marco de una operacion ofensiva. como resultado, un presunto integrante del grupo armado ilegal murio en desarrollo de las operaciones y fue recuperado un menor de edad, quien fue puesto a disposicion de las autoridades. durante la accion tambien se incautaron armas, municiones y equipos de comunicacion.",eln,Combate,Bolívar,Norosí,86,Ninguna,False,Norosí - Bolívar,"{""Agropecuario"": ""Negativo""}",Agropecuario
19648,2026-02-13,caracol,Ocaña,Norte De Santander,Andina,False,False,Rural,Acciones de los grupos armados al margen de la ley,Enfrentamiento,Enfrentamientos,True,otro grupo armado ilegal,acsn; clan del golfo,0,"el 13 de febrero de 2026, en el corregimiento agua de la virgen, vereda nuevo amanecer, zona rural del municipio de ocana (norte de santander), se registraron combates entre las autodefensas conquistadoras de la sierra nevada (acsn) y las autodefensas gaitanistas de colombia (agc), en disputa por el control territorial en limites con el departamento del cesar. los enfrentamientos dejaron al menos tres civiles heridos, desplazamiento forzado de al menos 60 nucleos familiares y reportes de personas desaparecidas, ademas de restricciones a la movilidad y presencia de retenes ilegales en la zona.",otro grupo armado ilegal,Enfrentamiento,Norte De Santander,Ocaña,92,Ninguna,False,Ocaña - Norte De Santander,"{""Agropecuario"": ""Negativo"", ""Humanitario"": ""Negativo""}","Agropecuario, Humanitario"
19646,2026-02-12,el pais,Corinto,Cauca,Pacífico,True,False,Rural,Acciones de la fuerza publica y otros servidores publicos,Combate,Acciones de la fuerza publica,True,disidencias de las farc,frente dagoberto ramos,1,"el 12 de febrero de 2026, en la vereda san luis arriba, zona rural del municipio de corinto (cauca), tropas del ejercito nacional sostuvieron combates contra integrantes de la estructura dagoberto ramos de las disidencias de las farc, en el marco de una operacion militar en la que fue neutralizado alias “whisky”, cabecilla del grupo armado ilegal. durante los enfrentamientos, estudiantes y docentes de la institucion educativa nucleo tecnico agropecuario quedaron confinados en las instalaciones del plantel debido a la intensidad de los disparos.",disidencias de las farc,Combate,Cauca,Corinto,84,Ninguna,False,Corinto - Cauca,"{""Agropecuario"": ""Negativo""}",Agropecuario
19644,2026-02-11,la silla vacia,Cajibío,Cauca,Pacífico,True,False,Urbana,Acciones de los grupos armados al margen de la ley,Ataque a instalaciones de la fuerza publica,Ataques contra la fuerza publica,True,disidencias de las farc,frente jaime martinez,1,"el 11 de febrero de 2026, en el municipio de cajibio (cauca), la estacion de policia fue atacada mediante el uso de drones acondicionados con explosivos, que lanzaron artefactos contra las instalaciones, seguidos de rafagas de fusil. como resultado, un uniformado de la policia nacional resulto herido y se reportaron danos materiales en la infraestructura.",disidencias de las farc,Ataque a instalaciones de la fuerza publica,Cauca,Cajibío,55,Ninguna,True,Cajibío - Cauca,{},Ninguno
19643,2026-02-09,caracol,El Carmen,Norte De Santander,Andina,True,False,Rural,Acciones de los grupos armados al margen de la ley,Hostigamiento,Ataques contra la fuerza publica,True,eln,,1,"el 9 de febrero de 2026, en el corregimiento guamalito, zona rural del municipio de el carmen (norte de santander), se registro un hostigamiento armado contra la subestacion de policia, en el que hombres armados dispararon contra las instalaciones. durante el ataque, el subintendente andres felipe de la hoz resulto herido por impacto de arma de fuego mientras realizaba labores de vigilancia y posteriormente fallecio en el lugar debido a la gravedad de la herida. segun autoridades, el hecho fue atribuido al eln.",eln,Hostigamiento,Norte De Santander,El Carmen,83,Ninguna,False,El Carmen - Norte De Santander,"{""Agropecuario"": ""Negativo""}",Agropecuario
19642,2026-02-08,el tiempo,Anorí,Antioquia,Andina,True,True,Urbana,Acciones de los grupos armados al margen de la ley,Hostigamiento,Ataques contra la fuerza publica,True,,,2,"el 8 de febrero de 2026, en el parque principal del municipio de anori (antioquia), dos subintendentes de la policia nacional fueron asesinados mediante un ataque armado mientras realizaban labores de vigilancia y control a establecimientos comerciales en el casco urbano. el hecho ocurrio en horas de la madrugada cuando los uniformados fueron atacados por hombres armados.",no identificado,Hostigamiento,Antioquia,Anorí,57,Ninguna,False,Anorí - Antioquia,{},Ninguno
19640,2026-02-06,el heraldo,Uribia,La Guajira,Caribe,False,False,Rural,Acciones de la fuerza publica y otros servidores publicos,Combate,Acciones de la fuerza publica,True,disidencias de las farc,segunda marquetalia,0,"el 6 de febrero de 2026, en la vereda chipa, zona rural del municipio de uribia (la guajira), tropas del ejercito nacional sostuvieron combates contra integrantes del gao-r segunda marquetalia, especificamente de la columna jesus santrich. tras el enfrentamiento, las unidades militares desmantelaron un campamento estrategico con capacidad para albergar aproximadamente 20 integrantes del grupo armado ilegal. durante la operacion se incautaron armas largas, municion, equipos de comunicacion, material de intendencia, un computador y documentacion de valor estrategico.",disidencias de las farc,Combate,La Guajira,Uribia,78,Ninguna,False,Uribia - La Guajira,"{""Agropecuario"": ""Negativo""}",Agropecuario
19641,2026-02-06,el pais,Ocaña,Norte De Santander,Andina,False,False,Urbana,Acciones de los grupos armados al margen de la ley,Hostigamiento,Ataques contra la fuerza publica,True,epl,frente carlos armando cacua guerrero,2,"el 6 de febrero de 2026, en el municipio de ocana (norte de santander), las instalaciones del batallon de infanteria liviana n.° 15 fueron atacadas con artefactos explosivos lanzados desde un vehiculo contra la unidad militar. como resultado, dos soldados resultaron heridos por esquirlas y fueron trasladados a un centro asistencial. segun el reporte oficial, la accion fue atribuida al frente carlos armando cacua guerrero del eln.",epl,Hostigamiento,Norte De Santander,Ocaña,67,Ninguna,False,Ocaña - Norte De Santander,{},Ninguno
19635,2026-02-05,la fm,Fortul,Arauca,Orinoquía,True,False,Rural,Acciones de los grupos armados al margen de la ley,Ataque a personal militar/ ataque francotirador,Ataques contra la fuerza publica,True,eln,,1,"el 5 de febrero de 2026, en el municipio de fortul (arauca), integrantes del eln realizaron un ataque de francotirador contra un uniformado de la policia nacional, quien resulto gravemente herido.",eln,Ataque a personal militar/ ataque francotirador,Arauca,Fortul,31,Ninguna,False,Fortul - Arauca,{},Ninguno
19636,2026-02-05,la fm,Fortul,Arauca,Orinoquía,True,False,,Acciones de los grupos armados al margen de la ley,Hostigamiento,Ataques contra la fuerza publica,True,eln,,1,"el 5 de febrero de 2026, en el municipio de fortul (arauca), integrantes del eln hostigaron la estacion de policia mediante disparos, dejando un uniformado herido, paralelamente, se presento un atque con francotirador que dejo a otro miembro de la policia enfermo.",eln,Hostigamiento,Arauca,Fortul,42,Ninguna,False,Fortul - Arauca,{},Ninguno
19638,2026-02-05,diario del sur,Fortul,Arauca,Orinoquía,True,False,Rural,Acciones de los grupos armados al margen de la ley,Ataque indiscriminado,Ataque a infraestructura y bienes civiles,True,eln,,2,"el 5 de febrero de 2026, en la via que conecta los municipios de fortul y tame (arauca), se registro un ataque armado contra la caravana del esquema de seguridad del senador jairo castellanos. hombres armados interceptaron los vehiculos y dispararon contra ellos, causando la muerte de dos escoltas. ademas, tres integrantes del equipo de campana fueron retenidos inicialmente y posteriormente liberados por sus captores.",eln,Ataque indiscriminado,Arauca,Fortul,65,Ninguna,False,Fortul - Arauca,{},Ninguno
19639,2026-02-05,el tiempo,Tibú,Norte De Santander,Andina,True,True,Rural,Acciones de los grupos armados al margen de la ley,Combate,Acciones de la fuerza publica,True,eln,,7,"el 5 de febrero de 2026, en zona rural entre los municipios de tibu y el tarra (norte de santander), tropas del ejercito nacional y la policia nacional, con apoyo de la fuerza aeroespacial colombiana, desarrollaron una operacion militar contra el frente de guerra nororiental del eln. como resultado, siete integrantes del grupo armado ilegal murieron en desarrollo de las operaciones y uno mas fue capturado. durante la accion tambien se incauto abundante material de guerra, incluyendo fusiles, armas cortas, municion, explosivos y granadas adaptadas para drones.",eln,Combate,Norte De Santander,Tibú,87,Ninguna,False,Tibú - Norte De Santander,"{""Agropecuario"": ""Positivo""}",Agropecuario
19634,2026-02-04,el tiempo,Tibú,Norte De Santander,Andina,True,True,Rural,Acciones de la fuerza publica y otros servidores publicos,Bombardeo,Acciones de la fuerza publica,True,,,7,"el 4 de febrero de 2026, en zona rural entre los municipios de tibu y el tarra, en la region del catatumbo (norte de santander), las fuerzas militares realizaron una operacion de bombardeo de alta precision contra estructuras del eln y el frente 33 de las disidencias de las farc. la accion se ejecuto en horas de la madrugada como parte de operaciones ofensivas contra estos grupos armados.",no identificado,Bombardeo,Norte De Santander,Tibú,68,Ninguna,False,Tibú - Norte De Santander,"{""Agropecuario"": ""Negativo""}",Agropecuario
19637,2026-02-04,el universal,Ciénaga,Magdalena,Caribe,True,False,Rural,Acciones de los grupos armados al margen de la ley,Combate,Acciones de la fuerza publica,True,otro grupo armado ilegal,autodefensas conquistadoras de la sierra nevada,2,"el 4 de febrero de 2026, en el sector la mojana, zona rural del municipio de cienaga (magdalena), tropas del ejercito nacional sostuvieron combates contra integrantes de las autodefensas conquistadoras de la sierra nevada (acsn), conocidas como ‘los pachencas’, en el marco de operaciones militares en la region. durante el enfrentamiento, un soldado profesional murio y otro resulto herido, siendo evacuado a un centro asistencial.",otro grupo armado ilegal,Combate,Magdalena,Ciénaga,65,Ninguna,False,Ciénaga - Magdalena,"{""Agropecuario"": ""Negativo""}",Agropecuario
19630,2026-02-03,caracol,Villa Del Rosario,Norte De Santander,Andina,False,False,Urbana,Acciones de los grupos armados al margen de la ley,Hostigamiento,Ataques contra la fuerza publica,True,eln,,0,"el 3 de febrero de 2026, en el municipio de villa del rosario (norte de santander), se registro un ataque armado contra la fuerza publica en dos puntos del municipio, incluyendo el sector del barrio la parada y el cai morichal, cerca de la frontera con venezuela. hombres armados realizaron disparos con rafagas de fusil y detonaciones contra unidades policiales, dejando un uniformado herido que fue trasladado a un centro asistencial. segun informacion preliminar, el hecho seria atribuido a integrantes del eln.",eln,Hostigamiento,Norte De Santander,Villa Del Rosario,82,Ninguna,False,Villa Del Rosario - Norte De Santander,{},Ninguno
19631,2026-02-03,el tiempo,Caloto,Cauca,Pacífico,True,False,Rural,Acciones de los grupos armados al margen de la ley,Hostigamiento,Ataques contra la fuerza publica,True,disidencias de las farc,estructura dagorberto ramos,2,"el 3 de febrero de 2026, en el sector crucero de guali, zona rural del municipio de caloto (cauca), se registro un ataque con explosivos contra una base militar, mediante el uso de una volqueta acondicionada para lanzar cilindros explosivos contra tropas de la brigada 29 del ejercito nacional. el hecho dejo un soldado profesional y una mujer civil heridos, ademas de danos en viviendas cercanas, y se cree que el ataque fue desarrollado por la estructura dagoberto ramos.",disidencias de las farc,Hostigamiento,Cauca,Caloto,79,Ninguna,False,Caloto - Cauca,"{""Agropecuario"": ""Negativo""}",Agropecuario
19632,2026-02-03,el tiempo,Santander De Quilichao,Cauca,Pacífico,True,False,Rural,Acciones de los grupos armados al margen de la ley,Hostigamiento,Ataques contra la fuerza publica,True,disidencias de las farc,frente dagoberto ramos,0,"el 3 de febrero de 2026, en zona rural del municipio de santander de quilichao (cauca), tropas del ejercito nacional fueron hostigadas por presuntos integrantes del frente dagoberto ramos de las disidencias de las farc, mientras se desplazaban hacia puntos afectados por hechos de violencia en la region. segun reportes oficiales, no se registraron personas lesionadas.",disidencias de las farc,Hostigamiento,Cauca,Santander De Quilichao,56,Ninguna,False,Santander De Quilichao - Cauca,"{""Agropecuario"": ""Negativo""}",Agropecuario
19628,2026-02-02,la fm,Sardinata,Norte De Santander,Andina,True,True,Rural,Acciones de los grupos armados al margen de la ley,Hostigamiento,Ataques contra la fuerza publica,True,eln,frente de guerra nororiental,1,"el 2 de febrero de 2026, en la vereda planadas, zona rural del municipio de sardinata (norte de santander), un soldado del ejercito nacional resulto herido tras un ataque con explosivos lanzados desde drones mientras se desarrollaban operaciones militares en el area. el uniformado sufrio una lesion en la region posterior del oido y fue evacuado a la ciudad de cucuta para recibir atencion medica. segun autoridades locales, el ataque seria atribuido presuntamente al eln, especificamente al frente de guerra nororiental.",eln,Hostigamiento,Norte De Santander,Sardinata,81,Ninguna,False,Sardinata - Norte De Santander,"{""Agropecuario"": ""Negativo""}",Agropecuario
19629,2026-02-02,diario del huila,La Montañita,Caquetá,Amazonia,True,True,,Acciones de la fuerza publica y otros servidores publicos,Combate,Acciones de la fuerza publica,True,disidencias de las farc,ala calarca,3,"el 2 de febrero de 2026, en la vereda el temblon, zona rural del municipio de la montanita (caqueta), tropas del ejercito nacional sostuvieron combates contra integrantes de las disidencias de las farc ala calarca (frente rodrigo cadete) durante una operacion militar ofensiva. como resultado del enfrentamiento, tres presuntos integrantes del grupo armado ilegal fueron abatidos y dos personas capturadas.",disidencias de las farc,Combate,Caquetá,La Montañita,60,Ninguna,False,La Montañita - Caquetá,"{""Agropecuario"": ""Negativo""}",Agropecuario
19633,2026-02-02,el heraldo,Barranquilla,Atlántico,Caribe,False,False,Urbana,Acciones de los grupos armados al margen de la ley,Acto de terrorismo,Ataque a infraestructura y bienes civiles,True,,,2,"el 2 de febrero de 2026, en la carcel distrital el bosque, en barranquilla (atlantico), sujetos armados que se movilizaban en motocicleta lanzaron una granada desde el exterior del penal, la cual detono y dejo dos guardianes del inpec heridos. el hecho ocurrio en medio de una escalada de violencia que incluyo disparos previos contra el acceso al centro carcelario y enfrentamientos entre internos de las estructuras criminales ‘los costenos’ y ‘los pepes’.",no identificado,Acto de terrorismo,Atlántico,Barranquilla,73,Ninguna,False,Barranquilla - Atlántico,"{""Ambiental"": ""Negativo""}",Ambiental
19627,2026-01-30,el espectador,El Tarra,Norte De Santander,Andina,True,False,Rural,Acciones de los grupos armados al margen de la ley,Enfrentamiento,Enfrentamientos,True,"eln, disidencias de las farc",frente 33,2,"el 30 de enero de 2026, en zona rural del municipio de el tarra, norte de santander, dos civiles que se movilizaban en moto murieron al quedar en medio de combates entre disidencias de las farc y el eln en el catatumbo, en una via terciaria usada por la comunidad. este hecho se enmarca en la confrontacion armada prolongada entre ambos grupos, que ha dejado decenas de muertos y ha agravado la crisis humanitaria y el riesgo para la poblacion civil en municipios como el tarra y tibu.","eln, disidencias de las farc",Enfrentamiento,Norte De Santander,El Tarra,88,Ninguna,False,El Tarra - Norte De Santander,"{""Agropecuario"": ""Negativo""}",Agropecuario
19624,2026-01-27,semana,Sabanas De San Ángel,Magdalena,Caribe,False,False,Rural,Acciones de los grupos armados al margen de la ley,Combate,Acciones de la fuerza publica,True,otro grupo armado ilegal,clan del golfo,5,"el 27 de enero de 2026, en la vereda palma de vino, zona rural del municipio de sabanas de san angel, magdalena, la policia nacional ejecuto un operativo contra la estructura nelson dario hurtado simanca del clan del golfo que termino en un enfrentamiento armado dentro de un inmueble donde se refugiaban varios integrantes del grupo. en el procedimiento fueron dados de baja wilson dario ruiz velez, alias “moises” o “07”, cabecilla principal de la estructura en magdalena, y otros miembros de su anillo de seguridad, mientras que al menos dos personas fueron capturadas y se incauto material de guerra.",otro grupo armado ilegal,Combate,Magdalena,Sabanas De San Ángel,100,Ninguna,False,Sabanas De San Ángel - Magdalena,"{""Agropecuario"": ""Negativo""}",Agropecuario
19626,2026-01-27,la fm,San Vicente Del Caguán,Caquetá,Amazonia,True,True,Rural,Acciones de los grupos armados al margen de la ley,Enfrentamiento,Enfrentamientos,True,disidencias de las farc,frente teofilo forero; estructura jorge briceno,7,"el 27 de enero de 2026, en zona rural del municipio de san vicente del caguan, caqueta, en limites con el huila, se registraron combates entre estructuras armadas ilegales identificadas como disidencias del frente teofilo forero, vinculadas a la segunda marquetalia, y el grupo conocido como estructura “jorge briceno”, bajo el mando de alias “calarca”. los enfrentamientos habrian dejado al menos siete personas muertas.",disidencias de las farc,Enfrentamiento,Caquetá,San Vicente Del Caguán,64,Ninguna,False,San Vicente Del Caguán - Caquetá,"{""Agropecuario"": ""Negativo""}",Agropecuario
19620,2026-01-26,el frente,Tibú,Norte De Santander,Andina,True,True,Rural,Acciones de la fuerza publica y otros servidores publicos,Combate,Acciones de la fuerza publica,True,disidencias de las farc,frente 33,0,"el 26 de enero en zona rural de tibu, norte de santander, tropas del ejercito nacional sostuvieron combates contra presuntos integrantes del frente 33 disidentes de las farc en el marco de operaciones de control territorial y posteriormente capturaron a varios de estos senalados integrantes del grupo armado ilegal. ",disidencias de las farc,Combate,Norte De Santander,Tibú,49,Ninguna,False,Tibú - Norte De Santander,"{""Agropecuario"": ""Negativo""}",Agropecuario
19622,2026-01-26,el tiempo,Aracataca,Magdalena,Caribe,True,False,Rural,Acciones de los grupos armados al margen de la ley,Hostigamiento,Ataques contra la fuerza publica,True,,,7,"el 26 de enero de 2026, en el corregimiento de buenos aires, zona rural del municipio de aracataca, magdalena, se completo una seguidilla de hechos violentos asociados a la disputa entre grupos armados ilegales que dejaron cuatro personas asesinadas en distintas acciones de sicariato, varios heridos y un policia del comando jungla gravemente lesionado tras un enfrentamiento a disparos. ",no identificado,Hostigamiento,Magdalena,Aracataca,59,Ninguna,False,Aracataca - Magdalena,"{""Agropecuario"": ""Negativo""}",Agropecuario
19623,2026-01-26,ejercito nacional,Tame,Arauca,Orinoquía,True,False,Rural,Acciones de la fuerza publica y otros servidores publicos,Combate,Acciones de la fuerza publica,True,eln,,1,"el 26 de enero de 2026, en la vereda agua blanca, zona rural del municipio de tame, arauca, tropas de la decima octava brigada del ejercito nacional sostuvieron un combate contra integrantes del gao eln pertenecientes al frente de guerra oriental, estructura batallon heroes y martires, que dejo un presunto miembro de este grupo muerto en desarrollo de operaciones militares. ",eln,Combate,Arauca,Tame,60,Ninguna,False,Tame - Arauca,"{""Agropecuario"": ""Negativo""}",Agropecuario
19618,2026-01-25,caracol,Teorama,Norte De Santander,Andina,True,False,Rural,Acciones de la fuerza publica y otros servidores publicos,Combate,Acciones de la fuerza publica,True,eln,,0,"el 25 de enero de 2026, en zona rural del municipio de teorama, norte de santander, se registraron combates entre unidades del ejercito nacional y guerrilleros del eln en el area del catatumbo, en el marco de operaciones militares de control territorial. ",eln,Combate,Norte De Santander,Teorama,42,Ninguna,False,Teorama - Norte De Santander,"{""Agropecuario"": ""Negativo""}",Agropecuario
19616,2026-01-24,el espectador,Vistahermosa,Meta,Orinoquía,True,True,Rural,Acciones de los grupos armados al margen de la ley,Combate,Acciones de la fuerza publica,True,disidencias de las farc,emfb,2," el 24 de enero de 2026, la fuerza de despliegue rapido n.° 11 de la fuerza de tarea omega del ejercito nacional neutralizo a dos disidentes de las farc embf (incluyendo alias 'la gorda', seguridad de 'pate palo') en combates iniciados la noche del viernes en zona rural sur de vista hermosa, meta, cerca limites con la macarena.",disidencias de las farc,Combate,Meta,Vistahermosa,58,Ninguna,False,Vistahermosa - Meta,"{""Agropecuario"": ""Negativo""}",Agropecuario
19617,2026-01-24,caracol,Anorí,Antioquia,Andina,True,True,Urbana,Acciones de los grupos armados al margen de la ley,Hostigamiento,Ataques contra la fuerza publica,True,disidencias de las farc,emfb - frente 36,0," la manana del 24 de enero de 2026, dos hombres armados de las disidencias del frente 36 de las farc, bajo mando de alias calarca, hostigaron con disparos una base militar del ejercito nacional en el casco urbano de anori, antioquia. los uniformados repelieron el ataque tras varios minutos de intercambio, sin heridos ni escalada.",disidencias de las farc,Hostigamiento,Antioquia,Anorí,55,Ninguna,False,Anorí - Antioquia,{},Ninguno
19619,2026-01-24,minuto 30,Briceño,Antioquia,Andina,True,True,Rural,Acciones de los grupos armados al margen de la ley,Enfrentamiento,Enfrentamientos,True,"otro grupo armado ilegal, disidencias de las farc",clan del golfo; frente 36,0,"el 24 de enero de 2026, en la zona rural del municipio de briceno, antioquia, se registraron enfrentamientos armados entre el clan del golfo y las disidencias del frente 36 que generaron tension y alarma en al menos diez veredas, donde las familias permanecieron refugiadas en sus viviendas. los combates, que se extendieron por varias horas, ocasionaron confinamiento de la poblacion y restricciones de movilidad, afectando el acceso a bienes basicos y actividades cotidianas en sectores como el roblal, guriman, el hoyo y palmichal.","otro grupo armado ilegal, disidencias de las farc",Enfrentamiento,Antioquia,Briceño,84,Ninguna,False,Briceño - Antioquia,"{""Agropecuario"": ""Negativo"", ""Humanitario"": ""Negativo""}","Agropecuario, Humanitario"
19621,2026-01-24,el tiempo,Pailitas,Cesar,Caribe,False,False,Rural,Acciones de los grupos armados al margen de la ley,Activacion de artefacto explosivo,Ataque a infraestructura y bienes civiles,True,eln,frente camilo torres restrepo,2,"el 24 de enero de 2026, en la vereda la paz, zona rural del municipio de pailitas, cesar, un cilindro cargado con explosivos fue detonado al paso de un vehiculo particular en la via que comunica el corregimiento de las vegas con el casco urbano, causando la muerte de un comerciante y su hijo que se desplazaban hacia su finca. el ataque, atribuido al eln – frente camilo torres restrepo, iba dirigido contra soldados del ejercito nacional que desarrollaban operaciones de control territorial en la zona, pero termino impactando a los dos civiles y destruyendo por completo el automotor.",eln,Activacion de artefacto explosivo,Cesar,Pailitas,99,Ninguna,True,Pailitas - Cesar,"{""Agropecuario"": ""Negativo""}",Agropecuario
19615,2026-01-23,blu radio,"Bogotá, D.C.",Cundinamarca,Andina,False,False,Rural,Acciones de los grupos armados al margen de la ley,Activacion de artefacto explosivo,Ataque a infraestructura y bienes civiles,True,grupo armado ilegal no identificado,,15,"el 23 de enero, dos hombres en motocicleta lanzaron una granada de fragmentacion contra personas frente al establecimiento ""troya"" en carrera 16a con calle 24, barrio santa fe, bogota, presuntamente por disputa de control de estupefacientes entre tren de aragua (alias maracucho) y los boyacos. un mesero de 75 anos murio y 14 resultaron heridos (meseros, clientes, transeunte, fotografo, estilista, trabajadora sexual). la policia investiga como atentado terrorista en sector de tolerancia.",grupo armado ilegal no identificado,Activacion de artefacto explosivo,Cundinamarca,"Bogotá, D.C.",72,Ninguna,False,"Bogotá, D.C. - Cundinamarca",{},Ninguno
19614,2026-01-22,el tiempo,Dagua,Valle Del Cauca,Pacífico,False,True,Rural,Acciones de los grupos armados al margen de la ley,Hostigamiento,Ataques contra la fuerza publica,True,disidencias de las farc,frente jaime martinez,4,"el 22 de enero de 2026, disidencias de las farc de la estructura jaime martinez atacaron con drones cargados de explosivos a tropas del batallon de montana n.° 3 del ejercito nacional en zona rural de dagua, valle del cauca, durante operaciones ofensivas. cuatro soldados profesionales sufrieron heridas leves por artefactos explosivos improvisados y recibieron atencion inmediata de enfermeros de combate. ",disidencias de las farc,Hostigamiento,Valle Del Cauca,Dagua,61,Ninguna,False,Dagua - Valle Del Cauca,"{""Agropecuario"": ""Negativo""}",Agropecuario
19625,2026-01-22,ejercito nacional,Zona Bananera,Magdalena,Caribe,False,False,Rural,Acciones de la fuerza publica y otros servidores publicos,Combate,Acciones de la fuerza publica,True,otro grupo armado ilegal,clan del golfo,2,"el 22 de enero de 2026, en el corregimiento de guamachito, zona rural del municipio de zona bananera, magdalena, tropas del ejercito nacional en coordinacion con gaula militar y policia nacional adelantaron una operacion contra el clan del golfo que termino en un enfrentamiento armado y la captura de dos presuntos integrantes de la subestructura david mesa pena. durante el procedimiento, alias “camilo” y alias “manuel” resultaron heridos y quedaron bajo custodia, mientras las autoridades reportaron la incautacion de un revolver, municion y telefonos celulares utilizados presuntamente para extorsionar a empresas del sector bananero.",otro grupo armado ilegal,Combate,Magdalena,Zona Bananera,94,Ninguna,False,Zona Bananera - Magdalena,"{""Agropecuario"": ""Positivo""}",Agropecuario
19611,2026-01-20,el pais,Argelia,Cauca,Pacífico,True,False,Rural,Acciones de los grupos armados al margen de la ley,Ataque a instalaciones de la fuerza publica,Ataques contra la fuerza publica,True,disidencias de las farc,frente carlos patino,2," el 20 de enero de 2026, disidentes del frente carlos patino de las farc lanzaron explosivos desde una camioneta con cilindros de metralla contra la base militar y policial charly en el plateado, argelia, cauca, cerca de la estacion combustible y viviendas. un policia resulto herido leve por esquirlas y un civil tambien lesionado.",disidencias de las farc,Ataque a instalaciones de la fuerza publica,Cauca,Argelia,54,Ninguna,False,Argelia - Cauca,"{""Hidrocarburos"": ""Negativo""}",Hidrocarburos
19612,2026-01-20,caracol,Valdivia,Antioquia,Andina,True,False,Rural,Acciones de los grupos armados al margen de la ley,Enfrentamiento,Enfrentamientos,True,"eln, otro grupo armado ilegal",,0,"el 20 de enero de 2026, el clan del golfo sostuvo combates con el eln en la vereda la alemania de valdivia, antioquia, utilizando drones en disputa territorial. el clan del golfo capturo un dron enemigo, generando zozobra en comunidades cercanas. la confrontacion se reactivo cerca de las nueve de la noche sin victimas reportadas preliminarmente.","eln, otro grupo armado ilegal",Enfrentamiento,Antioquia,Valdivia,56,Ninguna,False,Valdivia - Antioquia,{},Ninguno
19613,2026-01-20,caracol,Tarazá,Antioquia,Andina,True,True,Rural,Acciones de los grupos armados al margen de la ley,Enfrentamiento,Enfrentamientos,True,"eln, otro grupo armado ilegal",clan del golfo,0,"el 20 de enero de 2026, el clan del golfo sostuvo combates con el eln en la vereda doradas altas de taraza, antioquia, utilizando drones en disputa territorial. el clan del golfo capturo un dron enemigo, generando zozobra en comunidades cercanas. la confrontacion se reactivo cerca de las nueve de la noche sin victimas reportadas preliminarmente.","eln, otro grupo armado ilegal",Enfrentamiento,Antioquia,Tarazá,56,Ninguna,False,Tarazá - Antioquia,{},Ninguno
19610,2026-01-19,el pais,Patía,Cauca,Pacífico,True,False,Rural,Acciones de los grupos armados al margen de la ley,Hostigamiento,Ataques contra la fuerza publica,True,disidencias de las farc,carlos patino,1,"el 19 de enero de 2026, disidencias de las farc del frente carlos patino atacaron con un dron cargado de explosivos a unidades del ejercito nacional en el sector de el estanquillo, zona rural de el patia, cauca. un soldado, robin bayardo castillo, resulto herido por esquirlas y fue evacuado al hospital de el bordo sin riesgo vital.",disidencias de las farc,Hostigamiento,Cauca,Patía,58,Ninguna,False,Patía - Cauca,"{""Agropecuario"": ""Negativo""}",Agropecuario
19609,2026-01-18,radio 1040,Caldono,Cauca,Pacífico,True,False,,Acciones de los grupos armados al margen de la ley,Activacion de artefacto explosivo,Ataque a infraestructura y bienes civiles,True,disidencias de las farc,,0,"el 18 de enero de 2026, disidencias de las farc realizaron un ataque con explosivos contra el municipio de caldono, cauca, causando danos materiales en el hospital y varias viviendas. las autoridades confirmaron que no se afectaron las torres de energia.",disidencias de las farc,Activacion de artefacto explosivo,Cauca,Caldono,41,Ninguna,False,Caldono - Cauca,"{""Energético"": ""Negativo""}",Energético
19608,2026-01-17,el tiempo,Suárez,Cauca,Pacífico,True,False,Rural,Acciones de los grupos armados al margen de la ley,Ataque a instalaciones de la fuerza publica,Ataques contra la fuerza publica,True,disidencias de las farc,frente jaime martinez,1," el 11 de noviembre de 2025, disidencias de las farc del frente jaime martinez atacaron con explosivos y rafagas una base militar en zona rural de suarez, cauca, generando fuertes combates con el ejercito nacional. un soldado resulto herido por esquirlas y ondas expansivas. ",disidencias de las farc,Ataque a instalaciones de la fuerza publica,Cauca,Suárez,44,Ninguna,False,Suárez - Cauca,"{""Agropecuario"": ""Negativo""}",Agropecuario
19605,2026-01-16,caracol,Andes,Antioquia,Andina,False,False,Rural,Acciones de la fuerza publica y otros servidores publicos,Combate,Acciones de la fuerza publica,True,otro grupo armado ilegal,clan del golfo,2,"el 16 de enero de 2026 desde las 2:00 a.m., un operativo policial contra el clan del golfo en zona urbana y corregimiento santa ines de andes (suroeste antioqueno) derivo en intensos combates con rafagas y granadas, hiriendo levemente a dos policias.",otro grupo armado ilegal,Combate,Antioquia,Andes,42,Ninguna,False,Andes - Antioquia,{},Ninguno
19607,2026-01-16,caracol,Tibú,Norte De Santander,Andina,True,True,Rural,Acciones de los grupos armados al margen de la ley,Hostigamiento,Ataques contra la fuerza publica,True,eln,frente juan fernardo porras,5,"el 16 de enero de 2026 en la noche, el frente juan fernando porras martinez del eln ataco con drones cargados de explosivos a tropas del batallon de despliegue rapido n.º 9 (segunda division, ejercito nacional) en vereda palmeras de tibu (catatumbo), matando al soldado profesional juan esteban gonzalez sanchez (palmira, valle) y hiriendo a cuatro militares (2 suboficiales, 2 soldados) por esquirlas.",eln,Hostigamiento,Norte De Santander,Tibú,63,Ninguna,False,Tibú - Norte De Santander,{},Ninguno
19606,2026-01-15,la fm,Urrao,Antioquia,Andina,False,False,Rural,Acciones de la fuerza publica y otros servidores publicos,Combate,Acciones de la fuerza publica,True,otro grupo armado ilegal,clan del golfo,2,"el 15 de enero de 2026, soldados del batallon de infanteria n.º 11 cacique nutibara (cuarta brigada, ejercito nacional) abatieron en combate rural de vereda la ana (urrao, antioquia) a dos presuntos del clan del golfo (subestructura edwin roman velasquez valle): alias libardito (cabecilla urbano) y alias mateo (seguridad), dedicados a extorsiones a comerciantes y disputa territorial. incautaron material de guerra y motocicleta.",otro grupo armado ilegal,Combate,Antioquia,Urrao,63,Ninguna,False,Urrao - Antioquia,"{""Agropecuario"": ""Negativo""}",Agropecuario
19603,2026-01-14,semana,Suárez,Cauca,Pacífico,True,False,Rural,Acciones de los grupos armados al margen de la ley,Hostigamiento,Ataques contra la fuerza publica,True,disidencias de las farc,,0,"el 14 de enero de 2026 a las 6:50 p.m., presuntas disidencias farc atacaron la estacion de policia de suarez (cauca) con rafagas de fusil y lanzamiento de un dron que cayo en las afueras de las instalaciones, activando protocolos de seguridad del ejercito y policia que repelieron la agresion. no se reportan uniformados ni civiles lesionados en este incidente.",disidencias de las farc,Hostigamiento,Cauca,Suárez,60,Ninguna,False,Suárez - Cauca,{},Ninguno
19604,2026-01-14,el tiempo,San José Del Palmar,Chocó,Pacífico,False,False,Rural,Acciones de los grupos armados al margen de la ley,Hostigamiento,Ataques contra la fuerza publica,True,eln,frente erneste che guevara,11,"el 14 de enero de 2026, el frente ernesto che guevara del eln ataco con explosivos artesanales lanzados desde drones a tropas del batallon de operaciones terrestres n° 25 (decima quinta brigada, ejercito nacional) en la vereda alto del oso de san jose del palmar (choco), dejando heridos a un suboficial y 9-10 soldados con esquirlas y aturdimiento. los uniformados recibieron atencion inicial de enfermeros de combate y fueron evacuados por helicopteros uh-60 a centros medicos en quibdo y medellin. el ataque, presunta retaliacion por la muerte de alias 'santiago', viola el dih por uso indiscriminado de drones.",eln,Hostigamiento,Chocó,San José Del Palmar,98,Ninguna,False,San José Del Palmar - Chocó,{},Ninguno
19601,2026-01-13,periodico virtual,Guachené,Cauca,Pacífico,False,False,Rural,Acciones de los grupos armados al margen de la ley,Enfrentamiento,Enfrentamientos,True,,,4,"el 13 de enero, se presento un enfrentamiento entre grupos de pandillas en el sector el guabal (guachene, norte del cauca) dejo 4 personas muertas (habitantes locales). genero panico en la comunidad, con llamado a mayor presencia de fuerza publica. autoridades investigan causas (posibles disputas territoriales entre estructuras delincuenciales).",no identificado,Enfrentamiento,Cauca,Guachené,49,Ninguna,False,Guachené - Cauca,{},Ninguno
19602,2026-01-13,caracol,Tibú,Norte De Santander,Andina,True,True,Rural,Acciones de la fuerza publica y otros servidores publicos,Combate,Acciones de la fuerza publica,True,eln,,1,"el 13 de enero de 2026, un intercambio de disparos entre tropas del ejercito nacional y presuntos miembros del eln en el corregimiento reyes campo dos de tibu (catatumbo) dejo herido a un civil con un disparo en la palma izquierda de la mano, quien fue atendido en la ips local sin peligro para su vida. el enfrentamiento ocurrio cuando los guerrilleros intentaban realizar un reten ilegal, sin reportes adicionales de heridos o muertos. ",eln,Combate,Norte De Santander,Tibú,74,Ninguna,True,Tibú - Norte De Santander,{},Ninguno
19599,2026-01-10,el pais,Patía,Cauca,Pacífico,True,False,Rural,Acciones de los grupos armados al margen de la ley,Emboscada,Ataques contra la fuerza publica,True,disidencias de las farc,,2,"el 10 de enero se presento un ataque con explosivos improvisados lanzados desde drones contra unidad del ejercito nacional (batallon de alta montana n.º 4) en sector el estanquillo (el patia, cauca), por presuntas disidencias farc. heridos por esquirlas y aturdimiento: soldados profesionales juan pablo yepes zapata (20 anos) y harold viana oviedo (21 anos). combate duro mas de 2 horas, con familias confinadas en viviendas por fuego cruzado; militares repelieron y evacuaron heridos a hospital de el bordo. ",disidencias de las farc,Emboscada,Cauca,Patía,79,Ninguna,False,Patía - Cauca,{},Ninguno
19600,2026-01-10,el universal,San José Del Palmar,Chocó,Pacífico,False,False,Rural,Acciones de la fuerza publica y otros servidores publicos,Combate,Acciones de la fuerza publica,True,eln,,1,"el 10 de enero, un operativo del ejercito nacional dio de baja a hernan chica palacios, alias ‘santiago’, maximo cabecilla del el en zona rural del municipio de san jose del palmar, en el departamento del choco. ",eln,Combate,Chocó,San José Del Palmar,37,Ninguna,False,San José Del Palmar - Chocó,"{""Agropecuario"": ""Negativo""}",Agropecuario
19598,2026-01-07,el pilon,Río De Oro,Cesar,Caribe,False,False,Rural,Acciones de los grupos armados al margen de la ley,Ataque a bienes publicos,Ataque a infraestructura y bienes civiles,True,eln,,2,"el 7 de enero, en zona rural de rio de oro (sector sanin villa, sur del cesar), alrededor de 10 hombres armados, presuntamente del eln, realizaron una incursion armada que dejo heridos a dos ingenieros que se movilizaban por el corredor vial. durante la huida, los atacantes llegaron a un restaurante cercano, intimidaron a varias familias, obligaron a las personas a tirarse al suelo por mas de 30 minutos, hurtaron un vehiculo y retuvieron temporalmente al concejal de aguachica, david andres beltran, hechos que generaron temor en la poblacion.",eln,Ataque a bienes publicos,Cesar,Río De Oro,89,Minería,False,Río De Oro - Cesar,"{""Minero"": ""Negativo"", ""Agropecuario"": ""Negativo"", ""Ambiental"": ""Negativo""}","Minero, Agropecuario, Ambiental"
19597,2026-01-06,el pais,Cartagena Del Chairá,Caquetá,Amazonia,True,True,Rural,Acciones de los grupos armados al margen de la ley,Emboscada,Ataques contra la fuerza publica,True,disidencias de las farc,estado mayor de los bloques y frentes,4,"el 6 de enero se registro un ataque con rafagas de fusil contra patrulla policial en cartagena del chaira (caqueta), atribuido al frente rodrigo cadete de las disidencias farc (estado mayor de bloques, bajo mando de alias ‘calarca’). el ataque dejo como resultado el asesinado del subintendente luis alfonso florez florez y el patrullero rusbel alfredo lesmes moreno. y heridos graves : intendente jhorjan fabian marquez souza y subintendente jhon suarez gonzalez.",disidencias de las farc,Emboscada,Caquetá,Cartagena Del Chairá,72,Ninguna,False,Cartagena Del Chairá - Caquetá,{},Ninguno
19596,2026-01-02,w radio,Mirití - Paraná,Amazonas,Amazonas,False,False,Rural,Acciones de la fuerza publica y otros servidores publicos,Combate,Acciones de la fuerza publica,True,disidencias de las farc,estado mayor central,3,"el 2 de enero se presento una operacion ofensiva conjunta de fuerzas militares y policia nacional contra el circulo cercano de alias ‘ivan mordisco’ (nestor gregorio vera, disidencias farc) en el area del rio caqueta, jurisdiccion de miriti-parana (amazonas). resultado: neutralizacion de 10 integrantes (3 abatidos en combate, 4 capturados, 3 menores recuperados de reclutamiento forzado). incautacion de armamento de alto poder, municion, equipos de campana y medios fluviales usados en economias ilegales y narcotrafico.",disidencias de las farc,Combate,Amazonas,Mirití - Paraná,75,Ninguna,False,Mirití - Paraná - Amazonas,"{""Ambiental"": ""Negativo""}",Ambiental
19592,2026-01-01,el heraldo,Ciénaga,Magdalena,Caribe,True,False,Rural,Acciones de los grupos armados al margen de la ley,Combate,Acciones de la fuerza publica,True,otro grupo armado ilegal,autodefensas conquistadoras de la sierra nevada,0,"el 1 de enero, tropas del batallon de montana n.° 6 mayor robinson daniel ruiz (segunda brigada, ejercito nacional) sostuvieron combates con presuntos integrantes del grupo armado organizado autodefensas conquistadoras de la sierra nevada (conocido como los pachenca) en la vereda el mirador, jurisdiccion de cienaga (magdalena), en el marco del plan de campana ayacucho plus. durante la accion militar se incauto material de guerra: 1.396 cartuchos de diferentes calibres, una pistola, 21 granadas hechizas para drones, tres granadas artesanales, una libra de polvora negra, un balon bomba, tres escopetas, 13 proveedores, nueve cintelas, dos chalecos multiproposito, uniformes de uso privativo de las fuerzas militares, material de intendencia y equipos de comunicacion.",otro grupo armado ilegal,Combate,Magdalena,Ciénaga,112,Ninguna,False,Ciénaga - Magdalena,{},Ninguno
19595,2026-01-01,el nuevo siglo,Ciénaga,Magdalena,Caribe,True,False,Rural,Acciones de la fuerza publica y otros servidores publicos,Combate,Acciones de la fuerza publica,True,otro grupo armado ilegal,autodefensas conquistadoras de la sierra navada,0,"el 1 de enero, en el marco del plan de campana ayacucho plus, tropas del batallon de montana n.° 6 mayor robinson daniel ruiz (segunda brigada del ejercito nacional) sostuvieron combate con integrantes del grupo armado los pachenca en la zona rural de cienaga (magdalena). se recupero material de guerra: 1.396 cartuchos de diferentes calibres, una pistola, 21 granadas hechizas adaptadas para dron, 3 granadas artesanales, una libra de polvora negra, un balon bomba, 3 escopetas, 13 proveedores, 9 cintelas, 2 chalecos multiproposito, uniformes de uso privativo de las fuerzas militares, material de intendencia y equipos de comunicacion.",otro grupo armado ilegal,Combate,Magdalena,Ciénaga,98,Ninguna,False,Ciénaga - Magdalena,"{""Agropecuario"": ""Negativo""}",Agropecuario
19590,2025-12-31,la fm,Tibú,Norte De Santander,Andina,True,True,Rural,Acciones de los grupos armados al margen de la ley,Ataque a mision medica,Ataque a infraestructura y bienes civiles,True,,,0,"el 31 de octubre, en el puesto de salud del corregimiento pachelli (tibu, norte de santander, rural, catatumbo), un grupo armado ilegal desconocido disparo con arma de fuego contra la instalacion sanitaria (designada para atencion poblacion civil), obligando al personal medico y auxiliares a evacuar la zona y dejando sin servicio de salud a miles de personas en el sector.",no identificado,Ataque a mision medica,Norte De Santander,Tibú,60,Ninguna,False,Tibú - Norte De Santander,"{""Agropecuario"": ""Negativo""}",Agropecuario
19591,2025-12-31,el espectador,El Tarra,Norte De Santander,Andina,True,False,Rural,Acciones de los grupos armados al margen de la ley,Ataque a mision medica,Ataque a infraestructura y bienes civiles,True,,,5,"el 31 de diciembre, en el corregimiento de filo gringo, zona rural de el tarra (norte de santander), se presento un ataque con drones contra el hospital local en medio de enfrentamientos entre el frente 33 de las disidencias de las farc y el eln, que dejo cinco personas heridas y danos en la infraestructura. el personal de salud pidio ser trasladado por temor a nuevos ataques y la atencion medica esta practicamente suspendida, mientras se reportan cientos de personas desplazadas en el tarra y tibu por los combates entre ambos grupos",no identificado,Ataque a mision medica,Norte De Santander,El Tarra,92,Ninguna,True,El Tarra - Norte De Santander,"{""Agropecuario"": ""Negativo""}",Agropecuario
19593,2025-12-31,caracol,Andes,Antioquia,Andina,False,False,Rural,Acciones de los grupos armados al margen de la ley,Combate,Acciones de la fuerza publica,True,otro grupo armado ilegal,clan del golfo,3,"el 31 de diciembre, tropas del batallon de infanteria n.º 11 cacique nutibara (cuarta brigada del ejercito) sostuvieron combate con la subestructura edwin roman velasquez valle del clan del golfo en la vereda san peruchito, municipio de andes (suroeste de antioquia). en la accion resultaron muertos dos presuntos ilegales (uno seria hermano de alias acacio, cabecilla urbano capturado en noviembre) y fue capturado herido alias pablo, cabecilla de zona con orden de captura por homicidio de un policia en sopetran (mayo pasado)",otro grupo armado ilegal,Combate,Antioquia,Andes,82,Ninguna,False,Andes - Antioquia,{},Ninguno
19594,2025-12-31,el tiempo,El Tarra,Norte De Santander,Andina,True,False,Rural,Acciones de los grupos armados al margen de la ley,Enfrentamiento,Enfrentamientos,True,"eln, disidencias de las farc",frente 33,0,"el 31 de diciembre, se presentaron enfrentamientos entre el eln y el frente 33 de las disidencias de las farc (estado mayor central) en el corregimiento filo gringo (el tarra, catatumbo. . los combates han generado desplazamientos masivos, confinamientos, quema de casas de civiles supuestamente afines al contrario, reclutamiento forzado y uso de drones con explosivos desde finales de diciembre 2025.","eln, disidencias de las farc",Enfrentamiento,Norte De Santander,El Tarra,61,Ninguna,False,El Tarra - Norte De Santander,{},Ninguno
19589,2025-12-28,blu radio,Andes,Antioquia,Andina,False,False,Rural,Acciones de la fuerza publica y otros servidores publicos,Combate,Acciones de la fuerza publica,True,otro grupo armado ilegal,clan del golfo,3,"el 28 de diciembre, en el corregimiento la chaparrala (andes, antioquia), tropas ejercito nacional desarrollaron operacion ofensiva tras inteligencia sobre presencia constante subestructura edwin roman velasquez valle del clan del golfo; al notar tropas, integrantes gai iniciaron enfrentamiento armado, resultando abatidos dos (cuerpos a medellin para identificacion) y un tercero gravemente herido.",otro grupo armado ilegal,Combate,Antioquia,Andes,52,Ninguna,False,Andes - Antioquia,{},Ninguno
19587,2025-12-27,caracol,Tibú,Norte De Santander,Andina,True,True,Rural,Acciones de los grupos armados al margen de la ley,Enfrentamiento,Enfrentamientos,True,"eln, disidencias de las farc",frente 33,0,"el 27 de diciembre, en la via rural que conduce de tibu al corregimiento de la gabarra (catatumbo, norte de santander), en medio de la guerra entre el eln y las disidencias de las farc, grupos armados ilegales dispararon hacia un campo de ecopetrol impactando uno de los tanques y causando derrame de petroleo; cuando una cuadrilla llego a reparar, los armados obligaron a los trabajadores a descender de los vehiculos e incineraron dos automotores en ese tramo usado por la poblacion para huir del conflicto. ","eln, disidencias de las farc",Enfrentamiento,Norte De Santander,Tibú,86,Ninguna,False,Tibú - Norte De Santander,"{""Hidrocarburos"": ""Negativo"", ""Agropecuario"": ""Negativo""}","Hidrocarburos, Agropecuario"
19586,2025-12-26,el heraldo,Santiago De Cali,Valle Del Cauca,Pacífico,False,False,Urbana,Acciones de los grupos armados al margen de la ley,Activacion de artefacto explosivo,Ataque a infraestructura y bienes civiles,True,,,4,"el 26 de diciembre de 2025, en el barrio marroquin i de cali (valle del cauca, zona urbana), hombres desconocidos lanzaron una granada explosiva dirigida contra una patrulla de la policia metropolitana que realizaba labores de registro y control; el artefacto impacto causando heridas por esquirlas a cuatro civiles colaterales: tres pasajeros de un taxi (incluidos dos menores de edad con lesiones no graves) y un transeunte.",no identificado,Activacion de artefacto explosivo,Valle Del Cauca,Santiago De Cali,67,Ninguna,False,Santiago De Cali - Valle Del Cauca,{},Ninguno
19582,2025-12-23,rcn,Pasto,Nariño,Pacífico,False,False,Rural,Acciones de la fuerza publica y otros servidores publicos,Combate,Acciones de la fuerza publica,True,disidencias de las farc,,0,"desde las 6:00 a.m. del martes 22 de diciembre de 2025, en el sector puente bermudez de pasto (narino), tropas de la fuerza de despliegue rapido del ejercito nacional, actuando sobre inteligencia, frustraron un atentado terrorista de disidencias de las farc que pretendian instalar artefactos explosivos en plena via publica de acceso al aeropuerto antonio narino, accion que derivo en enfrentamiento armado con rafagas de fusil, cierre de la via y varamiento de cientos de conductores y pasajeros, sin reporte de victimas mortales pero con zozobra generalizada y consejo de seguridad convocado por el gobernador fredy gamez.",disidencias de las farc,Combate,Nariño,Pasto,97,Ninguna,False,Pasto - Nariño,{},Ninguno
19583,2025-12-23,w radio,El Tambo,Cauca,Pacífico,True,True,Rural,Acciones de los grupos armados al margen de la ley,Enfrentamiento,Enfrentamientos,True,"eln, disidencias de las farc",segunda marquetalia,5,"durante varios dias de diciembre de 2025, en el cerro de el pinche (corregimiento el pinche, limite entre el tambo y argelia, cauca), se registraron combates entre la segunda marquetalia y el eln por control territorial, confrontaciones que dejaron 5 muertos (incluidos 3 menores reclutados forzosamente por el eln, segun la secretaria de gobierno maribel perafan) y provocaron el desplazamiento de al menos 25 familias campesinas hacia el casco urbano de argelia, con recuperacion de cuerpos ya realizada y llamado de la cooperativa cemas para garantizar retorno seguro y proteccion humanitaria.","eln, disidencias de las farc",Enfrentamiento,Cauca,El Tambo,91,Ninguna,False,El Tambo - Cauca,"{""Humanitario"": ""Negativo""}",Humanitario
19584,2025-12-23,caracol,Santander De Quilichao,Cauca,Pacífico,True,False,Rural,Acciones de la fuerza publica y otros servidores publicos,Emboscada,Ataques contra la fuerza publica,True,disidencias de las farc,,2,"el 23 de diciembre, entre santander de quilichao y buenos aires, presuntos disidentes de las farc dispararon contra el vehiculo donde se movilizaban miembros de la policia nacional. el patrullero juan camilo perdomo resulto herido en el ataque con rafagas de fusil, pero el intendente luis guillermo martinez perdio la vida por los multiples disparos que recibieron.",disidencias de las farc,Emboscada,Cauca,Santander De Quilichao,57,Ninguna,False,Santander De Quilichao - Cauca,{},Ninguno
19585,2025-12-23,el pais,Buenos Aires,Cauca,Pacífico,True,False,Rural,Acciones de la fuerza publica y otros servidores publicos,Combate,Acciones de la fuerza publica,True,disidencias de las farc,frente jaime martinez,0,"el 23 de diciembre se reportaron intensos combates entre tropas del ejercito nacional y unidades de policia (incluida la dijin) contra disidencias de las farc (frente jaime martinez) en la zona limitrofe rural de suarez, buenos aires y santander de quilichao (cauca) en el marco de una operacion militar para capturar lideres de esa estructura.",disidencias de las farc,Combate,Cauca,Buenos Aires,55,Ninguna,False,Buenos Aires - Cauca,"{""Agropecuario"": ""Negativo""}",Agropecuario
19581,2025-12-22,caracol,El Carmen,Norte De Santander,Andina,True,False,Rural,Acciones de la fuerza publica y otros servidores publicos,Combate,Acciones de la fuerza publica,True,,,0,"el 22 de diciembre se registraron combates unidades militares y un grupo armado ilegal en la zona rural del municipio de el carmen. los hechos se presentaron en la vereda la bogotana, desconociendose hasta el momento el numero de bajas que se habrian podido producir ante los enfrentamientos generados y la respuesta de las autoridades militares.",no identificado,Combate,Norte De Santander,El Carmen,56,Ninguna,False,El Carmen - Norte De Santander,"{""Agropecuario"": ""Negativo""}",Agropecuario
19579,2025-12-21,el tiempo,Suárez,Cauca,Pacífico,True,False,Urbana,Acciones de los grupos armados al margen de la ley,Hostigamiento,Ataques contra la fuerza publica,True,disidencias de las farc,frente jaime martinez,1,"durante la noche del 21 de diciembre de 2025, en la villa olimpica don joe de suarez (cauca), mientras se jugaba la final del torneo interbarrios entre los equipos las brisas y matecana, un grupo de disidentes de las farc de la estructura jaime martinez hostigo con fuego de armas largas la estacion de policia del municipio, obligando a suspender el partido y a que los asistentes buscaran refugio, ataque que fue repelido por tropas del batallon de operaciones terrestres n.º 13 de la brigada 29 y dejo al menos una persona herida, trasladada al hospital de suarez y luego a popayan, sin reporte de muertos",disidencias de las farc,Hostigamiento,Cauca,Suárez,106,Ninguna,False,Suárez - Cauca,{},Ninguno
19580,2025-12-21,el pais,Argelia,Cauca,Pacífico,True,False,Rural,Acciones de los grupos armados al margen de la ley,Enfrentamiento,Enfrentamientos,True,,,5,"el 21 de diciembre, durante el mes de diciembre de 2025, en el corregimiento el pinche, zona rural del municipio de argelia (cauca), se registraron intensos enfrentamientos entre grupos armados ilegales que mantienen disputas en el suroccidente del departamento, situacion que genero constantes hostigamientos y temor en la poblacion y llevo al desplazamiento de al menos 25 familias campesinas hacia el casco urbano, mientras la comunidad reporto el hallazgo y levantamiento de cinco cuerpos, al parecer de combatientes.",no identificado,Enfrentamiento,Cauca,Argelia,78,Ninguna,False,Argelia - Cauca,"{""Agropecuario"": ""Negativo"", ""Humanitario"": ""Negativo""}","Agropecuario, Humanitario"
19577,2025-12-20,rcn,Segovia,Antioquia,Andina,True,False,Urbana,Acciones de los grupos armados al margen de la ley,Enfrentamiento,Enfrentamientos,True,"eln, otro grupo armado ilegal",clan del golfo,0,"el 20 de diciembre de 2025, en la vereda arenales del municipio de segovia (nordeste antioqueno), se prolongaron por varias horas enfrentamientos armados entre el frente de guerra jose antonio galan del eln y la subestructura jorge ivan arboleda garces del clan del golfo, en disputa historica por corredores estrategicos y rentas de mineria ilegal, choques que generaron tension pero fueron verificados por el ejercito nacional confirmando que los grupos ya no estan presentes en el sector, sin desplazamientos forzados reportados ni pronunciamiento oficial del alcalde edwin alexander castaneda vahos.","eln, otro grupo armado ilegal",Enfrentamiento,Antioquia,Segovia,90,Minería,False,Segovia - Antioquia,"{""Minero"": ""Negativo""}",Minero
19578,2025-12-20,caracol,Briceño,Antioquia,Andina,True,True,Urbana,Acciones de los grupos armados al margen de la ley,Enfrentamiento,Enfrentamientos,True,"otro grupo armado ilegal, disidencias de las farc",clan del golfo,3,"el 20 de diciembre, en el casco urbano del municipio de briceno (antioquia) se presernto un enfrentamiento entre miembros del clan del golfo y las disidencias de las farc, en medio de un local comercial en el municipio. el hecho dejo como resultado a 2 personas muertas (una menor de edad) y una persona herida.","otro grupo armado ilegal, disidencias de las farc",Enfrentamiento,Antioquia,Briceño,55,Ninguna,True,Briceño - Antioquia,{},Ninguno
19576,2025-12-18,la silla vacia,Aguachica,Cesar,Caribe,False,False,Rural,Acciones de los grupos armados al margen de la ley,Ataque a instalaciones de la fuerza publica,Ataques contra la fuerza publica,True,eln,frente camilo torres,37,"en la noche del jueves 18 de diciembre de 2025, en la vereda el juncal de aguachica (cesar), el frente camilo torres del eln lanzo un ataque terrorista contra el batallon de instruccion y entrenamiento capitan antonio ricaurte del ejercito nacional, utilizando drones con explosivos improvisados, artefactos tipo tatuco y rafagas de fusil que sorprendieron a los soldados en areas de descanso, dejando 6 militares muertos y 31 heridos (cifras oficiales del ejercito), detonacion inicial seguida de hostigamiento coordinado, motivando al presidente petro a declarar urgencia manifiesta para compra inmediata de sistemas antidrones por 1 billon de pesos y oferta de recompensa de 200 millones.",eln,Ataque a instalaciones de la fuerza publica,Cesar,Aguachica,105,Ninguna,False,Aguachica - Cesar,{},Ninguno
19574,2025-12-16,el tiempo,Santiago De Cali,Valle Del Cauca,Pacífico,False,False,Urbana,Acciones de los grupos armados al margen de la ley,Hostigamiento,Ataques contra la fuerza publica,True,eln,,2,"a las 3:50 a.m. del martes 16 de diciembre de 2025, en el barrio mariano ramos del sur de cali (valle del cauca), una patrulla motorizada de la policia metropolitana con los subintendentes jorge leonardo gomez ochoa (36 anos) y robert steven melo londono (33 anos) fue atacada con artefactos explosivos improvisados de alto poder mientras realizaban labores preventivas cerca del polideportivo maria isabel urrutia, detonacion atribuida al perfil criminal del eln por el director regional de policia, dejando a los dos uniformados heridos de gravedad que fallecieron en la clinica valle del lili.",eln,Hostigamiento,Valle Del Cauca,Santiago De Cali,94,Ninguna,False,Santiago De Cali - Valle Del Cauca,{},Ninguno
19575,2025-12-16,el pais,Buenos Aires,Cauca,Pacífico,True,False,Urbana,Acciones de los grupos armados al margen de la ley,Hostigamiento,Ataques contra la fuerza publica,True,disidencias de las farc,,0,"en la madrugada del martes 16 de diciembre de 2025, en el casco urbano del municipio de buenos aires (norte del cauca), presuntos integrantes de disidencias de las farc lanzaron explosivos desde drones contra la estacion de policia local, iniciando fuertes combates reportados por los propios pobladores en videos que muestran enfrentamientos en diferentes puntos del area urbana, obligando a los habitantes a refugiarse mientras soldados y policias responden al hostigamiento, sin cifras oficiales de victimas reportadas al momento de la nota.",disidencias de las farc,Hostigamiento,Cauca,Buenos Aires,82,Ninguna,True,Buenos Aires - Cauca,{},Ninguno
19572,2025-12-15,el tiempo,Maicao,La Guajira,Caribe,False,False,Urbana,Acciones de los grupos armados al margen de la ley,Hostigamiento,Ataques contra la fuerza publica,True,eln,,0,"entre las 2:30 y 3:00 a.m. del lunes 15 de diciembre de 2025, en el sector de cuatro vias del municipio de maicao (la guajira), presuntos integrantes del eln hostigaron la subestacion de policia de valgarrio con disparos, en el marco del paro armado nacional de 72 horas anunciado por la guerrilla, accion repelida por la policia con apoyo del peloton matamoros del ejercito nacional que hacia presencia en la zona, sin reporte de heridos ni muertos, solo danos materiales en la infraestructura policial, en contexto de puesto de mando unificado activado por las autoridades.",eln,Hostigamiento,La Guajira,Maicao,95,Ninguna,True,Maicao - La Guajira,{},Ninguno
19571,2025-12-14,el espectador,Puerto Santander,Norte De Santander,Andina,False,False,Urbana,Acciones de los grupos armados al margen de la ley,Ataque a instalaciones de la fuerza publica,Ataques contra la fuerza publica,True,eln,,1,"en la madrugada del 14 de diciembre de 2025, a las 2:25 a.m., en el municipio fronterizo de puerto santander (norte de santander), un grupo de hombres armados del eln ataco la estacion de policia local en el marco del paro armado de 72 horas anunciado por la guerrilla contra la supuesta de donald trump, ataque repelido por los uniformados durante 15-20 minutos, que dejo muerto a un conductor de ambulancia municipal alcanzado por disparos mientras estaba cerca de la estacion, sin bajas en la fuerza publica reportadas..",eln,Ataque a instalaciones de la fuerza publica,Norte De Santander,Puerto Santander,88,Ninguna,True,Puerto Santander - Norte De Santander,{},Ninguno
19573,2025-12-14,el tiempo,Valdivia,Antioquia,Andina,True,False,Rural,Acciones de los grupos armados al margen de la ley,Quema de vehiculo,Ataque a infraestructura y bienes civiles,True,eln,,0,"en la noche del domingo 14 de diciembre de 2025, en el sector la paulina del corregimiento puerto valdivia (valdivia, norte de antioquia), hombres armados presuntamente del eln interceptaron un bus intermunicipal de la empresa brasilia en la via medellin-costa caribe, obligaron al conductor a detener el vehiculo, forzaron a los pasajeros a bajarse y le prendieron fuego como parte del paro armado nacional de 72 horas, accion que genero panico y cierre temporal de la via hasta intervencion del batallon de infanteria n° 31 rifles y grupo de caballeria n° 9, sin heridos reportados.",eln,Quema de vehiculo,Antioquia,Valdivia,95,Ninguna,True,Valdivia - Antioquia,{},Ninguno
19570,2025-12-13,semana,Urrao,Antioquia,Andina,False,False,Rural,Acciones de la fuerza publica y otros servidores publicos,Combate,Acciones de la fuerza publica,True,otro grupo armado ilegal,clan del golfo,0,"el 13 de diciembre, en inmediaciones de yacimientos mineros ilegales del rio pabon, municipio de urrao (suroeste antioqueno), tropas de la iv brigada del ejercito nacional desarrollaron un operativo contra economias ilicitas del clan del golfo (subestructura edwin roman velasquez valle), enfrentandose en fuertes combates a integrantes armados del gao, resultado del cual capturaron a 18 personas, incautaron maquinaria pesada (8 excavadoras, 9 retroexcavadoras, 9 plataformas, 12 clasificadoras, draga, 24 motores cummins, etc.) y destruyeron 17 unidades de produccion minera, afectando 22 hectareas (8 hectareas de suelo removido y deforestacion), con golpe economico estimado en 28 mil millones de pesos (produccion de 4.5 kg de oro/mes) y recuperacion ambiental superior a 30 anos, sin reporte de bajas militares ni civiles.",otro grupo armado ilegal,Combate,Antioquia,Urrao,120,Minería,False,Urrao - Antioquia,"{""Minero"": ""Negativo"", ""Ambiental"": ""Negativo""}","Minero, Ambiental"
19569,2025-12-10,el tiempo,Patía,Cauca,Pacífico,True,False,Rural,Acciones de los grupos armados al margen de la ley,Ataque a poblacion,Ataque a infraestructura y bienes civiles,True,disidencias de las farc,frente carlos patino,2,"en las ultimas horas del 9 de diciembre de 2025, en el caserio caramelito del corregimiento de patia, municipio de el patia (sur del cauca), supuestos integrantes de la estructura carlos patino de las disidencias de las farc intentaron hurtar un vehiculo tipo furgon npr instalando un reten ilegal en la via panamericana; al evadirlo el conductor, los armados abrieron fuego contra el camion, dejando dos civiles heridos que fueron trasladados al hospital de el bordo donde se reportan estables, tras lo cual los delincuentes huyeron ante la llegada del ejercito nacional que evito el robo de la carga.",disidencias de las farc,Ataque a poblacion,Cauca,Patía,99,Ninguna,False,Patía - Cauca,{},Ninguno
19566,2025-12-09,caracol,Barbosa,Antioquia,Andina,False,False,Rural,Acciones de los grupos armados al margen de la ley,Activacion de artefacto explosivo,Ataque a infraestructura y bienes civiles,True,eln,,0,"a las 4:30 a.m. del 9 de diciembre de 2025, en el peaje cabildo ubicado en la via vieja entre copacabana y barbosa (antioquia), dos sujetos en motocicleta avisaron a los trabajadores que debian evacuar por una detonacion inminente, tras lo cual activaron un artefacto explosivo de bajo poder que destruyo parte de la infraestructura del peaje, dejando un parlante con mensaje reivindicando la accion por el eln; la via quedo cerrada por labores de antiexplosivos, sin personas heridas, en una zona donde tambien delinque el clan del golfo segun las autoridades.",eln,Activacion de artefacto explosivo,Antioquia,Barbosa,92,Ninguna,True,Barbosa - Antioquia,{},Ninguno
19567,2025-12-09,ondas de ibague,Armero,Tolima,Andina,False,False,Urbana,Acciones de la fuerza publica y otros servidores publicos,Combate,Acciones de la fuerza publica,True,,,1,"en la tarde del martes 9 de diciembre de 2025, en la cabecera municipal de armero guayabal (tolima), durante un operativo de control policial, un individuo en motocicleta intento evadir a las autoridades, lo que derivo en un intercambio de disparos donde tanto el presunto delincuente como un policia resultaron heridos; el agresor fue neutralizado y capturado en el lugar, con incautacion de su arma, mientras el uniformado recibio atencion medica, sin reporte de civiles lesionados ni de fallecidos.",no identificado,Combate,Tolima,Armero,79,Ninguna,False,Armero - Tolima,{},Ninguno
19568,2025-12-09,el tiempo,Valledupar,Cesar,Caribe,True,False,Rural,Acciones de la fuerza publica y otros servidores publicos,Combate,Acciones de la fuerza publica,True,otro grupo armado ilegal,clan del golfo,0,"en las ultimas horas del 9 de diciembre de 2025, en el sector la casona de la vereda montanita, corregimiento azucar buena, zona rural de valledupar (cesar), soldados del batallon de ingenieros n° 70 de la decima brigada del ejercito nacional, en operacion conjunta con policia y fiscalia, fueron hostigados por presuntos integrantes de la subestructura francisco jose morelo penate del clan del golfo, lo que derivo en un combate que dejo un integrante del gao muerto, dos capturados (uno de ellos herido y posible cabecilla zonal) y la incautacion de 2 fusiles ak-47, pistola, 6 escopetas, municiones y equipos de campana, sin reporte de bajas en la fuerza publica ni civiles heridos.",otro grupo armado ilegal,Combate,Cesar,Valledupar,113,Ninguna,False,Valledupar - Cesar,"{""Agropecuario"": ""Negativo""}",Agropecuario
19563,2025-12-07,caracol,Villa Del Rosario,Norte De Santander,Andina,False,False,Urbana,Acciones de los grupos armados al margen de la ley,Hostigamiento,Ataques contra la fuerza publica,True,,,8,"el 7 de diciembre de 2025, en cucuta y su area metropolitana, incluidos sectores de villa del rosario, se registro una serie de ataques atribuidos al eln contra la policia metropolitana, en el marco de una escalada de atentados contra la fuerza publica que dejo un saldo de dos policias muertos y seis mas heridos en distintos puntos de la ciudad y del municipio vecino, hechos que motivaron el envio de refuerzos para intentar controlar la situacion de orden publico en la zona de frontera.",no identificado,Hostigamiento,Norte De Santander,Villa Del Rosario,85,Ninguna,False,Villa Del Rosario - Norte De Santander,{},Ninguno
19564,2025-12-07,caracol,San José De Cúcuta,Norte De Santander,Andina,False,False,Rural,Acciones de los grupos armados al margen de la ley,Ataque a infraestructura energetica,Ataque a infraestructura y bienes civiles,True,eln,,0,"el 7 de diciembre, integrnates del eln activaron una carga explosiva en un tramo del anillo vial de cucuta que afecto una torre de energia, dejando sin fluido electrico a un amplio sector de la ciudad y generando tambien afectaciones en el suministro de gas natural en esa zona de frontera.",eln,Ataque a infraestructura energetica,Norte De Santander,San José De Cúcuta,51,Ninguna,False,San José De Cúcuta - Norte De Santander,"{""Energético"": ""Negativo""}",Energético
19588,2025-12-07,caracol,Chaparral,Tolima,Andina,True,False,Rural,Acciones de los grupos armados al margen de la ley,Hostigamiento,Ataques contra la fuerza publica,True,disidencias de las farc,estado mayor central,0,"el 7 de diciembre, , en el corregimiento el limon (chaparral, tolima), disidencias de las farc (frente geronimo galeano de alias ivan mordisco) lanzaron un hostigamiento armado contra la estacion de policia local, atacando la infraestructura fija con disparos de armas largas/cortas o explosivos para inquietar a la fuerza publica; no se reportan victimas especificas.",disidencias de las farc,Hostigamiento,Tolima,Chaparral,55,Ninguna,True,Chaparral - Tolima,{},Ninguno
19562,2025-12-05,w radio,Tesalia,Huila,Andina,False,False,Urbana,Acciones de los grupos armados al margen de la ley,Ataque a instalaciones de la fuerza publica,Ataques contra la fuerza publica,True,disidencias de las farc,frente ismael ruiz,0,"en la noche del 5 de diciembre de 2025, cerca de 20 integrantes de las disidencias de las farc del frente ismael ruiz atacaron de manera violenta las instalaciones de la estacion de policia del municipio de tesalia, en el occidente del huila, empleando explosivos, cilindros bomba, rafagas de fusil y otros artefactos de alto poder, ataque que fue repelido por los uniformados con apoyo del ejercito y la fuerza aeroespacial.",disidencias de las farc,Ataque a instalaciones de la fuerza publica,Huila,Tesalia,71,Ninguna,False,Tesalia - Huila,{},Ninguno
19565,2025-12-05,el universal,Santa Rosa Del Sur,Bolívar,Caribe,True,True,,Acciones de los grupos armados al margen de la ley,Enfrentamiento,Enfrentamientos,True,"eln, otro grupo armado ilegal",clan del golfo,2,"el viernes 5 de diciembre de 2025, en el municipio de santa rosa del sur (sur de bolivar), se desato un enfrentamiento armado entre el clan del golfo y el eln en zona de disputa territorial, donde quedo atrapada maria fernanda novoa hernandez, de 27 anos, natural de lorica (cordoba) pero cuya presencia en la zona no se explica, recibiendo varios impactos de bala que causaron su muerte; tambien se encontro el cuerpo de un hombre con heridas de arma de fuego en la misma area, en un contexto de multiples hallazgos de cadaveres recientes producto de la guerra entre estas organizaciones que mantiene en tension el sur de bolivar.","eln, otro grupo armado ilegal",Enfrentamiento,Bolívar,Santa Rosa Del Sur,110,Ninguna,False,Santa Rosa Del Sur - Bolívar,{},Ninguno
19561,2025-12-04,rcn,Morales,Cauca,Pacífico,True,False,Urbana,Acciones de los grupos armados al margen de la ley,Hostigamiento,Ataques contra la fuerza publica,True,disidencias de las farc,,2,"en la tarde del jueves 4 de diciembre de 2025, en el perimetro urbano del municipio de morales (cauca), una aeronave no tripulada lanzo una granada artesanal que cayo sobre una barricada empleada como punto de vigilancia constante por la policia, en un ataque con dron dirigido contra la fuerza publica que dejo heridos por esquirlas a un uniformado de la policia y a una mujer que se encontraba en el sector, ambos trasladados al hospital local sin reporte de fallecidos ni de nuevas acciones armadas posteriores.",disidencias de las farc,Hostigamiento,Cauca,Morales,87,Ninguna,True,Morales - Cauca,{},Ninguno
19560,2025-12-03,el tiempo,Nariño,Antioquia,Andina,False,False,Rural,Acciones de la fuerza publica y otros servidores publicos,Combate,Acciones de la fuerza publica,True,otro grupo armado ilegal,clan del oriente,5,"el 3 de diciembre de 2025, en la vereda el recreo del municipio de narino, zona rural del oriente antioqueno, tropas del gaula militar oriente y de la cuarta brigada del ejercito adelantaban un operativo contra estructuras de extorsion cuando fueron hostigadas por una comision armada del grupo delincuencial clan de oriente, aliado del frente 36 de las disidencias de las farc, lo que derivo en un combate que dejo cinco presuntos integrantes de esa organizacion ilegal muertos, entre ellos rodrigo arango galeano, alias “rigo” o “farley”, senalado como cabecilla y articulador de cobros extorsivos a ganaderos y mineros de la region, sin reporte de victimas civiles ni de bajas en la fuerza publica.",otro grupo armado ilegal,Combate,Antioquia,Nariño,114,Extorsión,False,Nariño - Antioquia,"{""Agropecuario"": ""Negativo""}",Agropecuario
19558,2025-12-02,la fm,San José De Cúcuta,Norte De Santander,Andina,False,False,Urbana,Acciones de los grupos armados al margen de la ley,Activacion de artefacto explosivo,Ataque a infraestructura y bienes civiles,True,,,3," en menos de 24 horas, entre el lunes 1 y martes 2 de diciembre de 2025, cucuta registro dos atentados con granadas de fragmentacion lanzadas por sicarios en motocicleta contra objetivos civiles: el primero en la noche del 1 de diciembre en el barrio carlos pizarro, donde un hombre resulto herido por esquirlas, y el segundo en la madrugada del 2 de diciembre en el barrio aeropuerto contra un establecimiento de repuestos, dejando tres heridos mas (incluida una mujer identificada como salcedo); las autoridades presumen movil de extorsion por parte de bandas como “los ak 47” y el tren de aragua, identificando al domiciliario y la motocicleta usada, en un contexto de creciente violencia con una ancheta explosiva desactivada el viernes anterior en torres del centenario.",no identificado,Activacion de artefacto explosivo,Norte De Santander,San José De Cúcuta,126,Extorsión,False,San José De Cúcuta - Norte De Santander,{},Ninguno
19559,2025-12-02,la fm,San José De Cúcuta,Norte De Santander,Andina,False,False,Rural,Acciones de los grupos armados al margen de la ley,Hostigamiento,Ataques contra la fuerza publica,True,,,2,"la noche del 2 de diciembre de 2025, hombres armados atacaron con fusiles la estacion de policia del corregimiento de aguaclara, en la zona rural de cucuta (norte de santander), en un hostigamiento contra la fuerza publica que dejo muerto al patrullero luis montero angarita y gravemente herido a su companero, el patrullero jesus meneses; el hecho ocurrio mientras los uniformados prestaban servicio en medio de las celebraciones por el triunfo del cucuta deportivo.",no identificado,Hostigamiento,Norte De Santander,San José De Cúcuta,74,Ninguna,False,San José De Cúcuta - Norte De Santander,"{""Agropecuario"": ""Negativo""}",Agropecuario
19557,2025-12-01,la fm,San José De Cúcuta,Norte De Santander,Andina,False,False,Urbana,Acciones de los grupos armados al margen de la ley,Activacion de artefacto explosivo,Ataque a infraestructura y bienes civiles,True,,,1,"en menos de 24 horas, entre el lunes 1 y martes 2 de diciembre de 2025, cucuta registro dos atentados con granadas de fragmentacion lanzadas por sicarios en motocicleta contra objetivos civiles: el primero en la noche del 1 de diciembre en el barrio carlos pizarro, donde un hombre resulto herido por esquirlas, y el segundo en la madrugada del 2 de diciembre en el barrio aeropuerto contra un establecimiento de repuestos, dejando tres heridos mas (incluida una mujer identificada como salcedo); las autoridades presumen movil de extorsion por parte de bandas como “los ak 47” y el tren de aragua, identificando al domiciliario y la motocicleta usada, en un contexto de creciente violencia con una ancheta explosiva desactivada el viernes anterior en torres del centenario.",no identificado,Activacion de artefacto explosivo,Norte De Santander,San José De Cúcuta,126,Extorsión,False,San José De Cúcuta - Norte De Santander,{},Ninguno
19556,2025-11-30,periodio virtual,Popayán,Cauca,Pacífico,False,False,Rural,Acciones de la fuerza publica y otros servidores publicos,Combate,Acciones de la fuerza publica,True,,,3," en la noche del domingo 30 de noviembre de 2025, en el sector de rio blanco de la via panamericana (jurisdiccion de popayan, cauca), un grupo armado ilegal instalo un reten, detuvo y amenazo a conductores y pretendio secuestrar a al menos cinco personas, entre ellas un menor de edad; al llegar una unidad del batallon de infanteria liviana n.º 7 de la brigada 29 del ejercito se produjo un enfrentamiento armado en el que un presunto integrante del grupo ilegal resulto herido y murio posteriormente en un centro asistencial, mientras que un suboficial del ejercito y un civil (hijo de un alto funcionario de la rama judicial del cauca) resultaron heridos cuando los armados intentaban apoderarse de su vehiculo.",no identificado,Combate,Cauca,Popayán,120,Ninguna,False,Popayán - Cauca,"{""Ambiental"": ""Negativo""}",Ambiental
19553,2025-11-29,la fm,Calamar,Guaviare,Amazonia,True,True,Rural,Acciones de la fuerza publica y otros servidores publicos,Combate,Acciones de la fuerza publica,True,disidencias de las farc,estado mayor central,0,"el 29 de noviembre, unidades del comando especial de las fuerzas militares desarrollan una operacion ofensiva en zona rural del departamento del guaviare contra estructuras de las disidencias de las farc al mando de alias “ivan mordisco”, con reportes preliminares de al menos un disidente abatido, varios capturados y otros que se habrian sometido a la autoridad, en un contexto marcado por la ofensiva de alta precision ejecutada el 10–11 de noviembre en la vereda itilla, municipio de calamar, donde un bombardeo contra el bloque martin villa y la subestructura primera armando rios dejo alrededor de 20–25 integrantes muertos, entre ellos menores reclutados, y al menos cinco capturados, tras mas de 72 horas de combates, apoyo aereo cercano y despliegue de batallones elit",disidencias de las farc,Combate,Guaviare,Calamar,123,Ninguna,False,Calamar - Guaviare,"{""Agropecuario"": ""Negativo""}",Agropecuario
19554,2025-11-29,blu radio,Vistahermosa,Meta,Orinoquía,True,True,Rural,Acciones de la fuerza publica y otros servidores publicos,Combate,Acciones de la fuerza publica,True,disidencias de las farc,bloque jorge suarez briceno,2,"el 29 de noviembre de 2025, en la vereda guaymaral del municipio de vista hermosa (meta), tropas del ejercito nacional sostuvieron un combate contra integrantes de la estructura armada “marco aurelio buendia”, disidencia de las farc perteneciente al bloque jorge suarez briceno y al servicio de alias “calarca”; en la operacion fueron capturadas dos personas (una de ellas herida) y, durante la maniobra de retiro de las tropas, un civil resulto herido en un punto donde varias personas se habian agrupado para intentar interrumpir la operacion militar, falleciendo posteriormente por la gravedad de las heridas, hecho que dio lugar a la apertura de investigaciones disciplinarias y penales para esclarecer responsabilidades",disidencias de las farc,Combate,Meta,Vistahermosa,110,Ninguna,False,Vistahermosa - Meta,{},Ninguno
19552,2025-11-28,kienyke,El Tarra,Norte De Santander,Andina,True,False,Rural,Acciones de la fuerza publica y otros servidores publicos,Enfrentamiento,Enfrentamientos,True,"eln, disidencias de las farc",frente 33,7,"entre la noche del jueves 27 de noviembre y la madrugada del viernes 28 de noviembre de 2025 se registraron fuertes combates entre el eln y las disidencias de las farc del frente 33 en el corregimiento de filogringo, jurisdiccion del municipio de el tarra, region del catatumbo (norte de santander), enfrentamientos que se prolongaron por mas de 24 horas y dejaron un saldo preliminar de al menos siete personas muertas y varios heridos, presumiblemente combatientes de ambos grupos, entre quienes la comunidad senala la posible muerte de alias “el cuyo”, presunto comandante del eln en la zona, generando zozobra y riesgo para la poblacion civil que pidio la intervencion urgente de las autoridades.","eln, disidencias de las farc",Enfrentamiento,Norte De Santander,El Tarra,114,Ninguna,False,El Tarra - Norte De Santander,{},Ninguno
19555,2025-11-28,el tiempo,Remedios,Antioquia,Andina,True,False,Rural,Acciones de los grupos armados al margen de la ley,Enfrentamiento,Enfrentamientos,True,"eln, otro grupo armado ilegal",clan del golfo,0,"desde el viernes 28 de noviembre de 2025 se registran fuertes enfrentamientos entre grupos armados ilegales en zona rural de remedios (antioquia), principalmente entre el eln y el clan del golfo, quienes han utilizado drones cargados con explosivos en combates que se prolongaron mas de 48 horas, afectando veredas como ojos claros y cruz bajitales, donde al menos una vivienda campesina quedo parcialmente destruida; los ataques y rafagas contra los drones han generado confinamiento prolongado, destruccion de bienes y el desplazamiento forzado de por lo menos 20 personas, con riesgo de un exodo mayor si no hay intervencion efectiva de la fuerza publica.","eln, otro grupo armado ilegal",Enfrentamiento,Antioquia,Remedios,103,Ninguna,False,Remedios - Antioquia,"{""Agropecuario"": ""Positivo"", ""Humanitario"": ""Positivo""}","Agropecuario, Humanitario"
19551,2025-11-26,w radio,La Vega,Cauca,Pacífico,False,False,Rural,Acciones de los grupos armados al margen de la ley,Enfrentamiento,Enfrentamientos,True,"eln, disidencias de las farc",,0,"entre el 24 y el 26 de noviembre de 2025, en el macizo colombiano, sur del cauca, se registraron combates entre el frente andres patino de las disidencias de las farc, vinculado a la estructura de ‘ivan mordisco’, y facciones del eln en zonas rurales de los municipios de la vega, san sebastian y almaguer, generando confinamiento y desplazamiento de numerosas familias indigenas y campesinas, viviendas impactadas por rafagas de fusil y explosivos, amenazas contra comunidades que rechazan la presencia armada, y el ingreso posterior de unidades del ejercito para tratar de restablecer el orden publico y brindar seguridad a la poblacion.","eln, disidencias de las farc",Enfrentamiento,Cauca,La Vega,102,Ninguna,False,La Vega - Cauca,"{""Humanitario"": ""Negativo""}",Humanitario
19547,2025-11-25,el espectador,Yondó,Antioquia,Andina,True,False,Urbana,Acciones de los grupos armados al margen de la ley,Activacion de artefacto explosivo,Ataque a infraestructura y bienes civiles,True,,,2," en la tarde del lunes 24 de noviembre de 2025, en un establecimiento de razon social “tienda la magdalena” del barrio gaitan, a pocos metros de la alcaldia y de la base militar del municipio de yondo, antioquia, dos hombres armados que se movilizaban en motocicleta ingresaron al lugar y ejecutaron un ataque sicarial contra un grupo de personas que departia en una mesa, accion que dejo inicialmente dos hombres muertos y dos heridos trasladados a centros asistenciales, en un contexto de creciente violencia asociada a la confrontacion entre el clan del golfo y el eln en el municipio.",no identificado,Activacion de artefacto explosivo,Antioquia,Yondó,99,Ninguna,False,Yondó - Antioquia,{},Ninguno
19548,2025-11-25,el tiempo,Dabeiba,Antioquia,Andina,True,False,Rural,Acciones de la fuerza publica y otros servidores publicos,Combate,Acciones de la fuerza publica,True,otro grupo armado ilegal,clan del golfo,1," el 24 de noviembre de 2025, en la vereda lopia del municipio de dabeiba, occidente de antioquia, tropas del batallon de ingenieros n.° 17 “general carlos bejarano munoz” del ejercito nacional sostuvieron un combate con integrantes de la subestructura “edwin roman velasquez valle” del clan del golfo, en el marco de la operacion fragmentaria n.° 004, enfrentamiento que dejo como saldo la muerte del cabo tercero danilo fernando meneses betancurt y la desaparicion del soldado profesional yiminson (yimison) mosquera perea, cuyo paradero al cierre de la nota seguia siendo desconocido pese a las labores de busqueda desplegadas en la zona.",otro grupo armado ilegal,Combate,Antioquia,Dabeiba,100,Ninguna,False,Dabeiba - Antioquia,{},Ninguno
19549,2025-11-25,el pais,Corinto,Cauca,Pacífico,True,False,Rural,Acciones de los grupos armados al margen de la ley,Hostigamiento,Ataques contra la fuerza publica,True,disidencias de las farc,frente dagorberto ramos,0," el 25 de noviembre de 2025, comunidades indigenas y campesinas de la zona rural de corinto, norte del cauca, reportaron prolongados combates entre unidades del ejercito nacional y disidencias de las farc del frente dagoberto ramos, luego de un hostigamiento armado contra una base militar en los sectores de miraflores y el tablon, cerca de los limites con el municipio de miranda; los disidentes atacaron con rafagas de fusil a los soldados, quienes respondieron con fuerte poder de fuego, generando confinamiento preventivo, activacion de rutas de refugio y maxima alerta de la guardia indigena y autoridades ancestrales, en un contexto de escalada de ataques y hostigamientos en el norte del cauca tras operaciones militares recientes contra esta estructura.",disidencias de las farc,Hostigamiento,Cauca,Corinto,118,Ninguna,False,Corinto - Cauca,"{""Agropecuario"": ""Negativo"", ""Humanitario"": ""Negativo""}","Agropecuario, Humanitario"
19550,2025-11-25,caracol,Montelíbano,Córdoba,Caribe,True,True,Rural,Acciones de la fuerza publica y otros servidores publicos,Combate,Acciones de la fuerza publica,True,otro grupo armado ilegal,clan del golfo,1," el 26 de noviembre de 2025, en zona rural del corregimiento tierradentro, municipio de montelibano (sur de cordoba), tropas del ejercito nacional, adscritas a la brigada 11 y al gaula militar bajo cauca, en coordinacion con la fiscalia, el cti, la policia nacional y agencias de inteligencia, desarrollaron una operacion contra el clan del golfo en la que fue dado de baja alias “condorito” o “condor”, cabecilla principal del componente criminal focalizado de la subestructura ruben dario avila y sobrino de jose gonzalo sanchez sanchez, alias “gonzalito”, asi como su escolta, luego de que estos abrieran fuego contra las unidades militares, desencadenando un combate en el que ambos murieron y se incautaron armas de fuego, municion, equipos de comunicacion y una motocicleta.",otro grupo armado ilegal,Combate,Córdoba,Montelíbano,122,Ninguna,False,Montelíbano - Córdoba,"{""Agropecuario"": ""Negativo""}",Agropecuario
19530,2025-11-24,ejercito nacional,Concordia,Antioquia,Andina,False,False,Rural,Acciones de la fuerza publica y otros servidores publicos,Combate,Acciones de la fuerza publica,True,otro grupo armado ilegal,clan del golfo,0,"el 24 de noviembre, en la vereda santa monica del municipio de concordia, suroeste del departamento de antioquia, tropas del gaula militar valle de aburra de la cuarta brigada, en coordinacion con la sijin antioquia, sostuvieron un combate de encuentro contra presuntos integrantes de la subestructura edwin roman velasquez del gao clan del golfo, operacion en la que fue capturado alias diomedes, senalado cabecilla de zona, fue aprehendido un menor de edad y resulto muerto en desarrollo de operaciones militares otro presunto integrante de esa estructura, ademas de la incautacion de armas de fuego, municion, motocicletas, un telefono celular y estupefacientes.",otro grupo armado ilegal,Combate,Antioquia,Concordia,101,Ninguna,False,Concordia - Antioquia,{},Ninguno
19546,2025-11-23,hoy diario del magdalena,Zona Bananera,Magdalena,Caribe,False,False,Rural,Acciones de la fuerza publica y otros servidores publicos,Combate,Acciones de la fuerza publica,True,otro grupo armado ilegal,autodefensas conquistadoras de la sierra nevada,3,"el 23 de noviembre de 2025, en la parte alta del corregimiento de san jose de kennedy, sector conocido como la vuelta el cura, municipio de zona bananera, departamento del magdalena, unidades del ejercito nacional sostuvieron un enfrentamiento armado en el marco de operaciones conjuntas y coordinadas contra presuntos integrantes de las autodefensas conquistadoras de la sierra nevada (acsn, ‘los pachenca’), combate que dejo tres miembros de esa estructura capturados despues de resultar heridos y la incautacion de armas y otros elementos, sin que se reportaran militares ni civiles lesionados.",otro grupo armado ilegal,Combate,Magdalena,Zona Bananera,90,Ninguna,False,Zona Bananera - Magdalena,{},Ninguno
19544,2025-11-22,la fm,Cumbal,Nariño,Pacífico,False,False,Rural,Acciones de la fuerza publica y otros servidores publicos,Combate,Acciones de la fuerza publica,True,eln,,1," el 22 de noviembre de 2025, en la vereda tiuquer, zona rural del municipio de cumbal, departamento de narino, tropas del ejercito nacional de colombia y de las fuerzas armadas del ecuador desarrollaron una operacion militar binacional contra el grupo armado comuneros del sur, organizacion disidente que adelanta dialogos de paz con el gobierno colombiano, en la cual se produjeron fuertes enfrentamientos que dejaron un guerrillero muerto y al menos cuatro integrantes mas heridos o capturados, ademas de la incautacion de fusiles, granadas, un dron, un mortero artesanal y abundante municion pertenecientes a dicha estructura.",eln,Combate,Nariño,Cumbal,95,Ninguna,False,Cumbal - Nariño,"{""Agropecuario"": ""Negativo""}",Agropecuario
19545,2025-11-22,el tiempo,Arauquita,Arauca,Orinoquía,True,True,Rural,Acciones de los grupos armados al margen de la ley,Hostigamiento,Ataques contra la fuerza publica,True,eln,frente de guerra oriental,0," el 22 de noviembre de 2025, hacia las 4:30 de la tarde, en el municipio de arauquita, departamento de arauca, presuntos integrantes del frente de guerra oriental del eln lanzaron un artefacto explosivo improvisado tipo tatuco contra las instalaciones del batallon especial energetico y vial n.° 1 “general juan jose neira”, ataque que no dejo militares ni civiles heridos ni danos estructurales en la unidad.",eln,Hostigamiento,Arauca,Arauquita,65,Ninguna,False,Arauquita - Arauca,{},Ninguno
19542,2025-11-20,el tiempo,El Espino,Boyacá,Andina,False,False,Rural,Acciones de los grupos armados al margen de la ley,Hostigamiento,Ataques contra la fuerza publica,True,eln,,0,"en la noche del 19 de noviembre de 2025, en la vereda piedra de sal, zona rural del municipio de el espino, departamento de boyaca, el batallon de alta montana n.º 2 “general santos gutierrez prieto” fue hostigado presuntamente por integrantes de la columna jose david suarez del eln mediante un ataque que, segun versiones preliminares, habria iniciado con un dron cargado con explosivos seguido de detonaciones y rafagas de fusil, sin dejar militares heridos ni danos graves a la infraestructura, hecho que encendio la alerta de la fuerza publica y de la poblacion del norte de boyaca.",eln,Hostigamiento,Boyacá,El Espino,98,Ninguna,True,El Espino - Boyacá,"{""Agropecuario"": ""Negativo""}",Agropecuario
19543,2025-11-20,la fm,El Peñol,Nariño,Pacífico,False,False,Urbana,Acciones de los grupos armados al margen de la ley,Hostigamiento,Ataques contra la fuerza publica,True,disidencias de las farc,estado mayor central,0,"en la noche del 20 de noviembre de 2025, en el casco urbano del municipio de el penol, departamento de narino, se registro un nuevo hostigamiento armado contra la estacion de policia, en el que hombres armados vinculados al estado mayor central de las disidencias de las farc realizaron disparos con armas largas durante varios minutos sin dejar personas muertas ni heridas, en un contexto de recientes ataques con drones y explosivos en el mismo municipio y de operaciones militares y bombardeos ordenados por el gobierno contra las estructuras de alias ivan mordisco.​​",disidencias de las farc,Hostigamiento,Nariño,El Peñol,93,Ninguna,False,El Peñol - Nariño,{},Ninguno
19541,2025-11-19,la fm,Jambaló,Cauca,Pacífico,True,True,Urbana,Acciones de los grupos armados al margen de la ley,Hostigamiento,Ataques contra la fuerza publica,True,disidencias de las farc,frente dagoberto ramos,9,"el 19 de noviembre de 2025, en el casco urbano del municipio de jambalo, departamento del cauca, presuntos integrantes del frente dagoberto ramos de las disidencias de las farc, adscrito al estado mayor central, hostigaron durante varias horas la estacion de policia y una base militar con rafagas de fusil y explosivos lanzados desde drones, ataque que dejo siete policias heridos, un mayor del ejercito lesionado, un helicoptero de la fuerza publica impactado con uno de sus tripulantes herido y varios civiles afectados, incluyendo al menos un adulto y un menor, ademas de graves afectaciones a viviendas cercanas y el confinamiento de la poblacion.",disidencias de las farc,Hostigamiento,Cauca,Jambaló,104,Ninguna,False,Jambaló - Cauca,"{""Humanitario"": ""Negativo""}",Humanitario
19540,2025-11-18,w radio,Tunja,Boyacá,Andina,False,False,Urbana,Acciones de los grupos armados al margen de la ley,Activacion de artefacto explosivo,Ataque a infraestructura y bienes civiles,True,eln,,5,"en la madrugada del 18 de noviembre, en el barrio prados de alcala, zona residencial cercana al batallon simon bolivar en tunja, departamento de boyaca, fue abandonada una volqueta cargada con 24 tatucos de explosivos cuya detonacion controlada por parte del ejercito termino lanzando varias cargas contra la unidad militar y viviendas aledanas, dejando al menos tres civiles heridos y graves danos en la infraestructura del batallon; dias despues, mediante un video difundido en redes sociales, el frente manuel vazquez castano del eln se atribuyo la accion terrorista como represalia por operaciones militares en el norte de boyaca.",eln,Activacion de artefacto explosivo,Boyacá,Tunja,98,Ninguna,True,Tunja - Boyacá,{},Ninguno
19538,2025-11-16,el tiempo,Ciénaga,Magdalena,Caribe,True,False,Urbana,Acciones de los grupos armados al margen de la ley,Ataque a poblacion,Ataque a infraestructura y bienes civiles,True,otro grupo armado ilegal,clan del golfo,3," en la noche del 15 de noviembre de 2025, en un bar ubicado sobre la carrera 11 con calle 19, junto a la troncal del caribe, en el municipio de cienaga, departamento del magdalena, al menos cuatro sicarios que llegaron en dos motocicletas ingresaron a un estadero y dispararon de forma indiscriminada contra cinco hombres que compartian en una mesa, ataque que dejo tres personas muertas y dos heridas, y en el lugar fue dejado un panfleto con el mensaje “aca mandamos nosotros. cero golfo. katerine y negrito vamos por ti”, hecho que las autoridades asocian a la disputa entre el clan del golfo y las autodefensas conquistadoras de la sierra nevada por el control del microtrafico y las rentas ilegales en la region.",otro grupo armado ilegal,Ataque a poblacion,Magdalena,Ciénaga,124,Ninguna,False,Ciénaga - Magdalena,{},Ninguno
19539,2025-11-16,w radio,Santiago De Cali,Valle Del Cauca,Pacífico,False,False,Urbana,Acciones de los grupos armados al margen de la ley,Ataque a instalaciones de la fuerza publica,Ataques contra la fuerza publica,True,,,2," el 16 de noviembre de 2025, en el barrio industrial los mangos de cali, departamento del valle del cauca, fue lanzado un artefacto explosivo contra la sede de rcn, causando unicamente danos materiales y sin dejar personas lesionadas, un dia despues de que otro artefacto hubiera sido dejado en el mismo sector sin detonar; adicionalmente, en la noche del 15 de noviembre, frente a la estacion de policia los mangos en el oriente de la ciudad, un artefacto explosivo fue lanzado desde un vehiculo en movimiento, ataque que dejo cuatro personas lesionadas, entre ellas dos policias y dos civiles, todos con heridas leves.",no identificado,Ataque a instalaciones de la fuerza publica,Valle Del Cauca,Santiago De Cali,103,Ninguna,False,Santiago De Cali - Valle Del Cauca,{},Ninguno
19534,2025-11-15,el tiempo,Santander De Quilichao,Cauca,Pacífico,True,False,Rural,Acciones de los grupos armados al margen de la ley,Hostigamiento,Ataques contra la fuerza publica,True,disidencias de las farc,frente jaime martinez,0," en la madrugada del 15 de noviembre de 2025, en el corregimiento de mondomo, municipio de santander de quilichao, departamento del cauca, al menos 200 presuntos integrantes de la estructura jaime martinez de las disidencias de las farc atacaron la subestacion de policia con explosivos lanzados desde drones y rafagas de fusil durante mas de 40 minutos, detonando cargas alrededor de la estacion, estremeciendo viviendas y comercios cercanos, obligando al cierre de la via panamericana y al confinamiento total de la poblacion, en el marco de una escalada de acciones coordinadas en el departamento.",disidencias de las farc,Hostigamiento,Cauca,Santander De Quilichao,94,Ninguna,False,Santander De Quilichao - Cauca,"{""Humanitario"": ""Negativo""}",Humanitario
19535,2025-11-15,la fm,Balboa,Cauca,Pacífico,True,False,Rural,Acciones de los grupos armados al margen de la ley,Hostigamiento,Ataques contra la fuerza publica,True,disidencias de las farc,frente carlos patino,5,"el 14 de noviembre de 2025, en el sector de guadualito, zona rural del municipio de balboa, departamento del cauca, integrantes del frente carlos patino de las disidencias de las farc hostigaron a tropas del ejercito nacional que adelantaban operaciones ofensivas de control territorial, generando fuertes combates que dejaron cinco militares lesionados (tres soldados profesionales heridos y dos mas con lesiones) y el secuestro del soldado profesional victor hugo yepes garcia, cuyo paradero es desconocido, hecho que la institucion califico como una grave violacion de los derechos humanos y del derecho internacional humanitario.",disidencias de las farc,Hostigamiento,Cauca,Balboa,93,Extorsión,False,Balboa - Cauca,"{""Agropecuario"": ""Negativo"", ""Humanitario"": ""Negativo""}","Agropecuario, Humanitario"
19536,2025-11-15,diario occidente,Piendamó - Tunía,Cauca,Pacífico,True,False,Rural,Acciones de los grupos armados al margen de la ley,Activacion de artefacto explosivo,Ataque a infraestructura y bienes civiles,True,disidencias de las farc,ala mordisco,0,"el 15 de noviembre, sobre la via panamericana en el departamento del cauca, se presentaron dos hechos de violencia: en el corregimiento de tunia, municipio de piendamo, un vehiculo cargado con explosivos detono cerca de la carretera en el corredor que conecta popayan con cali, en la misma zona donde dias antes se registro un atentado contra el senador temistocles ortega; y en el corregimiento de parraga, jurisdiccion de rosas, presuntos integrantes del frente carlos patino de las disidencias de las farc instalaron un reten armado, atravesaron vehiculos para bloquear totalmente el paso y dispararon contra las llantas de camiones, marcando algunos automotores con las siglas de dicha estructura, generando terror entre conductores y viajeros",disidencias de las farc,Activacion de artefacto explosivo,Cauca,Piendamó - Tunía,115,Ninguna,False,Piendamó - Tunía - Cauca,{},Ninguno
19537,2025-11-15,el heraldo,Sipí,Chocó,Pacífico,True,False,Rural,Acciones de los grupos armados al margen de la ley,Enfrentamiento,Enfrentamientos,True,"eln, otro grupo armado ilegal",clan del golfo,0,": entre el 11 y el 14 de noviembre de 2025, en la cuenca media del rio san juan, zona rural del municipio de sipi, departamento del choco, se registraron enfrentamientos armados entre el eln y el clan del golfo que obligaron a varias familias de las comunidades de buenas brisas y san agustin a desplazarse en medio de breves pausas en los combates, mientras otras quedaron confinadas por temor al fuego cruzado y a la posible instalacion de artefactos explosivos, situacion que llevo a la gobernacion a declarar alerta humanitaria para esta subregion.","eln, otro grupo armado ilegal",Enfrentamiento,Chocó,Sipí,94,Ninguna,False,Sipí - Chocó,"{""Agropecuario"": ""Negativo"", ""Ambiental"": ""Negativo""}","Agropecuario, Ambiental"
19532,2025-11-14,caracol,Tibú,Norte De Santander,Andina,True,True,Rural,Acciones de la fuerza publica y otros servidores publicos,Combate,Acciones de la fuerza publica,True,disidencias de las farc,frente 33,1," el 13 de noviembre de 2025, en zona rural del municipio de tibu, departamento de norte de santander, en el corredor fronterizo del catatumbo, tropas del batallon de operaciones terrestres n.º 11 sostuvieron enfrentamientos armados en el marco de operaciones ofensivas contra integrantes de la estructura 33 del estado mayor central de las disidencias de las farc, combate en el que fue asesinado el soldado profesional andres miguel garcia montes mientras cumplia labores operacionales en una zona donde se han intensificado las acciones criminales en las ultimas semanas.",disidencias de las farc,Combate,Norte De Santander,Tibú,88,Ninguna,False,Tibú - Norte De Santander,"{""Agropecuario"": ""Negativo""}",Agropecuario
19533,2025-11-14,caracol,San José De Cúcuta,Norte De Santander,Andina,False,False,Urbana,Acciones de la fuerza publica y otros servidores publicos,Combate,Acciones de la fuerza publica,True,,,2," el 13 de noviembre de 2025, en el barrio el contento, en pleno centro de cucuta, departamento de norte de santander, durante un operativo del gaula y el goes de la policia en una vivienda de la avenida 10 con calle 15 donde se escondian presuntos integrantes de una oficina de cobro vinculada a recientes homicidios, los uniformados fueron recibidos a disparos, lo que desato un intercambio de fuego que dejo a un presunto delincuente abatido, al intendente jefe ronald alexander rincon roman del gaula mecuc herido en la cabeza, y a otro hombre capturado, ademas de la incautacion de un revolver, vainillas de fusil y pistola y dosis de estupefacientes.",no identificado,Combate,Norte De Santander,San José De Cúcuta,111,Ninguna,False,San José De Cúcuta - Norte De Santander,{},Ninguno
19527,2025-11-13,el tiempo,Timbío,Cauca,Pacífico,False,False,Urbana,Acciones de los grupos armados al margen de la ley,Hostigamiento,Ataques contra la fuerza publica,True,,,0,"el 13 de noviembre de 2025, en el casco urbano del municipio de timbio, departamento del cauca, grupos armados ilegales realizaron un ataque con un dron cargado con explosivos que provoco dos detonaciones cerca de la estacion de policia, generando panico entre la poblacion y causando danos en al menos una vivienda y algunos locales aledanos, sin que se reportaran heridos ni victimas mortales.",no identificado,Hostigamiento,Cauca,Timbío,64,Ninguna,False,Timbío - Cauca,{},Ninguno
19529,2025-11-13,rcn,Rosas,Cauca,Pacífico,False,True,Rural,Acciones de los grupos armados al margen de la ley,Reten ilegal,Otra,False,disidencias de las farc,frente carlos patino,0,"en la manana del 13 de noviembre de 2025, en el corregimiento de parraga, jurisdiccion del municipio de rosas, departamento del cauca, presuntos integrantes de las disidencias del frente carlos patino instalaron un reten ilegal sobre la via panamericana que comunica popayan con pasto, obligando a varios conductores a detenerse, atravesando vehiculos para bloquear completamente la carretera y disparando contra las llantas de camiones, algunos de los cuales fueron marcados con mensajes alusivos al frente carlos patino, lo que genero temor entre transportadores y viajeros aunque sin reporte de heridos.",disidencias de las farc,Reten ilegal,Cauca,Rosas,90,Ninguna,False,Rosas - Cauca,{},Ninguno
19531,2025-11-13,el tiempo,Leiva,Nariño,Pacífico,True,False,Urbana,Acciones de los grupos armados al margen de la ley,Hostigamiento,Ataques contra la fuerza publica,True,disidencias de las farc,frente franco benavides,0,": el 13 de noviembre de 2025, en el casco urbano del municipio de leiva, departamento de narino, presuntos integrantes de la columna franco benavides de las disidencias de las farc atacaron durante mas de cinco horas la estacion de policia con fusiles y explosivos, incluyendo artefactos lanzados desde drones, accion que dejo a unos 20 policias resistiendo el hostigamiento, afecto un hogar infantil y provoco el confinamiento de mas de 5.000 habitantes, sin que se reportaran uniformados muertos y con al menos un disidente muerto y otros heridos en los combates posteriores.",disidencias de las farc,Hostigamiento,Nariño,Leiva,93,Ninguna,False,Leiva - Nariño,"{""Humanitario"": ""Negativo""}",Humanitario
19522,2025-11-12,el tiempo,Padilla,Cauca,Pacífico,False,False,Urbana,Acciones de los grupos armados al margen de la ley,Hostigamiento,Ataques contra la fuerza publica,True,disidencias de las farc,frente dagoberto ramos,0," en la manana del 12 de noviembre de 2025, en el casco urbano del municipio de padilla, en el norte del departamento del cauca, tres presuntos integrantes de la estructura dagoberto ramos de las disidencias de las farc llegaron en una camioneta a una panaderia ubicada a pocos metros de la estacion de policia y, camuflados entre civiles, se atrincheraron dentro del local desde donde dispararon con fusiles contra los uniformados.",disidencias de las farc,Hostigamiento,Cauca,Padilla,71,Ninguna,True,Padilla - Cauca,{},Ninguno
19525,2025-11-12,el pais,Caloto,Cauca,Pacífico,True,False,,Acciones de los grupos armados al margen de la ley,Ataque a instalaciones de la fuerza publica,Ataques contra la fuerza publica,True,disidencias de las farc,frente dagoberto ramos,0," el 11 de noviembre de 2025, en el municipio de caloto, departamento del cauca, integrantes del frente dagoberto ramos de las disidencias de las farc atacaron por varias horas a los policias de la estacion local con armas de fuego y ubicaron cilindros al parecer cargados con explosivos en varias vias del municipio, aumentando el temor y el confinamiento de la poblacion civil, sin que se reportaran heridos ni muertos.",disidencias de las farc,Ataque a instalaciones de la fuerza publica,Cauca,Caloto,70,Ninguna,True,Caloto - Cauca,"{""Humanitario"": ""Negativo""}",Humanitario
19528,2025-11-12,el pais,Patía,Cauca,Pacífico,True,False,Rural,Acciones de los grupos armados al margen de la ley,Emboscada,Ataques contra la fuerza publica,True,disidencias de las farc,frente carlos patino,2," el 12 de noviembre de 2025, en la vereda san pedro, zona rural del municipio de patia, cerca al area urbana de el bordo en el departamento del cauca, integrantes del frente carlos patino de las disidencias de las farc hostigaron con explosivos y rafagas de fusil a soldados que patrullaban el sector, generando una confrontacion de mas de tres horas en dos puntos de la zona rural y desarrollada en medio de la poblacion civil y de los conductores que transitaban por la via del sur del cauca, lo que dejo heridos a los soldados profesionales andres camilo chantre, deiby darwin marroquin y luis angel zuniga.",disidencias de las farc,Emboscada,Cauca,Patía,107,Ninguna,False,Patía - Cauca,"{""Agropecuario"": ""Negativo""}",Agropecuario
19523,2025-11-11,el pais,El Peñol,Nariño,Pacífico,False,False,Urbana,Acciones de los grupos armados al margen de la ley,Hostigamiento,Ataques contra la fuerza publica,True,disidencias de las farc,franco benavides,2," el 11 de noviembre de 2025, en el casco urbano del municipio de el penol, departamento de narino, disidencias de las farc atacaron la estacion de policia con fusiles y explosivos lanzados desde drones, ataque que dejo dos uniformados heridos y obligo a la reaccion de la fuerza publica para restablecer el orden.",disidencias de las farc,Hostigamiento,Nariño,El Peñol,53,Ninguna,False,El Peñol - Nariño,{},Ninguno
19524,2025-11-11,el pais,Suárez,Cauca,Pacífico,True,False,Rural,Acciones de los grupos armados al margen de la ley,Hostigamiento,Ataques contra la fuerza publica,True,,,0," el 11 de noviembre de 2025, en zona rural del municipio de suarez, departamento del cauca, disidencias de las farc atacaron durante varias horas a unidades del ejercito y la policia con explosivos lanzados desde drones y rafagas de fusil en distintos puntos, generando combates y dejando a comunidades indigenas y campesinas atrapadas por el fuego cruzado, sin que se reportaran heridos ni muertos.",no identificado,Hostigamiento,Cauca,Suárez,64,Ninguna,False,Suárez - Cauca,"{""Agropecuario"": ""Negativo""}",Agropecuario
19526,2025-11-11,el pais,Corinto,Cauca,Pacífico,True,False,Rural,Acciones de los grupos armados al margen de la ley,Hostigamiento,Ataques contra la fuerza publica,True,disidencias de las farc,frente dagorberto ramos,0," el 11 de noviembre de 2025, en el sector el cementerio del municipio de corinto, departamento del cauca, integrantes del frente dagoberto ramos de las disidencias de las farc lanzaron explosivos contra una patrulla del ejercito que se movilizaba por la zona, en un contexto de presencia prolongada de esa estructura armada en el norte del cauca, sin que se reportaran heridos ni victimas mortales.",disidencias de las farc,Hostigamiento,Cauca,Corinto,65,Ninguna,False,Corinto - Cauca,{},Ninguno
19520,2025-11-10,eltiempo,Jamundí,Valle Del Cauca,Pacífico,False,False,Rural,Acciones de los grupos armados al margen de la ley,Hostigamiento,Ataques contra la fuerza publica,True,disidencias de las farc,frente jaime martinez,0," en la manana del 10 de noviembre de 2025, en el corregimiento de robles, zona rural del municipio de jamundi, departamento del valle del cauca, se registro un nuevo ataque armado en el que presuntos integrantes del frente jaime martinez de las disidencias de las farc lanzaron granadas contra la subestacion de policia, atentado que no dejo heridos pero si danos estructurales en la instalacion y reactivo el confinamiento y el miedo de la poblacion, que viene sufriendo una escalada de hostigamientos y ataques con explosivos y drones contra la fuerza publica.",disidencias de las farc,Hostigamiento,Valle Del Cauca,Jamundí,92,Ninguna,False,Jamundí - Valle Del Cauca,"{""Agropecuario"": ""Negativo"", ""Humanitario"": ""Negativo""}","Agropecuario, Humanitario"
19521,2025-11-10,caracol,Calamar,Guaviare,Amazonia,True,True,Urbana,Acciones de la fuerza publica y otros servidores publicos,Bombardeo,Acciones de la fuerza publica,True,disidencias de las farc,ala mordisco,10,"el 10 de noviembre, en zona selvatica cercana al municipio de calamar, departamento del guaviare, el presidente gustavo petro anuncio que ordeno el bombardeo y la “disolucion militar” de un frente de las disidencias de las farc bajo el mando de alias ivan mordisco, operacion en la que la fuerza aeroespacial colombiana realizo un bombardeo contra un campamento de esta estructura narcoterrorista que dejo al menos 20 muertos, entre ellos posiblemente alias pescador.",disidencias de las farc,Bombardeo,Guaviare,Calamar,73,Ninguna,False,Calamar - Guaviare,{},Ninguno
19518,2025-11-06,caracol,San Pablo,Bolívar,Caribe,True,True,Rural,Acciones de los grupos armados al margen de la ley,Ataque a poblacion,Ataque a infraestructura y bienes civiles,True,eln,,3,"en la noche del 6 de noviembre de 2025, en la vereda el jardin de la zona rural del municipio de san pablo, departamento de bolivar, presuntos integrantes del eln incursionaron armados en una mina de oro ilegal y realizaron disparos indiscriminados contra los trabajadores, ataque que dejo tres hombres muertos, destruyo maquinaria amarilla y genero el desplazamiento de la comunidad minera en un contexto de disputa con el clan del golfo por el control de la explotacion aurifera y los corredores de la serrania de san lucas.",eln,Ataque a poblacion,Bolívar,San Pablo,88,Minería,False,San Pablo - Bolívar,"{""Minero"": ""Negativo"", ""Agropecuario"": ""Negativo"", ""Humanitario"": ""Negativo""}","Minero, Agropecuario, Humanitario"
19519,2025-11-06,caracol,El Bagre,Antioquia,Andina,True,False,Rural,Acciones de los grupos armados al margen de la ley,Enfrentamiento,Enfrentamientos,True,"otro grupo armado ilegal, disidencias de las farc",clan del golfo,0,"descripcion del hecho: el 6 de noviembre de 2025, en la vereda socorro de la finca la orqueta, jurisdiccion del corregimiento puerto lopez, zona rural del municipio de el bagre, departamento de antioquia, se registraron fuertes combates entre integrantes del clan del golfo y un grupo guerrillero, al parecer disidencias de las farc, durante los cuales miembros del clan del golfo incendiaron una casa finca habitada por una familia campesina cuyo paradero se desconoce.","otro grupo armado ilegal, disidencias de las farc",Enfrentamiento,Antioquia,El Bagre,74,Ninguna,True,El Bagre - Antioquia,"{""Agropecuario"": ""Negativo""}",Agropecuario
19517,2025-11-05,canal tro,Barbosa,Antioquia,Andina,False,False,Rural,Acciones de la fuerza publica y otros servidores publicos,Combate,Acciones de la fuerza publica,True,disidencias de las farc,frente 36,3,"el 5 de noviembre, en zona rural del municipio de barbosa, departamento de antioquia, en el marco de un operativo judicial de la policia nacional y la fiscalia, se produjo un enfrentamiento armado en una finca donde fueron abatidos tres presuntos integrantes del frente 36 de las disidencias de las farc, entre ellos samuel alexis sanchez, alias mano tigre, senalado explosivista vinculado al ataque con explosivos contra un helicoptero de la policia en la vereda los toros de amalfi, y en el lugar se incautaron armas de fuego y material para la fabricacion de artefactos explosivos.",disidencias de las farc,Combate,Antioquia,Barbosa,96,Ninguna,True,Barbosa - Antioquia,"{""Agropecuario"": ""Negativo""}",Agropecuario
19514,2025-11-03,el tiempo,Ocaña,Norte De Santander,Andina,False,False,Rural,Acciones de la fuerza publica y otros servidores publicos,Combate,Acciones de la fuerza publica,True,eln,frente carlos armando cacua,1,"el 3 de noviembre de 2025, en la vereda aguas claras, zona rural del municipio de ocana, departamento de norte de santander, tropas del ejercito nacional, en coordinacion con la policia y la fiscalia, desarrollaron una operacion militar en el marco de la operacion catatumbo en la que fue dado de baja henry amaya ramirez, alias gerson, explosivista, francotirador y operador de drones del frente carlos armando cacua guerrero del eln, senalado de ataques con drones contra unidades militares en el carmen y de homicidios de comandantes de policia en san calixto y teorama, ademas de otros hechos violentos en la region.",eln,Combate,Norte De Santander,Ocaña,102,Ninguna,False,Ocaña - Norte De Santander,"{""Agropecuario"": ""Negativo""}",Agropecuario
19516,2025-11-03,blu radio,Suárez,Cauca,Pacífico,True,False,Urbana,Acciones de los grupos armados al margen de la ley,Ataque a instalaciones de la fuerza publica,Ataques contra la fuerza publica,True,,,6,"descripcion del hecho: en la madrugada del lunes festivo 3 de noviembre de 2025, en el barrio villa flor del casco urbano del municipio de suarez, departamento del cauca, exploto un carro bomba muy cerca de la estacion de policia, atentado que dejo dos personas muertas y al menos cuatro heridas, la mayoria civiles, ademas de graves danos en decenas de viviendas y locales comerciales de la zona",no identificado,Ataque a instalaciones de la fuerza publica,Cauca,Suárez,68,Ninguna,False,Suárez - Cauca,{},Ninguno
19515,2025-11-02,caracol,Ocaña,Norte De Santander,Andina,False,False,Rural,Acciones de los grupos armados al margen de la ley,Hostigamiento,Ataques contra la fuerza publica,True,,,0,"en la madrugada del 3 de noviembre de 2025, en el corregimiento de otare, zona rural del municipio de ocana, departamento de norte de santander, un grupo armado ataco la subestacion de policia lanzando dos explosivos de alto poder y realizando multiples disparos, lo que provoco danos en la infraestructura policial y en algunas viviendas cercanas, sin dejar uniformados ni civiles heridos, en un contexto de presencia del eln y disidencias del frente 33 de las farc en la zona.",no identificado,Hostigamiento,Norte De Santander,Ocaña,80,Ninguna,True,Ocaña - Norte De Santander,"{""Agropecuario"": ""Negativo""}",Agropecuario
19511,2025-11-01,la fm,Patía,Cauca,Pacífico,True,False,Rural,Acciones de los grupos armados al margen de la ley,Hostigamiento,Ataques contra la fuerza publica,True,disidencias de las farc,frente carlos patino,10,"el 1 de noviembre, en el municipio de el patia, departamento del cauca, se reporto un atentado de las disidencias de las farc del frente carlos patino contra una tropa del ejercito nacional que dejo un soldado muerto y diez heridos, quienes son atendidos en un centro medico de cali, hecho por el cual el ministro de defensa responsabilizo a alias zamora y anuncio una recompensa de 500 millones de pesos.",disidencias de las farc,Hostigamiento,Cauca,Patía,71,Ninguna,False,Patía - Cauca,{},Ninguno
19508,2025-10-31,el espectador,Ábrego,Norte De Santander,Andina,False,False,Rural,Acciones de la fuerza publica y otros servidores publicos,Combate,Acciones de la fuerza publica,True,disidencias de las farc,frente 33,0,"el 31 de octubre de 2025, en la vereda brisas del tarrita, via nacional 70 (kilometro 43), municipio de abrego (norte de santander), tropas del ejercito nacional adscritas al batallon de infanteria n.º 15 de la trigesima brigada impidieron un intento de secuestro llevado a cabo por presuntos integrantes de la estructura 33 de las disidencias de las farc, quienes pretendian retener por la fuerza a un civil que transitaba por el sector. durante el enfrentamiento, los sujetos huyeron en medio del combate y se incautaron tres armas cortas, municion de diversos calibres y dos motocicletas.",disidencias de las farc,Combate,Norte De Santander,Ábrego,96,Extorsión,False,Ábrego - Norte De Santander,{},Ninguno
19510,2025-10-31,el pais,Santiago De Cali,Valle Del Cauca,Pacífico,False,False,Rural,Acciones de la fuerza publica y otros servidores publicos,Combate,Acciones de la fuerza publica,True,disidencias de las farc,frente jaime martinez,0,"alrededor del 31 de octubre de 2025, tropas del batallon de alta montana no. 3 del ejercito nacional sostuvieron un enfrentamiento armado con presuntos integrantes del grupo armado organizado residual jaime martinez en la vereda la castilla, zona rural de cali. los disidentes buscaban reforzar su presencia criminal en la region. la accion militar culmino con un presunto integrante muerto y tres capturados. se incautaron armas, municion, material de intendencia y equipos de comunicacion. las tropas mantienen presencia para evitar nuevos enfrentamientos.",disidencias de las farc,Combate,Valle Del Cauca,Santiago De Cali,82,Ninguna,False,Santiago De Cali - Valle Del Cauca,"{""Agropecuario"": ""Negativo""}",Agropecuario
19512,2025-10-31,el espectador,Jamundí,Valle Del Cauca,Pacífico,False,False,Rural,Acciones de la fuerza publica y otros servidores publicos,Ataque a instalaciones de la fuerza publica,Ataques contra la fuerza publica,True,,,0,"el 31 de octubre de 2025, en el corregimiento de robles del municipio de jamundi, departamento del valle del cauca, fue atacada la estacion de policia mediante el uso de drones cargados con explosivos, lo que produjo unicamente danos materiales sin dejar civiles ni uniformados heridos, hecho que fue confirmado por la alcaldia municipal.",no identificado,Ataque a instalaciones de la fuerza publica,Valle Del Cauca,Jamundí,54,Ninguna,False,Jamundí - Valle Del Cauca,{},Ninguno
19513,2025-10-31,la fm,Santiago De Cali,Valle Del Cauca,Pacífico,False,False,Rural,Acciones de la fuerza publica y otros servidores publicos,Combate,Acciones de la fuerza publica,True,disidencias de las farc,frente jaime martinez,1," el 31 de octubre de 2025, en el corregimiento de la castilla, zona rural de cali, departamento del valle del cauca, tropas del ejercito nacional sostuvieron combates contra integrantes del grupo armado organizado residual jaime martinez que dejaron un presunto miembro de esa estructura muerto, tres capturados e incautacion de armas, municiones, material de intendencia y comunicaciones, en el marco de una operacion que buscaba frenar el avance de este actor ilegal hacia dagua y otros puntos del valle del cauca.",disidencias de las farc,Combate,Valle Del Cauca,Santiago De Cali,81,Ninguna,False,Santiago De Cali - Valle Del Cauca,"{""Agropecuario"": ""Negativo""}",Agropecuario
19505,2025-10-30,el tiempo,Patía,Cauca,Pacífico,True,False,Rural,Acciones de los grupos armados al margen de la ley,Emboscada,Ataques contra la fuerza publica,True,disidencias de las farc,frente carlos patino,6,"el 30 de octubre de 2025, en la via popayan–el estrecho, municipio de el patia (cauca), tropas motorizadas del ejercito nacional de colombia fueron victimas de un ataque con un artefacto explosivo improvisado atribuido al frente carlos patino de las disidencias de las farc‑ep. el artefacto estallo al paso del convoy, provocando la muerte del soldado profesional johan cuellar gaitan y heridas a otros cinco miembros de la fuerza publica.",disidencias de las farc,Emboscada,Cauca,Patía,70,Ninguna,False,Patía - Cauca,{},Ninguno
19507,2025-10-30,la fm,Barbosa,Antioquia,Andina,False,False,Rural,Acciones de la fuerza publica y otros servidores publicos,Combate,Acciones de la fuerza publica,True,disidencias de las farc,frente 36,3,"el 30 de octubre de 2025, en una finca ubicada en la zona rural del municipio de barbosa (antioquia), unidades de la policia nacional desarrollaron un operativo que dejo tres hombres abatidos del frente 36 de las disidencias de las farc , entre ellos alias “mano tigre”, presunto explosivista vinculado al atentado contra un helicoptero de la policia en el municipio de amalfi, donde murieron 13 uniformados.",disidencias de las farc,Combate,Antioquia,Barbosa,67,Ninguna,True,Barbosa - Antioquia,"{""Agropecuario"": ""Negativo""}",Agropecuario
19509,2025-10-30,ejercito nacional,Frontino,Antioquia,Andina,False,False,Rural,Acciones de la fuerza publica y otros servidores publicos,Combate,Acciones de la fuerza publica,True,otro grupo armado ilegal,clan del golfo,1,"el 30 de octubre de 2025, en el sector alto de cuevas, zona rural del municipio de frontino (antioquia), tropas de la cuarta brigada del ejercito nacional de colombia, en desarrollo de una operacion militar, neutralizaron a alias “miguelito” (tambien conocido como manuel o tilson), senalado cabecilla de la estructura subversiva de la subestructura “edwin roman velasquez valle” de la clan del golfo, con historial delictivo previo en otras organizaciones armadas. durante la accion se incautaron una pistola, tres proveedores, municion de varios calibres y dos telefonos celulares.",otro grupo armado ilegal,Combate,Antioquia,Frontino,88,Ninguna,False,Frontino - Antioquia,"{""Agropecuario"": ""Negativo""}",Agropecuario
19503,2025-10-29,el espectador,Argelia,Cauca,Pacífico,True,False,Rural,Acciones de los grupos armados al margen de la ley,Ataque a instalaciones de la fuerza publica,Ataques contra la fuerza publica,True,disidencias de las farc,frente carlos patino,5,"el 29 de octubre de 2025, en el corregimiento de el plateado, municipio de argelia (cauca), se registro un ataque con drones cargados de explosivos por parte de la estructura “frente carlos patino” de las disidencias de las farc, contra una base militar cercana a la escuela rural bello horizonte. el suceso dejo cinco personas heridas que resultaron con lesiones por esquirlas al caer uno de los artefactos en un aula de la escuela.",disidencias de las farc,Ataque a instalaciones de la fuerza publica,Cauca,Argelia,74,Ninguna,False,Argelia - Cauca,"{""Agropecuario"": ""Negativo""}",Agropecuario
19504,2025-10-29,la fm,Santiago De Cali,Valle Del Cauca,Pacífico,False,False,Urbana,Acciones de los grupos armados al margen de la ley,Enfrentamiento,Enfrentamientos,True,delincuencia comun,la 42; los del hueco,0,"el 29 de octubre de 2025, en el barrio mariano ramos, oriente de la ciudad de cali (valle del cauca), se presento una balacera producto de un enfrentamiento entre bandas de microtrafico identificadas como “la 42” y “los del hueco” durante la realizacion de un velorio en la carrera 46 con calle 48. el tiroteo dejo como saldo un menor de 16 anos muerto con dos impactos de bala y otro joven herido. las autoridades capturaron en el lugar a dos presuntos miembros de las estructuras y se incautaron seis armas de fuego que eran utilizadas por los implicados en la disputa.",delincuencia comun,Enfrentamiento,Valle Del Cauca,Santiago De Cali,102,Ninguna,False,Santiago De Cali - Valle Del Cauca,{},Ninguno
19506,2025-10-29,el espectador,Abriaquí,Antioquia,Andina,False,False,Rural,Acciones de la fuerza publica y otros servidores publicos,Combate,Acciones de la fuerza publica,True,otro grupo armado ilegal,clan del golfo,5,"el 29 de octubre de 2025, en la vereda potreros, zona rural del municipio de abriaqui (antioquia), tropas del ejercito nacional, en coordinacion con policia y fiscalia, sostuvieron combates con la subestructura “edwin roman velasquez valle” del clan del golfo. el enfrentamiento dejo como saldo al menos cinco presuntos integrantes de la organizacion muertos, dos capturados, y la recuperacion de un menor de edad que estaba en poder del grupo armado.",otro grupo armado ilegal,Combate,Antioquia,Abriaquí,71,Ninguna,False,Abriaquí - Antioquia,"{""Agropecuario"": ""Negativo""}",Agropecuario
19502,2025-10-27,el tiempo,El Bagre,Antioquia,Andina,True,False,Rural,Acciones de la fuerza publica y otros servidores publicos,Combate,Acciones de la fuerza publica,True,otro grupo armado ilegal,clan del golfo,3,"el 27 de octubre de 2025, en la zona rural del municipio de el bagre (antioquia), tropas del ejercito nacional de colombia llevaron a cabo una operacion militar ofensiva que permitio desmantelar una central de comunicaciones de la estructura criminal del clan del golfo. en la accion se registro la muerte de un presunto integrante del grupo armado. fueron decomisados dos fusiles calibre 5,56 mm, seis proveedores metalicos, casi mil cartuchos de diferentes calibres, ocho chalecos multiproposito y equipos de intendencia. ademas, el ejercito empleo apoyo de artilleria (proyectiles de 155 mm) y helicoptero para suministro logistico.",otro grupo armado ilegal,Combate,Antioquia,El Bagre,97,Ninguna,False,El Bagre - Antioquia,"{""Agropecuario"": ""Negativo""}",Agropecuario
19498,2025-10-26,mioriente,El Carmen De Viboral,Antioquia,Andina,False,False,Rural,Acciones de los grupos armados al margen de la ley,Enfrentamiento,Enfrentamientos,True,,,5,"el 26 de octubre de 2025, en una zona boscosa contigua al barrio bosques de la cimarrona, municipio de el carmen de viboral (antioquia), se registro un enfrentamiento armado entre bandas criminales que operan en la region. en el ataque murio un hombre y resultaron cuatro personas heridas, varias de ellas de gravedad. uno de los heridos manifesto que el hecho habria sido producto de una disputa entre bandas.",no identificado,Enfrentamiento,Antioquia,El Carmen De Viboral,69,Ninguna,False,El Carmen De Viboral - Antioquia,{},Ninguno
19499,2025-10-26,caracol radio,Briceño,Antioquia,Andina,True,True,Rural,Acciones de los grupos armados al margen de la ley,Enfrentamiento,Enfrentamientos,True,"otro grupo armado ilegal, disidencias de las farc",frente 36; clan del golfo,0,"el 26 de octubre de 2025, en la zona rural del municipio de briceno (antioquia), tropas de la cuarta brigada del ejercito nacional ingresaron para reforzar la presencia estatal luego de intensos enfrentamientos entre el clan del golfo y el frente 36 de las disidencias de las farc, los cuales provocaron el desplazamiento de al menos 2.200 campesinos. las labores de la fuerza publica se desarrollan bajo estrictas medidas de seguridad debido a la presencia de minas antipersona y artefactos explosivos colocados por los grupos armados ilegales en rutas de acceso. ademas, la gobernacion de antioquia denuncio que el estado nacional no habia respondido a cuatro oficios solicitando ayuda para garantias de la poblacion desplazada.","otro grupo armado ilegal, disidencias de las farc",Enfrentamiento,Antioquia,Briceño,115,Ninguna,False,Briceño - Antioquia,"{""Agropecuario"": ""Negativo"", ""Humanitario"": ""Negativo""}","Agropecuario, Humanitario"
19500,2025-10-26,el tiempo,Suárez,Cauca,Pacífico,True,False,Rural,Acciones de la fuerza publica y otros servidores publicos,Combate,Acciones de la fuerza publica,True,disidencias de las farc,,2,"el 26 de octubre de 2025, en zona rural del municipio de suarez (cauca), tropas del ejercito nacional sostuvieron un enfrentamiento armado con un grupo armado ilegal, durante el desarrollo de la jornada electoral. producto del combate resulto herido un soldado y fue abatido un presunto integrante del grupo insurgente. el hecho no afecto el proceso de votacion en la zona.",disidencias de las farc,Combate,Cauca,Suárez,61,Ninguna,False,Suárez - Cauca,"{""Agropecuario"": ""Negativo""}",Agropecuario
19501,2025-10-26,el tiempo,Yondó,Antioquia,Andina,True,False,Rural,Acciones de los grupos armados al margen de la ley,Enfrentamiento,Enfrentamientos,True,"eln, otro grupo armado ilegal",clan del golfo,0,"el 26 de octubre de 2025, en zona rural del municipio de yondo (antioquia), se registraron combates entre integrantes del eln y del clan del golfo. los enfrentamientos se dieron en medio de la jornada electoral y no afectaron el desarrollo de los comicios. las autoridades militares reforzaron el control territorial tras el cruce de fuego entre los grupos armados.","eln, otro grupo armado ilegal",Enfrentamiento,Antioquia,Yondó,60,Ninguna,False,Yondó - Antioquia,"{""Agropecuario"": ""Negativo""}",Agropecuario
19495,2025-10-25,blu radio,Yarumal,Antioquia,Andina,False,False,Rural,Acciones de los grupos armados al margen de la ley,Hostigamiento,Ataques contra la fuerza publica,True,disidencias de las farc,frente 36,0,"el 25 de octubre de 2025, en la vereda ventanas, municipio de yarumal (antioquia), un reten del ejercito nacional fue atacado por presuntos miembros de las disidencias de las farc (estructura frente 36) desde una camioneta que abrio fuego contra las tropas apostadas. tras el enfrentamiento, los agresores huyeron abandonando el vehiculo, en el cual se hallo documentacion y un telefono que serviran para futuras investigaciones. ademas, en la misma zona las autoridades desmontaron una valla alusiva a la estructura y hallaron un deposito de armas y municion.",disidencias de las farc,Hostigamiento,Antioquia,Yarumal,88,Ninguna,False,Yarumal - Antioquia,{},Ninguno
19497,2025-10-25,caracol radio,Sipí,Chocó,Pacífico,True,False,Rural,Acciones de los grupos armados al margen de la ley,Hostigamiento,Ataques contra la fuerza publica,True,eln,,0,"el 25 de octubre de 2025, en la zona rural del municipio de sipi (choco), tropas del batallon de operaciones terrestres n.º 25 de la brigada 15 del ejercito nacional fueron atacadas con drones cargados de explosivos mientras desarrollaban labores de seguridad en su base militar. el ataque fue atribuido al frente “ernesto che guevara” del ejercito de liberacion nacional (eln), que empleo esta modalidad para afectar las tropas destacadas y el control territorial en la region. no se registraron heridos ni danos materiales en las instalaciones militares.",eln,Hostigamiento,Chocó,Sipí,88,Ninguna,False,Sipí - Chocó,"{""Agropecuario"": ""Negativo""}",Agropecuario
19496,2025-10-24,el espectador,Puerto Rondón,Arauca,Orinoquía,False,False,Rural,Acciones de los grupos armados al margen de la ley,Enfrentamiento,Enfrentamientos,True,"eln, disidencias de las farc","frentes 10, 28 y 45 del comando conjunto de oriente de las disidencias de las farc-ep; frente de guerra oriental del eln",0,"el 24 de octubre de 2025, en la vereda el perocero, zona rural del municipio de puerto rondon (arauca), se registraron intensos enfrentamientos entre miembros de los frentes 10, 28 y 45 del comando conjunto de oriente de las disidencias de las farc‑ep y tropas del ejercito de liberacion nacional (eln). el combate provoco que unas 35 familias permanecieran confinadas y se vieron obligadas a circular con banderas blancas para tratar de salir del fuego cruzado y conseguir alimentos. asimismo, en las veredas el ripial y maporal, unas 29 familias se encuentran tambien en grave riesgo de confinamiento. la defensoria del pueblo advirtio que la situacion constituye una infraccion al derecho internacional humanitario porque los grupos no mantienen distincion entre combatientes y poblacion civil.","eln, disidencias de las farc",Enfrentamiento,Arauca,Puerto Rondón,124,Ninguna,False,Puerto Rondón - Arauca,"{""Agropecuario"": ""Negativo"", ""Humanitario"": ""Negativo""}","Agropecuario, Humanitario"
19494,2025-10-23,el espectador,"Bogotá, D.C.",Cundinamarca,Andina,False,False,Urbana,Acciones de la fuerza publica y otros servidores publicos,Combate,Acciones de la fuerza publica,True,,,3,"el 23 de octubre de 2025, en el barrio mazuren, localidad de suba (bogota d.c.), sobre la interseccion de la carrera 55 con la calle 151, se desarrollaba un operativo de captura por parte del gaula militar cundinamarca del ejercito nacional cuando el sospechoso, al verse acorralado, acciono su arma desde el vehiculo en que se hallaba, abriendo fuego contra los uniformados. durante el intercambio de disparos resultaron heridos tres militares: dos con impactos en las piernas y uno en el abdomen. el agresor fue capturado en el lugar.",no identificado,Combate,Cundinamarca,"Bogotá, D.C.",89,Ninguna,False,"Bogotá, D.C. - Cundinamarca",{},Ninguno
19492,2025-10-22,hoy diario del magdalena,Pedraza,Magdalena,Caribe,False,False,Rural,Acciones de la fuerza publica y otros servidores publicos,Combate,Acciones de la fuerza publica,True,otro grupo armado ilegal,clan del golfo,1,"el 22 de octubre de 2025, en el corregimiento de bomba, municipio de pedraza (magdalena), unidades especiales de la policia nacional de colombia, con apoyo de los comandos jungla y helicopteros, efectuaron un operativo contra la subestructura “sergio antonio carrascal gomez” del clan del golfo. como resultado del operativo se logro abatir a un presunto integrante de la estructura y capturar en flagrancia a dos mas, quienes estaban vinculados con actividades de extorsion y narcotrafico. tambien se incautaron armas, municion y equipos de comunicacion",otro grupo armado ilegal,Combate,Magdalena,Pedraza,84,Extorsión,False,Pedraza - Magdalena,{},Ninguno
19493,2025-10-22,seguimiento,Briceño,Antioquia,Andina,True,True,Rural,Acciones de la fuerza publica y otros servidores publicos,Enfrentamiento,Enfrentamientos,True,"otro grupo armado ilegal, disidencias de las farc",clan del golfo,0,"22 de octubre de 2025, en varios municipios del departamento de antioquia —especificamente en briceno, taraza, anori, valdivia y el bagre— se registraron intensos enfrentamientos entre grupos armados ilegales, identificados como clan del golfo y disidencias de fuerzas armadas revolucionarias de colombia – ejercito del pueblo (farc-ep), lo que genero el desplazamiento forzado de al menos 2.500 personas. las comunidades se vieron obligadas a salir de sus fincas y zonas rurales ante la escalada del conflicto y la imposicion de control territorial por parte de los grupos armados.","otro grupo armado ilegal, disidencias de las farc",Enfrentamiento,Antioquia,Briceño,88,Ninguna,False,Briceño - Antioquia,"{""Humanitario"": ""Negativo""}",Humanitario
19489,2025-10-21,ejercito nacional,Ciénaga De Oro,Córdoba,Caribe,False,False,Rural,Acciones de la fuerza publica y otros servidores publicos,Combate,Acciones de la fuerza publica,True,otro grupo armado ilegal,clan del golfo,1,"el 21 de octubre de 2025, en la zona rural del municipio de cienaga de oro (cordoba), tropas del ejercito nacional y unidades de la policia nacional desarrollaron una ofensiva coordinada contra una subestructura del clan del golfo, la cual opera en dicho territorio. durante la operacion se logro la neutralizacion de al menos un supuesto integrante, parte de la estructura criminal encargada del asesinato de dos soldados del batallon de infanteria n.º 33 “batalla de junin”. tambien se incautaron armas, municion y equipos de comunicacion.",otro grupo armado ilegal,Combate,Córdoba,Ciénaga De Oro,86,Minería,False,Ciénaga De Oro - Córdoba,"{""Minero"": ""Negativo"", ""Agropecuario"": ""Negativo""}","Minero, Agropecuario"
19490,2025-10-21,el pais,Argelia,Cauca,Pacífico,True,False,Rural,Acciones de la fuerza publica y otros servidores publicos,Ataque a personal militar/ ataque francotirador,Ataques contra la fuerza publica,True,disidencias de las farc,frente carlos patino,1,"el 20 de octubre de 2025, en el corregimiento el plateado, municipio de argelia (cauca), un policia resulto herido tras ser atacado por un francotirador mientras cumplia labores de centinela en la base “charly”. el ataque fue atribuido a la estructura “frente carlos patino” de las disidencias de las farc-ep, que mantiene fuerte presencia en la region del canon del micay. la victima fue evacuada del area por las autoridades.",disidencias de las farc,Ataque a personal militar/ ataque francotirador,Cauca,Argelia,70,Ninguna,False,Argelia - Cauca,{},Ninguno
19485,2025-10-19,el pais,Patía,Cauca,Pacífico,True,False,Urbana,Acciones de los grupos armados al margen de la ley,Ataque a instalaciones de la fuerza publica,Ataques contra la fuerza publica,True,disidencias de las farc,frente carlos patino,3,"el 19 de octubre de 2025, en la cabecera municipal de el bordo, municipio de el patia (cauca), hombres armados atacaron la estacion de policia con artefactos explosivos lanzados desde drones. el ataque fue atribuido a disidencias de las farc que operan en el sur del cauca. un policia resulto herido durante la accion, mientras las autoridades reforzaron la presencia militar en el casco urbano para evitar nuevos ataques.",disidencias de las farc,Ataque a instalaciones de la fuerza publica,Cauca,Patía,69,Ninguna,False,Patía - Cauca,{},Ninguno
19486,2025-10-19,el pais,Argelia,Cauca,Pacífico,True,False,Rural,Acciones de los grupos armados al margen de la ley,Hostigamiento,Ataques contra la fuerza publica,True,disidencias de las farc,frente carlos patino,1,"el 19 de octubre de 2025, en el sector de el plateado, zona rural del municipio de argelia (cauca), unidades del ejercito nacional fueron atacadas mediante un dron cargado con explosivos. el hecho dejo un soldado herido y se atribuye tambien a las disidencias de las farc – estructura “carlos patino”, que mantiene presencia en la region del canon del micay.",disidencias de las farc,Hostigamiento,Cauca,Argelia,61,Ninguna,False,Argelia - Cauca,"{""Agropecuario"": ""Negativo""}",Agropecuario
19487,2025-10-19,el pais,Cajibío,Cauca,Pacífico,True,False,Rural,Acciones de los grupos armados al margen de la ley,Hostigamiento,Ataques contra la fuerza publica,True,disidencias de las farc,frente carlos patino,0,"el 19 de octubre de 2025, en el corregimiento el carmelo del municipio de cajibio (cauca), grupos armados atacaron a unidades del ejercito nacional con explosivos y rafagas de fusil, en un nuevo hostigamiento contra la fuerza publica. no se reportaron heridos ni muertos, pero el hecho genero temor entre los habitantes del sector.",disidencias de las farc,Hostigamiento,Cauca,Cajibío,54,Ninguna,False,Cajibío - Cauca,{},Ninguno
19488,2025-10-19,el pais,Suárez,Cauca,Pacífico,True,False,Urbana,Acciones de los grupos armados al margen de la ley,Hostigamiento,Ataques contra la fuerza publica,True,disidencias de las farc,frente carlos patino,0,"el 19 de octubre de 2025, en el casco urbano del municipio de suarez (cauca), hombres armados atacaron con armas de fuego la estacion de policia, en un hostigamiento que se prolongo durante cerca de media hora. las autoridades no reportaron heridos ni fallecidos, pero el ataque se enmarca en la serie de acciones coordinadas contra la fuerza publica en el departamento del cauca.",disidencias de las farc,Hostigamiento,Cauca,Suárez,64,Ninguna,False,Suárez - Cauca,{},Ninguno
19491,2025-10-19,el pais,Suárez,Cauca,Pacífico,True,False,Urbana,Acciones de los grupos armados al margen de la ley,Hostigamiento,Ataques contra la fuerza publica,True,disidencias de las farc,frente carlos patino,0,"entre la noche del 19 de octubre y la madrugada del 20 de octubre de 2025, en el casco urbano del municipio de suarez (cauca), se registraron combates prolongados entre la fuerza publica y miembros del frente carlos patino de las disidencias de las farc-ep. los ataques incluyeron ametrallamientos y lanzamiento de explosivos desde drones contra la estacion de policia y la base militar del sector los pinos, prolongandose por cerca de media hora. no se reportaron heridos ni fallecidos.",disidencias de las farc,Hostigamiento,Cauca,Suárez,80,Ninguna,False,Suárez - Cauca,{},Ninguno
19484,2025-10-17,caracol radio,Belén De Umbría,Risaralda,Andina,False,False,Rural,Acciones de la fuerza publica y otros servidores publicos,Combate,Acciones de la fuerza publica,True,otro grupo armado ilegal,clan del golfo,0,"el 17 de octubre,la policia del departamento de risaralda informo que recibieron inteligencia sobre el paso de hombres de la subestructura “edwin roman velazquez valle” del clan del golfo por la vereda la oculta. en coordinacion con el ejercito nacional de colombia, las fuerzas de seguridad llegaron a patrullar en el sector alto de la burra, donde fueron recibidos con disparos por los integrantes de la estructura criminal. se registro un enfrentamiento armado entre la policia, el ejercito y el clan del golfo. no se reportaron muertos, heridos ni capturas en este hecho.",otro grupo armado ilegal,Combate,Risaralda,Belén De Umbría,93,Ninguna,False,Belén De Umbría - Risaralda,{},Ninguno
19400,2025-10-15,la nacion,Oporapa,Huila,Andina,False,False,Rural,Acciones de la fuerza publica y otros servidores publicos,Contrabando,Otra,False,,estructura teofilo forero,1,"el 3 de septiembre de 2025, en la vereda san roque, municipio de oporapa (huila), se desarrollo un operativo antiextorsion coordinado por el gaula de la policia, gaula militar huila, cti y fuerza aeroespacial colombiana, en el que fue abatido el presunto extorsionista miguel anderson galindo bonilla, quien habria exigido sumas entre 10 y 50 millones de pesos a comerciantes y campesinos locales.",no identificado,Contrabando,Huila,Oporapa,63,Ninguna,False,Oporapa - Huila,{},Ninguno
19481,2025-10-15,el tiempo,Argelia,Cauca,Pacífico,True,False,Rural,Acciones de los grupos armados al margen de la ley,Ataque a poblacion,Ataque a infraestructura y bienes civiles,True,disidencias de las farc,,8,"el 14 de octubre se presento un ataque con drones cargados de artefactos explosivos, atribuido a disidencias de las farc, se registro en el corregimiento el plateado en el municipio de argelia, cauca. los lanzamientos se dirigieron contra la base militar ubicada en el sector la hacienda y afectaron ademas la escuela rural bello horizonte contigua. como saldo, ocho personas resultaron heridas, de las cuales cuatro son estudiantes de entre 11 y 13 anos con lesiones leves y cuatro adultos con heridas de mayor consideracion. los menores fueron atendidos y dados de alta en el hospital local, mientras que los adultos fueron trasladados a la cabecera municipal para atencion especializada. el ataque tambien causo danos en viviendas y comercios de la zona. este hecho refleja la creciente capacidad tecnologica de los grupos ilegales en la region, que incluye el uso de drones kamikaze, representando un riesgo significativo tanto para la fuerza publica como para civiles.",disidencias de las farc,Ataque a poblacion,Cauca,Argelia,155,Ninguna,True,Argelia - Cauca,"{""Agropecuario"": ""Negativo""}",Agropecuario
19483,2025-10-15,ejercito nacional,Tibú,Norte De Santander,Andina,True,True,Rural,Acciones de la fuerza publica y otros servidores publicos,Combate,Acciones de la fuerza publica,True,eln,,1,"el 14 de octubre de 2025, como parte del plan de campana ayacucho plus, tropas del ejercito nacional sostuvieron combates en el corregimiento campo dos, municipio de tibu, norte de santander, contra integrantes del frente juan fernando porras martinez del grupo armado organizado eln. la operacion se baso en inteligencia militar para neutralizar a sujetos que intimidaban a la poblacion civil. resultado: muerte de un presunto integrante, incautacion de armas, municion y material de intendencia del gao eln. las maniobras ofensivas continuan para impedir acciones terroristas que pongan en riesgo a la poblacion civil y garantizar seguridad en la region.",eln,Combate,Norte De Santander,Tibú,100,Ninguna,False,Tibú - Norte De Santander,{},Ninguno
19477,2025-10-14,el tiempo,Calamar,Guaviare,Amazonia,True,True,Urbana,Acciones de los grupos armados al margen de la ley,Ataque a instalaciones de la fuerza publica,Ataques contra la fuerza publica,True,disidencias de las farc,estado mayor central,3,"el 14 de octubre de 2025, disidencias de las farc al mando de alias ivan mordisco realizaron un ataque coordinado en calamar, guaviare, utilizando drones cargados con artefactos explosivos e impactando tres objetivos: la residencia del alcalde farid camilo castano, la estacion de policia y el batallon de infanteria de selva n.° 24 “general luis carlos camacho leyva”. la esposa y empleada domestica del alcalde resultaron heridas. tambien murieron varias mascotas del mandatario. un soldado fue herido durante el ataque al batallon militar. autoridades confirmaron que uno de los drones fue derribado. la operacion genero panico entre los habitantes y un llamado urgente de las autoridades para contener la violencia y proteger a la poblacion.",disidencias de las farc,Ataque a instalaciones de la fuerza publica,Guaviare,Calamar,115,Ninguna,False,Calamar - Guaviare,{},Ninguno
19479,2025-10-14,caracol radio,Tibú,Norte De Santander,Andina,True,True,Rural,Acciones de los grupos armados al margen de la ley,Enfrentamiento,Enfrentamientos,True,eln,,0,"en la madrugada del 14 de octubre de 2025, se registraron enfrentamientos entre la fuerza publica y presuntos integrantes del eln en el corregimiento de campo dos, tibu, norte de santander. los enfrentamientos se extendieron por varios sectores, causando panico en la poblacion local que se refugio en sus viviendas. testimonios indican que varios guerrilleros habrian sido abatidos, aunque la cifra oficial no ha sido confirmada. la presencia militar fue reforzada para contener la violencia que mantiene en alerta a la comunidad.",eln,Enfrentamiento,Norte De Santander,Tibú,82,Ninguna,True,Tibú - Norte De Santander,{},Ninguno
19482,2025-10-14,ejercito nacional,Sonsón,Antioquia,Andina,False,False,Rural,Acciones de la fuerza publica y otros servidores publicos,Combate,Acciones de la fuerza publica,True,otro grupo armado ilegal,clan del golfo,1,"el 14 de octubre, tropas de la cuarta brigada del ejercito nacional, con apoyo de unidades especializadas y el cti de la fiscalia general, sostuvieron combates en la vereda el porvenir, corregimiento la danta, municipio de sonson, antioquia. durante el operativo, se neutralizo a alias ‘24’, escolta de alias ‘hugo’, supuesto cabecilla de la estructura magdalena medio del clan del golfo. ademas, fueron capturados tres presuntos integrantes y se incautaron armas, municion y equipos de comunicacion. la comunidad realizo una asonada violenta contra las tropas, robando el cuerpo neutralizado y material probatorio, ocasionando danos a vehiculos y secuestrando personal militar. esta operacion busca reducir la inestabilidad y desarticular estructuras criminales que azotan la region.",otro grupo armado ilegal,Combate,Antioquia,Sonsón,114,Ninguna,False,Sonsón - Antioquia,{},Ninguno
19475,2025-10-13,caracol radio,Jericó,Antioquia,Andina,False,False,Rural,Acciones de la fuerza publica y otros servidores publicos,Combate,Acciones de la fuerza publica,True,otro grupo armado ilegal,clan del golfo,0,"el 13 de octubre de 2025, en la zona rural del corregimiento palo cabildo, jerico, antioquia, se registro un fuerte enfrentamiento entre tropas del ejercito nacional y presuntos integrantes del clan del golfo. la comunidad local permanece en alerta y ha recibido el acompanamiento de las autoridades para garantizar su seguridad. el alcalde sebastian garces hizo un llamado al gobierno nacional y a las fuerzas de seguridad para que apoyen a la poblacion ante la situacion de orden publico. se espera un informe oficial del ejercito y la policia sobre los hechos.",otro grupo armado ilegal,Combate,Antioquia,Jericó,92,Ninguna,True,Jericó - Antioquia,"{""Agropecuario"": ""Negativo""}",Agropecuario
19480,2025-10-13,el pais,Buenaventura,Valle Del Cauca,Pacífico,True,False,Rural,Acciones de los grupos armados al margen de la ley,Enfrentamiento,Enfrentamientos,True,"eln, disidencias de las farc",frente jaime martinez,0,"el 13 de octubre de 2025, la zona rural del bajo calima en buenaventura permanecio bajo un clima de violencia debido a intensos enfrentamientos armados entre el eln y la columna wilson gonzalez del frente jaime martinez de las disidencias de las farc. por lo menos 300 familias permanecieron confinadas en sus viviendas, enfrentando hambre y sin poder salir por la zozobra constante. grabaciones muestran a hombres armados disparando en las calles, generando miedo en la poblacion. la defensoria del pueblo alerto sobre la crisis humanitaria que incluye el alto riesgo de reclutamiento forzado de menores y la presencia permanente de minas antipersonales en el area. autoridades avanzan en operaciones para contener la violencia y garantizar la seguridad, mientras el obispo local hace un llamado urgente al cese de las hostilidades para proteger a la comunidad.","eln, disidencias de las farc",Enfrentamiento,Valle Del Cauca,Buenaventura,136,Ninguna,True,Buenaventura - Valle Del Cauca,"{""Agropecuario"": ""Negativo""}",Agropecuario
19474,2025-10-12,blu radio,Sonsón,Antioquia,Andina,False,False,Rural,Acciones de la fuerza publica y otros servidores publicos,Combate,Acciones de la fuerza publica,True,otro grupo armado ilegal,clan del golfo,4,"en enfrentamientos entre el ejercito nacional y el clan del golfo en la vereda el porvenir, corregimiento la danta, sonson, antioquia, un menor de edad y un hombre de 25 anos resultaron heridos. en el operativo tambien fueron capturadas tres personas y abatido un presunto integrante del grupo ilegal, cuyo cuerpo fue recuperado posteriormente. el procedimiento tenia como objetivo golpear el alcance criminal de alias 'don hugo', supuesto cabecilla del clan del golfo que habria sustituido a alias 'terror', abatido en febrero de 2025. la fuerza publica prepara una operacion para recuperar el control territorial en la zona, pero enfrenta dificultades ante la alta presencia del clan del golfo y el adoctrinamiento comunitario que dificultan el despliegue operativo.",otro grupo armado ilegal,Combate,Antioquia,Sonsón,118,Ninguna,False,Sonsón - Antioquia,{},Ninguno
19476,2025-10-12,el tiempo,"Bogotá, D.C.",Cundinamarca,Andina,False,False,Urbana,Acciones de los grupos armados al margen de la ley,Ataque a instalaciones de la fuerza publica,Ataques contra la fuerza publica,True,,,0,"el 12 de octubre de 2025 un artefacto explosivo fue lanzado contra el cai santo domingo en ciudad bolivar, bogota. la detonacion causo danos en vidrios e infraestructura, sin reportar victimas ni heridos. la policia metropolitana de bogota inicio las investigaciones para identificar a los responsables, ofreciendo recompensa por informacion. el alcalde de bogota manifesto rechazo y anuncio que el atentado fortalecera la lucha contra los grupos armados ilegales.",no identificado,Ataque a instalaciones de la fuerza publica,Cundinamarca,"Bogotá, D.C.",69,Ninguna,True,"Bogotá, D.C. - Cundinamarca",{},Ninguno
19470,2025-10-11,semana,Caloto,Cauca,Pacífico,True,False,Urbana,Acciones de los grupos armados al margen de la ley,Ataque a bienes civiles,Ataque a infraestructura y bienes civiles,True,,,0,"el 11 de octubre de 2025, un ataque con explosivo artesanal (conocido como tatuco) ocurrio cerca del hospital nina maria en caloto, cauca. la detonacion afecto considerablemente la infraestructura del hospital, rompiendo vidrios y causando vibraciones que obligaron a proteger a los pacientes. la explosion ocurrio a cuatro metros de una habitacion donde habia pacientes hospitalizados. no se reportaron heridos ni muertos. el alcalde y autoridades condenaron este acto violento, pidiendo respeto por espacios protegidos bajo el derecho internacional humanitario y solicitando la reubicacion del hospital lejos de zonas conflcitivas.",no identificado,Ataque a bienes civiles,Cauca,Caloto,90,Ninguna,True,Caloto - Cauca,"{""Humanitario"": ""Negativo""}",Humanitario
19468,2025-10-10,caracol radio,Totoró,Cauca,Pacífico,False,False,Rural,Acciones de la fuerza publica y otros servidores publicos,Combate,Acciones de la fuerza publica,True,eln,,3,"el 10 de octubre de 2025, en el territorio indigena de paniquita, municipio de totoro, cauca, se registraron combates entre grupos ilegales y el ejercito nacional. durante los enfrentamientos fueron asesinados willer gallego mazabuel, lider social, abogado y excandidato al concejo, y su hijo de 16 anos. dos comuneros indigenas resultaron heridos al quedar en medio del fuego cruzado, siendo remitidos a un centro medico en popayan. el alcalde del municipio reporto el cierre de escuelas y colegios y el confinamiento de la poblacion local por miedo a la violencia. en la confrontacion, el ejercito informo la muerte de jose manuel ocampo lopez alias ‘demetrio o espagueti’, articulador financiero del frente de guerra sur occidental del eln, con antecedentes en terrorismo y secuestros masivos.",eln,Combate,Cauca,Totoró,124,Ninguna,True,Totoró - Cauca,"{""Humanitario"": ""Negativo""}",Humanitario
19471,2025-10-10,noticias rcn,Caloto,Cauca,Pacífico,True,False,Rural,Acciones de los grupos armados al margen de la ley,Hostigamiento,Ataques contra la fuerza publica,True,,,0,"el 10 de octubre de 2025, una escuela rural en el municipio de caloto, cauca, fue afectada por un ataque con explosivos mediante hostigamientos que tambien impactaron la estacion de policia de la zona. como consecuencia, se suspendieron las actividades escolares temporalmente por seguridad. no se registraron victimas humanas ni heridos, pero el ataque genero danos materiales y preocupacion en la comunidad y autoridades educativas.",no identificado,Hostigamiento,Cauca,Caloto,65,Ninguna,False,Caloto - Cauca,"{""Agropecuario"": ""Negativo""}",Agropecuario
19472,2025-10-10,la fm,Montecristo,Bolívar,Caribe,False,False,Rural,Acciones de los grupos armados al margen de la ley,Ataque a poblacion,Ataque a infraestructura y bienes civiles,True,eln,,3,"el 10 de octubre de 2025, un artefacto explosivo no convencional fue lanzado desde un dron del eln hacia la zona de mina choco, jurisdiccion del municipio de montecristo, bolivar. el explosivo impacto cerca de una iglesia cristiana, dejando heridas a dos menores de edad de 9 y 10 anos, y a un adulto de 23 anos. los menores debieron ser trasladados a bucaramanga para cirugias, mientras que el adulto presenta heridas leves. este hecho evidencia la confrontacion entre grupos armados ilegales que afectan la seguridad de las comunidades rurales. la defensoria del pueblo y otras entidades reiteran el llamado para proteger a la poblacion civil y evitar que sea usada como escudo humano en las hostilidades.",eln,Ataque a poblacion,Bolívar,Montecristo,117,Minería,False,Montecristo - Bolívar,"{""Minero"": ""Negativo""}",Minero
19473,2025-10-10,ejercito nacional,Tibú,Norte De Santander,Andina,True,True,Rural,Acciones de la fuerza publica y otros servidores publicos,Combate,Acciones de la fuerza publica,True,eln,,1,"en combates del ejercito nacional en la zona rural del municipio de tibu, norte de santander, el 9 de octubre de 2025, ocurrio la neutralizacion de un presunto integrante del gao eln y la captura en flagrancia de cuatro sujetos que transportaban aproximadamente 11 kilogramos de pasta base de coca, afectando con ello la estructura armada, logistica y financiera del grupo ilegal. la operacion se realizo con apoyo de la fuerza aeroespacial colombiana y coordinaciones con la policia nacional y es parte del plan de operaciones ayacucho plus y la operacion catatumbo, en combate contra el frente juan fernando porras martinez del eln, en la vereda el retiro.",eln,Combate,Norte De Santander,Tibú,108,Narcotráfico,False,Tibú - Norte De Santander,"{""Agropecuario"": ""Positivo""}",Agropecuario
19463,2025-10-09,red+ noticias,Jamundí,Valle Del Cauca,Pacífico,False,False,Rural,Acciones de los grupos armados al margen de la ley,Ataque a instalaciones de la fuerza publica,Ataques contra la fuerza publica,True,,,0,"el 9 de octubre de 2025, la subestacion policial ubicada en el corregimiento de robles, jamundi, fue atacada con cilindros explosivos, dejando heridas a cuatro personas, entre ellas dos menores de edad, quienes fueron atendidas en el hospital piloto de jamundi. autoridades activaron un plan de emergencia para controlar danos y proteger a la poblacion en medio de un clima de violencia relacionada con grupos armados al margen de la ley.",no identificado,Ataque a instalaciones de la fuerza publica,Valle Del Cauca,Jamundí,71,Ninguna,False,Jamundí - Valle Del Cauca,{},Ninguno
19464,2025-10-09,red+ noticias,El Tambo,Cauca,Pacífico,True,True,Rural,Acciones de los grupos armados al margen de la ley,Ataque a instalaciones de la fuerza publica,Ataques contra la fuerza publica,True,,,1,"el 9 de octubre de 2025, un carro bomba detono cerca de la subestacion de policia en una zona rural de el tambo, cauca, causando heridas a al menos una persona y danos materiales en los alrededores. las autoridades reforzaron la seguridad y activaron protocolos para contener la situacion en una region con presencia de grupos armados ilegales vinculados a narcotrafico y violencia regional.",no identificado,Ataque a instalaciones de la fuerza publica,Cauca,El Tambo,64,Ninguna,False,El Tambo - Cauca,"{""Agropecuario"": ""Negativo""}",Agropecuario
19469,2025-10-09,caracol radio,Arauquita,Arauca,Orinoquía,True,True,Rural,Acciones de los grupos armados al margen de la ley,Ataque a instalaciones de la fuerza publica,Ataques contra la fuerza publica,True,eln,,0,"el 9 de octubre de 2025, en la base militar del ejercito nacional ubicada en puerto jordan, arauca, se registro un nuevo ataque con granadas bajo la modalidad de morteros, mismo lugar que habia sido atacado apenas cuatro dias antes, el 5 de octubre. el ataque puso en riesgo la vida de los uniformados, pero no causo heridos ni muertes en esta oportunidad. el comando de la decima octava brigada rechazo el atentado y reafirmo su compromiso con la seguridad y la estabilidad en la zona. el ministerio de defensa dejo claro que no hay cese de operaciones contra el eln, grupo al que se atribuyen estos hechos terroristas. en el contexto, se mantiene la presion ofensiva con operaciones militares continuas para proteger a la poblacion civil.",eln,Ataque a instalaciones de la fuerza publica,Arauca,Arauquita,127,Ninguna,False,Arauquita - Arauca,{},Ninguno
19478,2025-10-09,el tiempo,Santa Rosa Del Sur,Bolívar,Caribe,True,True,Rural,Acciones de los grupos armados al margen de la ley,Enfrentamiento,Enfrentamientos,True,"otro grupo armado ilegal, disidencias de las farc",clan del golfo,3,"el 9 de octubre, en un ataque con drones explosivos ocurrido en el sector mina choco dejo heridas graves a dos ninos de 9 y 10 anos y a un adulto de 23 anos en santa rosa del sur, bolivar. los menores fueron trasladados de urgencia al hospital universitario de santander (bucaramanga) para procedimientos quirurgicos, luego de ser ingresados inicialmente al hospital local manuel elkin patarroyo. las heridas consistieron en quemaduras superficiales causadas por esquirlas, sin comprometer organos internos. el ataque sucedio en medio de enfrentamientos entre el clan del golfo y disidencias de las farc por el control territorial, afectando tambien a una iglesia cristiana cercana. la violencia y el uso de drones representan la escalada tecnologica de los grupos armados ilegales en la serrania de san lucas, con consecuencias graves para la poblacion civil, incluyendo desplazamientos, confinamientos y violaciones de derechos humanos.","otro grupo armado ilegal, disidencias de las farc",Enfrentamiento,Bolívar,Santa Rosa Del Sur,144,Minería,True,Santa Rosa Del Sur - Bolívar,"{""Minero"": ""Negativo"", ""Humanitario"": ""Negativo""}","Minero, Humanitario"
19465,2025-10-08,la blu radio,Buenaventura,Valle Del Cauca,Pacífico,True,False,Rural,Acciones de los grupos armados al margen de la ley,Enfrentamiento,Enfrentamientos,True,"eln, disidencias de las farc",frente jaime martinez,0,"el 10 de noviembre de 2025, en la vereda la colonia del corregimiento bajo calima, zona rural de buenaventura, se registraron enfrentamientos armados entre integrantes del frente ‘jaime martinez’ de las disidencias de las farc y miembros del eln. mas de 300 familias estan confinadas en sus viviendas por temor a la violencia. la unica institucion educativa suspendio clases para proteger a los estudiantes. la brigada de infanteria de marina no. 2 desplego tropas para dispersar a los grupos armados y garantizar la seguridad de los civiles. la comunidad habia sido desplazada previamente por las mismas organizaciones armadas.","eln, disidencias de las farc",Enfrentamiento,Valle Del Cauca,Buenaventura,98,Ninguna,False,Buenaventura - Valle Del Cauca,"{""Agropecuario"": ""Negativo""}",Agropecuario
19467,2025-10-08,el espectador,Buenaventura,Valle Del Cauca,Pacífico,True,False,Rural,Acciones de los grupos armados al margen de la ley,Enfrentamiento,Enfrentamientos,True,"eln, disidencias de las farc",frente jaime martinez,0,"entre el 8 y el 9 de octubre de 2025, en la zona rural del bajo calima, buenaventura, valle del cauca, se registro confinamiento de alrededor de 300 familias debido a enfrentamientos armados entre integrantes del frente jaime martinez de las disidencias de las farc y miembros del eln. las disputas son por el control territorial y han impedido que las familias afectadas puedan salir de la zona. la defensoria reporto previamente otros confinamientos masivos en el mismo sector por el conflicto entre eln y clan del golfo, que ha generado homicidios selectivos, desplazamientos, violencia sexual, reclutamiento forzado de menores y colocacion de minas antipersona. la situacion requiere atencion urgente de las autoridades y organismos de derechos humanos.","eln, disidencias de las farc",Enfrentamiento,Valle Del Cauca,Buenaventura,118,Ninguna,False,Buenaventura - Valle Del Cauca,"{""Agropecuario"": ""Negativo"", ""Humanitario"": ""Negativo""}","Agropecuario, Humanitario"
19460,2025-10-07,ondas de ibague,Rovira,Tolima,Andina,False,False,Rural,Acciones de los grupos armados al margen de la ley,Quema de vehiculo,Ataque a infraestructura y bienes civiles,True,,,0,"el 2 de octubre de 2025, en la via que conduce del casco urbano del municipio de rovira hacia el corregimiento de playarrica, departamento del tolima, un bus de la empresa velotax fue retenido y luego incinerado por dos individuos encapuchados que hicieron descender al conductor y tres pasajeros. no se reportaron victimas humanas. la accion genero fuerte preocupacion por los posibles vinculos con redes de extorsion. las autoridades iniciaron investigaciones, con presencia de policia judicial y tropas de la sexta brigada del ejercito nacional, para identificar a los responsables y garantizar la seguridad en la ruta.",no identificado,Quema de vehiculo,Tolima,Rovira,97,Extorsión,True,Rovira - Tolima,{},Ninguno
19462,2025-10-07,el pais,Santander De Quilichao,Cauca,Pacífico,True,False,Rural,Acciones de la fuerza publica y otros servidores publicos,Combate,Acciones de la fuerza publica,True,disidencias de las farc,frente jaime martinez,4,"el 7 de octubre de 2025, en la vereda la betica del corregimiento mondomo, municipio de santander de quilichao, cauca, tropas del ejercito nacional sostuvieron combates contra comandos de las disidencias de las farc, intercambiando fuego pesado durante aproximadamente media hora. el enfrentamiento dejo como saldo cuatro militares heridos (un suboficial, dos soldados profesionales y uno regular), quienes fueron evacuados y se encuentran en atencion medica. la comunidad indigena del resguardo de canoas expreso gran preocupacion por la violencia cercana a sus viviendas. el hecho ocurre en el contexto de operaciones militares permanentes como perseo y escudo del norte, destinadas a golpear estructuralmente las disidencias de las farc en la region. en dias recientes tambien hubo ataques con explosivos lanzados desde drones contra estaciones policiales en el cauca.",disidencias de las farc,Combate,Cauca,Santander De Quilichao,128,Ninguna,False,Santander De Quilichao - Cauca,{},Ninguno
19456,2025-10-06,caracol,Buenaventura,Valle Del Cauca,Pacífico,True,False,Rural,Acciones de la fuerza publica y otros servidores publicos,Combate,Acciones de la fuerza publica,True,otro grupo armado ilegal,los shottas,5,"segun noticia publicada el 6 de octubre de 2025, el 5 de octubre tropas de la brigada de infanteria de marina no. 2 de la armada nacional ubicaron y detuvieron dos vehiculos en el sector de zabaletas, donde los ocupantes hicieron caso omiso a las senales de alto y atacaron con disparos indiscriminados, desencadenando un combate. tres presuntos integrantes de la banda criminal los shottas murieron, uno resulto herido y otro fue capturado. el herido recibio atencion medica conforme al derecho internacional humanitario. la banda estaba en alianza con el frente ernesto che guevara del eln, dirigido por alias “mi sangre”. el capturado es hombre de confianza de alias “mi sangre” y es senalado como responsable de secuestros, hurtos y extorsiones en la zona. se inmovilizaron dos camperos y se incautaron armas, municiones, granadas, material de intendencia, prendas militares y equipos de comunicaciones.",otro grupo armado ilegal,Combate,Valle Del Cauca,Buenaventura,143,Ninguna,False,Buenaventura - Valle Del Cauca,"{""Humanitario"": ""Positivo""}",Humanitario
19461,2025-10-06,gobernacion del valle del cauca,Jamundí,Valle Del Cauca,Pacífico,False,False,Rural,Acciones de la fuerza publica y otros servidores publicos,Combate,Acciones de la fuerza publica,True,disidencias de las farc,frente 57 yair bermudez,1,"el 6 de octubre de 2025 en el valle del cauca, la tercera brigada del ejercito nacional, junto con la policia y la fuerza aerea, realizaron operaciones militares que dejaron tres integrantes del frente 57 'yair bermudez' abatidos y uno mas herido y capturado en la vereda buenos aires de san pedro. simultaneamente, en el corregimiento de san antonio, jamundi, fue capturado un cabecilla de finanzas del frente ‘jaime martinez’, quien resulto gravemente herido en medio de combates. se incauto material belico y se destaco la importancia de estas acciones para la seguridad territorial y tranquilidad de la poblacion en las zonas afectadas.",disidencias de las farc,Combate,Valle Del Cauca,Jamundí,103,Ninguna,False,Jamundí - Valle Del Cauca,{},Ninguno
19453,2025-10-05,blu radio,Tarazá,Antioquia,Andina,True,True,Rural,Acciones de los grupos armados al margen de la ley,Enfrentamiento,Enfrentamientos,True,"eln, otro grupo armado ilegal",clan del golfo,0,"segun noticia publicada el 7 de octubre de 2025, hace 13 dias (alrededor del 24 de septiembre) se iniciaron enfrentamientos entre el eln y el clan del golfo en las veredas doradas altas y tahami del municipio de taraza que han provocado el desplazamiento forzado de 136 personas (de 42 iniciales) alojadas en el coliseo municipal. entre los desplazados hay varios menores de edad y 12 adultos mayores. la posible presencia de artefactos explosivos en vias rurales complica la situacion y mantiene confinadas a varias comunidades con planes de abandonar sus territorios. el panorama de retorno es incierto. el alcalde yomer fabian alvarez cuestiono la falta de acompanamiento del gobierno nacional y pidio mayor presencia de la fuerza publica en este corredor estrategico ubicado en limites entre taraza, valdivia, caceres y anori.","eln, otro grupo armado ilegal",Enfrentamiento,Antioquia,Tarazá,132,Ninguna,False,Tarazá - Antioquia,"{""Humanitario"": ""Negativo""}",Humanitario
19454,2025-10-05,el tiempo,Puerto Santander,Amazonas,Amazonas,False,False,Rural,Acciones de la fuerza publica y otros servidores publicos,Bombardeo,Acciones de la fuerza publica,True,disidencias de las farc,"estado mayor central, bloque amazonas manuel marulanda velez",8,"el 6 de octubre (tras cinco dias de patrullaje) las fuerzas militares (ejercito nacional, armada de colombia, fuerza aerea y policia nacional) ejecutaron una operacion militar aerea de precision contra un campamento del bloque amazonas ""manuel marulanda velez"" de las disidencias del estado mayor central comandadas por alias ""ivan mordisco"" en el norte del departamento del amazonas, en zona rural entre puerto santander y miriti-parana. el comando conjunto de operaciones especiales (ccoes) marco el objetivo con dispositivo laser y los aviones bombardearon en la madrugada del domingo. la operacion dejo 4 presuntos terroristas muertos, 4 heridos capturados, 1 mujer que se sometio a la justicia y 1 adolescente reclutado rescatado (10 bajas totales). se incautaron mas de una tonelada de marihuana, 3 fusiles, 1 revolver, 1 escopeta, 10 proveedores, 799 cartuchos, material de intendencia y comunicaciones, 9 embarcaciones y 27 millones de pesos en efectivo.",disidencias de las farc,Bombardeo,Amazonas,Puerto Santander,145,Narcotráfico,False,Puerto Santander - Amazonas,"{""Agropecuario"": ""Negativo"", ""Financiero"": ""Negativo""}","Agropecuario, Financiero"
19455,2025-10-05,el espectador,Arauquita,Arauca,Orinoquía,True,True,Rural,Acciones de la fuerza publica y otros servidores publicos,Ataque a instalaciones de la fuerza publica,Ataques contra la fuerza publica,True,eln,frente domingo lain saenz,7,"segun noticia publicada el 6 de octubre de 2025, en la tarde del 5 de octubre fue perpetrado un ataque con explosivos (tatucos y cilindros bomba) contra la base militar del ejercito en puerto jordan, arauquita. el ataque dejo un soldado muerto (jose henry ceballos moreno) y seis heridos, de los cuales dos resultaron de gravedad. los militares fueron trasladados a centros asistenciales en yopal, casanare. la estructura responsable seria el eln, especificamente el frente domingo lain saenz, estructura camilo cienfuegos. las autoridades reforzaron el despliegue de uniformados y se desconoce el dano total a las instalaciones militares.",eln,Ataque a instalaciones de la fuerza publica,Arauca,Arauquita,98,Ninguna,False,Arauquita - Arauca,{},Ninguno
19457,2025-10-05,caracol radio,Puerto Tejada,Cauca,Pacífico,False,False,Urbana,Acciones de los grupos armados al margen de la ley,Enfrentamiento,Enfrentamientos,True,grupo armado ilegal no identificado,,1,"el 5 de octubre de 2025, en el barrio la esperanza del municipio de puerto tejada, departamento del cauca, ocurrio un enfrentamiento armado entre pandillas. en este hecho fue asesinado marvin andres romero, lider social y vicepresidente de la junta de accion comunal del barrio, quien recibio una bala perdida y fallecio luego de ser trasladado a un centro asistencial en cali. no se reportan heridos, ni muertos adicionales entre civiles, integrantes del grupo armado o fuerza publica. de acuerdo a autoridades locales, romero era un referente en procesos de resocializacion de jovenes en el territorio y su muerte refleja la persistencia de estructuras armadas ilegales generando violencia en zonas urbanas.",grupo armado ilegal no identificado,Enfrentamiento,Cauca,Puerto Tejada,111,Ninguna,False,Puerto Tejada - Cauca,"{""Humanitario"": ""Negativo""}",Humanitario
19458,2025-10-05,el tiempo,Valdivia,Antioquia,Andina,True,False,Rural,Acciones de la fuerza publica y otros servidores publicos,Combate,Acciones de la fuerza publica,True,otro grupo armado ilegal,clan del golfo,2,"el 5 de octubre de 2025, en la vereda san jose de genova del municipio de valdivia, antioquia, la decima primera brigada del ejercito nacional sostuvo combates contra integrantes del clan del golfo (subestructura julio cesar vargas). en el enfrentamiento fue abatido un presunto miembro del grupo armado ilegal y un soldado resulto herido, quien fue evacuado en helicoptero con apoyo de la fuerza aeroespacial colombiana y atendido en medellin. no se reportan civiles heridos o muertos. en el lugar se incautaron ocho fusiles, 29 proveedores, mas de 2.000 cartuchos de diferentes calibres, asi como prendas de uso privativo de la fuerza publica, material tactico y equipos de comunicacion. el operativo busco debilitar la logistica y capacidad armada de la estructura criminal en el norte de antioquia.",otro grupo armado ilegal,Combate,Antioquia,Valdivia,127,Ninguna,False,Valdivia - Antioquia,{},Ninguno
19459,2025-10-05,caracol radio,San Pedro,Valle Del Cauca,Pacífico,False,False,Rural,Acciones de los grupos armados al margen de la ley,Combate,Acciones de la fuerza publica,True,disidencias de las farc,frente 57 yair bermudez,5,"el 5 de octubre de 2025, en la vereda buenos aires del municipio san pedro, valle del cauca, tropas de la tercera brigada del ejercito nacional sostuvieron enfrentamientos contra presuntos integrantes del frente 57 ""yair bermudez"" de las disidencias de las farc. el combate dejo tres integrantes abatidos, uno herido capturado, y la incautacion de cuatro fusiles, dos armas cortas, 18 proveedores, 580 cartuchos, chalecos y material de intendencia. la operacion se logro gracias al trabajo conjunto con la fuerza aerea y la policia nacional, evitando un ataque que pretendia alterar la seguridad en el departamento.",disidencias de las farc,Combate,Valle Del Cauca,San Pedro,96,Ninguna,False,San Pedro - Valle Del Cauca,{},Ninguno
19466,2025-10-05,noticias caracol,Arauquita,Arauca,Orinoquía,True,True,Rural,Acciones de los grupos armados al margen de la ley,Ataque a instalaciones de la fuerza publica,Ataques contra la fuerza publica,True,eln,,5,"el 9 de octubre de 2025, la base militar del ejercito nacional en puerto jordan, arauca, fue atacada nuevamente bajo modalidad de morteros, en ataque atribuido al eln. algunas granadas penetraron el canton, poniendo en riesgo a los uniformados presentes, aunque sin causar danos graves. el ataque derivo en enfrentamientos entre el batallon de infanteria numero 59 y miembros del eln, con investigaciones en curso. el pasado 5 de octubre hubo un atentado previo con explosivos que dejo un soldado muerto y seis heridos, quienes fueron evacuados a yopal, casanare.",eln,Ataque a instalaciones de la fuerza publica,Arauca,Arauquita,90,Ninguna,False,Arauquita - Arauca,{},Ninguno
19451,2025-10-04,la fm,Anorí,Antioquia,Andina,True,True,Rural,Acciones de los grupos armados al margen de la ley,Hostigamiento,Ataques contra la fuerza publica,True,disidencias de las farc,frente 36,0,"el 3 de octubre se presento un hostigamiento contra la fuerza publica en zona rural de anori, especificamente en el sector el limon, puesto de policia porce 3. hombres pertenecientes a un grupo al margen de la ley (se presume seria el frente 36 de las disidencias) realizaron esta accion con rafagas de fusil y tatucos. no resultaron heridos uniformados policiales. el alcalde de guadalupe aclaro que el puesto de policia pertenece a jurisdiccion de anori, aunque esta en limites. la noticia tambien menciona el hostigamiento del pasado martes en la vereda las lomitas de anori donde murio el subteniente brayan david bello serrano y resultaron heridos tres soldados.",disidencias de las farc,Hostigamiento,Antioquia,Anorí,109,Ninguna,False,Anorí - Antioquia,"{""Agropecuario"": ""Negativo""}",Agropecuario
19452,2025-10-04,soy de buenaventura,Buenaventura,Valle Del Cauca,Pacífico,True,False,Rural,Acciones de la fuerza publica y otros servidores publicos,Combate,Acciones de la fuerza publica,True,otro grupo armado ilegal,los shottas,4,"el 4 de octubre tropas de la brigada de infanteria de marina no. 2, desplegadas en un puesto de control y seguridad vial en el sector de zabaletas (zona rural de buenaventura), ubicaron y detuvieron dos vehiculos cuyos ocupantes hicieron caso omiso a las senales de alto e iniciaron disparos de forma indiscriminada contra los militares. se desencadeno un combate de encuentro que dejo como resultado tres presuntos integrantes del gdo los shottas muertos, uno herido (al que se le brindo atencion medica) y uno capturado. se incautaron siete fusiles, 21 proveedores, 720 cartuchos, granadas, prendas de uso militar y equipos de comunicacion. investigaciones preliminares indican que este grupo estaria actuando en alianza con el frente ernesto che guevara del eln, bajo el mando de alias ""mi sangre"", y serian responsables del homicidio de dos jovenes ocurrido en zabaletas el 29 de agosto de 2025.",otro grupo armado ilegal,Combate,Valle Del Cauca,Buenaventura,145,Ninguna,False,Buenaventura - Valle Del Cauca,"{""Agropecuario"": ""Positivo""}",Agropecuario
19448,2025-10-02,el tiempo,Argelia,Cauca,Pacífico,True,False,Rural,Acciones de los grupos armados al margen de la ley,Ataque a instalaciones de la fuerza publica,Ataques contra la fuerza publica,True,disidencias de las farc,frente carlos patino,0,"segun noticia publicada el 2 de octubre de 2025, disidentes de las farc lanzaron al menos 6 explosivos desde drones contra la base militar charly en el corregimiento de el plateado. los pobladores manifestaron que tuvieron miedo pero que no se danaron casas civiles. este es el tercer ataque bajo esta modalidad que se registra en este corregimiento desde la operacion perseo hace un ano. los campesinos indicaron que ""a cada rato a estos muchachos de la fuerza publica les lanzan explosivos desde drones"" y que prefieren no acercarse mucho a la base militar para evitar ser victimas de estos ataques.",disidencias de las farc,Ataque a instalaciones de la fuerza publica,Cauca,Argelia,101,Ninguna,False,Argelia - Cauca,{},Ninguno
19449,2025-10-02,el pais,Patía,Cauca,Pacífico,True,False,Urbana,Acciones de los grupos armados al margen de la ley,Ataque a instalaciones de la fuerza publica,Ataques contra la fuerza publica,True,disidencias de las farc,estructura carlos patino,3,"el 2 de octubre alrededor de las 3:00 de la tarde disidentes de las farc lanzaron un explosivo desde un dron contra la estacion de policia de el bordo, impactando un espacio entre la estacion, el banco agrario y la alcaldia. tres ciudadanos resultaron heridos: dos transeuntes y una contratista que caminaba por la entrada del centro administrativo municipal. varios vehiculos policiales terminaron averiados por la onda expansiva. otro explosivo cayo sobre una calle del barrio el campin cerca de la estacion, el cual fue desactivado por expertos. gran parte de la cabecera municipal fue acordonada y se incremento el numero de soldados.",disidencias de las farc,Ataque a instalaciones de la fuerza publica,Cauca,Patía,103,Ninguna,True,Patía - Cauca,"{""Financiero"": ""Negativo""}",Financiero
19445,2025-10-01,caracol,Tibú,Norte De Santander,Andina,True,True,Rural,Acciones de los grupos armados al margen de la ley,Enfrentamiento,Enfrentamientos,True,"eln, disidencias de las farc",,3,"enfrentamientos armados entre guerrilleros del eln y disidencias de las farc en la zona rural de tibu. durante los combates se utilizaron drones con explosivos. tres presuntos miembros del eln fueron muertos, incluyendo alias ""halcon"". varios ninos quedaron atrapados en un colegio cercano y familias permanecen confinadas.","eln, disidencias de las farc",Enfrentamiento,Norte De Santander,Tibú,47,Ninguna,False,Tibú - Norte De Santander,"{""Agropecuario"": ""Negativo""}",Agropecuario
19446,2025-10-01,blu radio,Corinto,Cauca,Pacífico,True,False,Rural,Acciones de la fuerza publica y otros servidores publicos,Combate,Acciones de la fuerza publica,True,disidencias de las farc,estructura dagoberto ramos,0,tropas del ejercito sostuvieron combates contra la estructura dagoberto ramos (disidencias de las farc) en zona rural de corinto. se logro el rescate de un menor de edad que estaba en poder del grupo armado. se incauto abundante material explosivo que pretendia ser usado para atacar a la fuerza publica. varios integrantes de la disidencia intentan huir hacia otros sectores del norte del cauca.,disidencias de las farc,Combate,Cauca,Corinto,64,Extorsión,False,Corinto - Cauca,"{""Agropecuario"": ""Negativo""}",Agropecuario
19447,2025-10-01,blu radio,Anorí,Antioquia,Andina,True,True,Rural,Acciones de los grupos armados al margen de la ley,Hostigamiento,Ataques contra la fuerza publica,True,disidencias de las farc,estructura alias calarca,4,"el 1 de octubre, disidencias de alias ""calarca"" hostigaron a un peloton del ejercito que desmontaba una bandera del grupo armado en la vereda las lomita. se activo un campo minado que causo la muerte del teniente brayan david bello serrano. tres soldados resultaron heridos (santiago salazar, angelo ortiz y anuar jarariyu). las disidencias tambien hostigaron dos ambulancias que intentaban prestar atencion primaria a los uniformados. la alcaldia implemento toque de queda hasta el 7 de octubre.",disidencias de las farc,Hostigamiento,Antioquia,Anorí,77,Ninguna,False,Anorí - Antioquia,{},Ninguno
19444,2025-09-29,blu radio,Tarazá,Antioquia,Andina,True,True,Rural,Acciones de los grupos armados al margen de la ley,Enfrentamiento,Enfrentamientos,True,"eln, otro grupo armado ilegal",clan del golfo,0,"el 29 de septiembre de 2025, en las veredas doradas altas, tami y neri, municipio de taraza (antioquia), combates entre el eln y el clan del golfo desplazaron al menos 128 personas (32 menores) hacia el casco urbano del municipio.","eln, otro grupo armado ilegal",Enfrentamiento,Antioquia,Tarazá,40,Ninguna,False,Tarazá - Antioquia,{},Ninguno
19441,2025-09-28,caracol,San Andrés De Cuerquía,Antioquia,Andina,False,False,Rural,Acciones de la fuerza publica y otros servidores publicos,Combate,Acciones de la fuerza publica,True,disidencias de las farc,frente 36,0,"el 28 de septiembre de 2025, en zona rural del municipio de san andres de cuerquia (antioquia), tropas del gaula militar valle de aburra, adscritas a la cuarta brigada del ejercito, sostuvieron combates intensos con integrantes del frente 36 de las disidencias de las farc, que han sido senalados por instalar artefactos explosivos improvisados en corredores viales, extorsionar a la poblacion y perpetrar asesinatos selectivos.",disidencias de las farc,Combate,Antioquia,San Andrés De Cuerquía,65,Ninguna,False,San Andrés De Cuerquía - Antioquia,"{""Agropecuario"": ""Negativo""}",Agropecuario
19443,2025-09-28,el pais,Suárez,Cauca,Pacífico,True,False,Urbana,Acciones de los grupos armados al margen de la ley,Hostigamiento,Ataques contra la fuerza publica,True,,,0,"el 28 de septiembre de 2025, en el municipio de suarez (cauca), se ordenaron toque de queda y ley seca tras ataques con drones y hostigamientos contra la fuerza publica en barrios como el diamante y las veredas la turbina y tamboral.",no identificado,Hostigamiento,Cauca,Suárez,42,Ninguna,False,Suárez - Cauca,{},Ninguno
19431,2025-09-25,tele medellin,Ituango,Antioquia,Andina,True,True,Rural,Acciones de los grupos armados al margen de la ley,Enfrentamiento,Enfrentamientos,True,"otro grupo armado ilegal, disidencias de las farc",frente 18,0,"el 25 de septiembre de 2025, en el corregimiento el aro, municipio de ituango (antioquia), se registraron enfrentamientos entre disidencias de las farc y el clan del golfo por el control territorial, que tienen confinadas a varias familias. veredas vecinas como filadelfia suspendieron clases por razones de seguridad. el frente 18 de las disidencias intentaria retomar el corredor estrategico; la cuarta brigada del ejercito mantiene despliegue para normalizar la situacion.","otro grupo armado ilegal, disidencias de las farc",Enfrentamiento,Antioquia,Ituango,70,Ninguna,False,Ituango - Antioquia,{},Ninguno
19437,2025-09-25,caracol,Ituango,Antioquia,Andina,True,True,Rural,Acciones de los grupos armados al margen de la ley,Enfrentamiento,Enfrentamientos,True,"otro grupo armado ilegal, disidencias de las farc",frente 18; clan del golfo,0,"el 25 de septiembre de 2025, en zona rural del municipio de ituango (antioquia), combates entre disidencias del frente 18 de las farc y el clan del golfo obligaron a suspender las clases en varias veredas.","otro grupo armado ilegal, disidencias de las farc",Enfrentamiento,Antioquia,Ituango,36,Ninguna,False,Ituango - Antioquia,"{""Agropecuario"": ""Negativo""}",Agropecuario
19428,2025-09-24,blu radio,Buenaventura,Valle Del Cauca,Pacífico,True,False,Rural,Acciones de los grupos armados al margen de la ley,Hostigamiento,Ataques contra la fuerza publica,True,disidencias de las farc,estructura wilson gonzalez,0,"el 24 de septiembre de 2025, en el corregimiento bajo calima, zona rural del municipio de buenaventura (valle del cauca), disidencias de las farc identificadas como estructura “wilson gonzalez / jaime martinez” atacaron tropas de la brigada de infanteria de marina no. 2 con granadas lanzadas desde drones y fuego directo. no se reportaron heridos entre militares ni civiles tras el ataque.",disidencias de las farc,Hostigamiento,Valle Del Cauca,Buenaventura,62,Ninguna,False,Buenaventura - Valle Del Cauca,"{""Agropecuario"": ""Negativo""}",Agropecuario
19433,2025-09-23,el pais,Buenaventura,Valle Del Cauca,Pacífico,True,False,Rural,Acciones de los grupos armados al margen de la ley,Enfrentamiento,Enfrentamientos,True,"eln, disidencias de las farc",,0,"el 23 de septiembre de 2025, en el corregimiento bajo calima, zona rural del municipio de buenaventura (valle del cauca), fuertes enfrentamientos entre miembros del eln y disidencias de las farc confino a mas de 300 familias, quienes no han podido salir ni acceder a alimentos ni atencion medica.","eln, disidencias de las farc",Enfrentamiento,Valle Del Cauca,Buenaventura,49,Ninguna,False,Buenaventura - Valle Del Cauca,"{""Agropecuario"": ""Negativo""}",Agropecuario
19436,2025-09-23,el heraldo,Tierralta,Córdoba,Caribe,True,True,Rural,Acciones de la fuerza publica y otros servidores publicos,Combate,Acciones de la fuerza publica,True,otro grupo armado ilegal,clan del golfo,1,"el 23 de septiembre de 2025, en la vereda la esmeralda, municipio de tierralta (cordoba), se registro un combate entre tropas del ejercito nacional, pertenecientes al batallon de infanteria n.° 33 “batalla de junin”, y miembros de la subestructura fernando oquendo estrada del clan del golfo, que dejo un integrante del grupo armado muerto. en el hecho tambien fueron incautados fusil calibre 7,62 mm, 136 cartuchos, un brazalete alusivo al egc, proveedores, un chaleco y un portafusil.",otro grupo armado ilegal,Combate,Córdoba,Tierralta,77,Ninguna,False,Tierralta - Córdoba,{},Ninguno
19440,2025-09-22,blu radio,Tarazá,Antioquia,Andina,True,True,Rural,Acciones de la fuerza publica y otros servidores publicos,Enfrentamiento,Enfrentamientos,True,"eln, otro grupo armado ilegal",clan del golfo,0,"el 22 de septiembre de 2025, en veredas del municipio de taraza (antioquia) —como doradas altas—, combates entre eln y el clan del golfo generaron el desplazamiento de al menos 89 personas (28 familias) hacia los cascos urbanos de taraza y caceres.","eln, otro grupo armado ilegal",Enfrentamiento,Antioquia,Tarazá,42,Ninguna,False,Tarazá - Antioquia,"{""Humanitario"": ""Negativo""}",Humanitario
19426,2025-09-19,caracol,Segovia,Antioquia,Andina,True,False,Rural,Acciones de los grupos armados al margen de la ley,Enfrentamiento,Enfrentamientos,True,"eln, otro grupo armado ilegal, disidencias de las farc",clan del golfo,0,"el 19 de septiembre de 2025, en los sectores del canon de chicamoque y la vereda panama nueve, municipio de segovia y zonas del sur de bolivar, se denunciaron enfrentamientos entre el clan del golfo, el eln y disidencias de las farc, que provocaron mas de 500 desplazamientos y al menos un civil degollado, segun informantes locales. se reportaron tambien fallecidos entre los grupos armados involucrados y viviendas impactadas por fuego cruzado; las comunidades denuncian amenazas de incendios y confinamientos por la violencia.","eln, otro grupo armado ilegal, disidencias de las farc",Enfrentamiento,Antioquia,Segovia,83,Ninguna,False,Segovia - Antioquia,{},Ninguno
19422,2025-09-18,caracol,Amalfi,Antioquia,Andina,True,False,Rural,Acciones de los grupos armados al margen de la ley,Hostigamiento,Ataques contra la fuerza publica,True,disidencias de las farc,,0,"el 18 de septiembre de 2025, tras un hostigamiento atribuido a disidencias de las farc en la zona rural entre amalfi y anori (antioquia), las autoridades incrementaron las medidas de seguridad en ambos municipios. se desplegaron refuerzos de la policia y el ejercito nacional para garantizar la proteccion de la poblacion local y prevenir nuevos actos violentos.",disidencias de las farc,Hostigamiento,Antioquia,Amalfi,57,Ninguna,True,Amalfi - Antioquia,"{""Agropecuario"": ""Negativo""}",Agropecuario
19424,2025-09-18,tele medellin,Frontino,Antioquia,Andina,False,False,Rural,Acciones de la fuerza publica y otros servidores publicos,Combate,Acciones de la fuerza publica,True,otro grupo armado ilegal,clan del golfo,3,"el 18 de septiembre de 2025, en zona rural del municipio de frontino (antioquia), tropas del ejercito nacional sostuvieron un combate con integrantes del clan del golfo, que dejo tres soldados heridos: los profesionales jesus david otero atencio y jean carlos rivas contreras, y el cabo segundo bayron robeiro portillo lucero.",otro grupo armado ilegal,Combate,Antioquia,Frontino,51,Ninguna,False,Frontino - Antioquia,"{""Agropecuario"": ""Negativo""}",Agropecuario
19434,2025-09-18,el colombiano,Frontino,Antioquia,Andina,False,False,Rural,Acciones de la fuerza publica y otros servidores publicos,Combate,Acciones de la fuerza publica,True,otro grupo armado ilegal,clan del golfo,3,"el 18 de septiembre de 2025, en zona rural del municipio de frontino (antioquia), se registro un combate entre tropas del ejercito nacional y el clan del golfo, que dejo tres militares heridos: los soldados profesionales jesus david otero atencio y jean carlos rivas contreras, y el cabo segundo bayron robeiro portillo lucero.",otro grupo armado ilegal,Combate,Antioquia,Frontino,53,Ninguna,False,Frontino - Antioquia,"{""Agropecuario"": ""Negativo""}",Agropecuario
19423,2025-09-17,la opinion,Tibú,Norte De Santander,Andina,True,True,Rural,Acciones de los grupos armados al margen de la ley,Enfrentamiento,Enfrentamientos,True,"eln, disidencias de las farc",,0,"el 17 de septiembre de 2025, en zona rural del municipio de tibu (norte de santander), se reporto un grave enfrentamiento entre eln y disidencias de las farc, que dejo varios guerrilleros muertos y heridos, segun versiones locales. las autoridades aun no han confirmado cifras oficiales, mientras la comunidad denuncio intensos intercambios de fuego y movimientos de cuerpos tras la confrontacion.","eln, disidencias de las farc",Enfrentamiento,Norte De Santander,Tibú,61,Ninguna,False,Tibú - Norte De Santander,"{""Agropecuario"": ""Negativo""}",Agropecuario
19429,2025-09-17,el colombiano,Briceño,Antioquia,Andina,True,True,Rural,Acciones de los grupos armados al margen de la ley,Enfrentamiento,Enfrentamientos,True,"disidencias de las farc, otro grupo armado ilegal",clan del golfo,0,"el 17 de septiembre de 2025, en la vereda morron, municipio de briceno (antioquia), se produjo un enfrentamiento entre facciones enfrentadas al interior de las disidencias de las farc, que dejo dos personas muertas. el hecho se registro cerca a una institucion educativa, generando temor entre estudiantes que tuvieron que refugiarse mientras las detonaciones ocurrian.","disidencias de las farc, otro grupo armado ilegal",Enfrentamiento,Antioquia,Briceño,55,Ninguna,False,Briceño - Antioquia,{},Ninguno
19425,2025-09-16,el espectador,Bugalagrande,Valle Del Cauca,Pacífico,False,False,Rural,Acciones de la fuerza publica y otros servidores publicos,Combate,Acciones de la fuerza publica,True,disidencias de las farc,frente adan izquierdo,2,"el 16 de septiembre de 2025, en zona rural del municipio de buga (valle del cauca), tropas del ejercito nacional sostuvieron un combate con integrantes de la estructura adan izquierdo de las disidencias de las farc. el enfrentamiento dejo un soldado profesional muerto, identificado como juan david arrieta vargas, y otro herido, el soldado hernan escue casamachin.",disidencias de las farc,Combate,Valle Del Cauca,Bugalagrande,57,Ninguna,False,Bugalagrande - Valle Del Cauca,"{""Agropecuario"": ""Negativo""}",Agropecuario
19427,2025-09-16,rcn,Briceño,Antioquia,Andina,True,True,Rural,Acciones de los grupos armados al margen de la ley,Enfrentamiento,Enfrentamientos,True,,,0,"el 16 de septiembre de 2025, en el sector el morro, zona rural del municipio de briceno (norte de antioquia), se registraron enfrentamientos entre grupos armados ilegales, que dejaron un presunto combatiente muerto y una motocicleta incinerada.",no identificado,Enfrentamiento,Antioquia,Briceño,37,Ninguna,False,Briceño - Antioquia,"{""Agropecuario"": ""Negativo""}",Agropecuario
19435,2025-09-16,w radio,Nóvita,Chocó,Pacífico,True,False,Rural,Acciones de la fuerza publica y otros servidores publicos,Combate,Acciones de la fuerza publica,True,otro grupo armado ilegal,clan del golfo,3,"el 16 de septiembre de 2025, en zona rural del municipio de novita (choco), tropas del ejercito nacional en el marco de la operacion militar ofensiva “sigilo” neutralizaron a tres integrantes de la subestructura jader benitez pantoja del clan del golfo. durante el operativo se incautaron dos fusiles, un revolver, mas de 16 equipos de campana, explosivos y material de intendencia.",otro grupo armado ilegal,Combate,Chocó,Nóvita,61,Ninguna,False,Nóvita - Chocó,"{""Agropecuario"": ""Negativo""}",Agropecuario
19438,2025-09-16,semana,Tame,Arauca,Orinoquía,True,False,Rural,Acciones de la fuerza publica y otros servidores publicos,Combate,Acciones de la fuerza publica,True,eln,,1,"16 de septiembre de 2025, en la vereda canoas, zona rural del municipio de tame (arauca), tropas de la octava division del ejercito nacional sostuvieron combates con miembros del eln, en los que fue dado de baja un presunto integrante del grupo armado.",eln,Combate,Arauca,Tame,43,Ninguna,False,Tame - Arauca,"{""Agropecuario"": ""Negativo""}",Agropecuario
19430,2025-09-15,caracol,Cajibío,Cauca,Pacífico,True,False,Rural,Acciones de los grupos armados al margen de la ley,Ataque a instalaciones de la fuerza publica,Ataques contra la fuerza publica,True,disidencias de las farc,ala mordisco,7,"el 15 de septiembre de 2025, en el corregimiento el carmelo (cajibio, cauca), disidencias de las farc atacaron la estacion de policia con explosivos y rafagas de fusil, en un hecho que causo la muerte del patrullero david fabian rodriguez navarro y dejo a seis uniformados heridos. las detonaciones tambien impactaron infraestructura local como la casa cural y viviendas vecinas, provocando panico entre los habitantes que grabaron audios pidiendo ayuda.",disidencias de las farc,Ataque a instalaciones de la fuerza publica,Cauca,Cajibío,70,Ninguna,True,Cajibío - Cauca,{},Ninguno
19439,2025-09-15,el tiempo,Arenal,Bolívar,Caribe,True,False,Rural,Acciones de los grupos armados al margen de la ley,Enfrentamiento,Enfrentamientos,True,"eln, otro grupo armado ilegal",clan del golfo,0,"el 15 de septiembre de 2025, en el municipio de arenal del sur (bolivar) y zonas aledanas, enfrentamientos entre eln y el clan del golfo provocaron una emergencia humanitaria, con mas de 800 desplazados y cerca de 5.000 personas confinadas en territorios rurales, sin acceso a servicios basicos ni movilidad.","eln, otro grupo armado ilegal",Enfrentamiento,Bolívar,Arenal,50,Ninguna,False,Arenal - Bolívar,{},Ninguno
19383,2025-09-14,el tiempo,Cajibío,Cauca,Pacífico,True,False,Rural,Acciones de los grupos armados al margen de la ley,Hostigamiento,Ataques contra la fuerza publica,True,,,5,"el 14 de septiembre de 2025, en el corregimiento el carmelo del municipio de cajibio (cauca), se registro un ataque con rafagas de fusil y explosivos contra la estacion de policia, que dejo 2 uniformados muertos, 4 heridos y danos en la infraestructura del poblado.",no identificado,Hostigamiento,Cauca,Cajibío,45,Ninguna,True,Cajibío - Cauca,{},Ninguno
19384,2025-09-14,el tiempo,Silvia,Cauca,Pacífico,False,False,,Acciones de los grupos armados al margen de la ley,Hostigamiento,Ataques contra la fuerza publica,True,,,0,"el 14 de septiembre de 2025, en el municipio de silvia (cauca) se reporto un hostigamiento armado contra la estacion de policia en el casco urbano con disparos de fusil por parte de estructuras armadas ilegales, generando alarma entre los habitantes.",no identificado,Hostigamiento,Cauca,Silvia,41,Ninguna,False,Silvia - Cauca,{},Ninguno
19385,2025-09-14,el tiempo,Caloto,Cauca,Pacífico,True,False,,Acciones de los grupos armados al margen de la ley,Hostigamiento,Ataques contra la fuerza publica,True,,,0,"el 14 de septiembre de 2025, se registro hostigamiento armado en caloto (cauca), dentro del contexto de ataques simultaneos en la region.",no identificado,Hostigamiento,Cauca,Caloto,22,Ninguna,False,Caloto - Cauca,{},Ninguno
19386,2025-09-14,el tiempo,Corinto,Cauca,Pacífico,True,False,,Acciones de los grupos armados al margen de la ley,Hostigamiento,Ataques contra la fuerza publica,True,,,0,"el 14 de septiembre de 2025, corinto (cauca) la fuerza publica reporrto que sufrio un hostigamiento armado como parte de la seguidilla de ataques en el oriente del departamento.",no identificado,Hostigamiento,Cauca,Corinto,29,Ninguna,False,Corinto - Cauca,{},Ninguno
19387,2025-09-14,el tiempo,Toribío,Cauca,Pacífico,True,False,,Acciones de los grupos armados al margen de la ley,Hostigamiento,Ataques contra la fuerza publica,True,,,0,"el 14 de septiembre de 2025, toribio (cauca) fue escenario de hostigamientos en el marco de la ofensiva simultanea contra estaciones de policia en el oriente del departamento.",no identificado,Hostigamiento,Cauca,Toribío,28,Ninguna,False,Toribío - Cauca,{},Ninguno
19388,2025-09-14,el tiempo,Miranda,Cauca,Pacífico,True,True,,Acciones de los grupos armados al margen de la ley,Hostigamiento,Ataques contra la fuerza publica,True,,,0,"el 14 de septiembre de 2025, miranda (cauca) tambien se vio afectado por hostigamientos armados dentro de la cadena de ataques en la zona oriental del cauca.",no identificado,Hostigamiento,Cauca,Miranda,27,Ninguna,False,Miranda - Cauca,{},Ninguno
19402,2025-09-14,caracol,Santiago De Cali,Valle Del Cauca,Pacífico,False,False,Urbana,Acciones de los grupos armados al margen de la ley,Emboscada,Ataques contra la fuerza publica,True,,,1,"el 14 de septiembre de 2025, fallecio el patrullero fabian andres ferreira, quien habia resultado herido el 5 de septiembre de 2025 durante un ataque con fusil en el oriente de cali (valle del cauca). ese dia, uniformados acudieron a un llamado por una presunta emergencia en el barrio manuela beltran, momento en el cual fueron atacados con rafagas; como respuesta, la policia abatio a un presunto delincuente y capturo a dos mas.",no identificado,Emboscada,Valle Del Cauca,Santiago De Cali,73,Ninguna,False,Santiago De Cali - Valle Del Cauca,{},Ninguno
19415,2025-09-14,caracol,Yarumal,Antioquia,Andina,False,False,Urbana,Acciones de los grupos armados al margen de la ley,Activacion de artefacto explosivo,Ataque a infraestructura y bienes civiles,True,,,0,"el 14 de septiembre de 2025, en la zona urbana del municipio de yarumal (antioquia), un artefacto exploto junto a la via medellin-costa atlantica, generando danos materiales en viviendas y vehiculos, pero sin que se reportaran victimas fatales. la policia metropolitana de pereira adelanta la investigacion para identificar a los responsables y reforzar la seguridad en el corredor vial.",no identificado,Activacion de artefacto explosivo,Antioquia,Yarumal,59,Ninguna,False,Yarumal - Antioquia,{},Ninguno
19416,2025-09-14,el meridiano,Buenavista,Córdoba,Caribe,False,False,Rural,Acciones de la fuerza publica y otros servidores publicos,Combate,Acciones de la fuerza publica,True,otro grupo armado ilegal,clan del golfo,0,"el fin de semana del 13 y 14 de septiembre de 2025, en el corregimiento tierra santa, municipio de buenavista (cordoba), tropas de la decima primera brigada del ejercito nacional sostuvieron combates con presuntos integrantes del clan del golfo, en el marco de operaciones de proteccion a la poblacion civil. en la accion se incautaron un arma corta, un proveedor y siete cartuchos calibre 9 mm.",otro grupo armado ilegal,Combate,Córdoba,Buenavista,66,Ninguna,False,Buenavista - Córdoba,"{""Agropecuario"": ""Negativo""}",Agropecuario
19414,2025-09-12,el tiempo,Tibú,Norte De Santander,Andina,True,True,Rural,Acciones de los grupos armados al margen de la ley,Combate,Acciones de la fuerza publica,True,eln,,1,"el 12 de septiembre de 2025, en la zona rural del municipio de tibu (norte de santander), se registraron combates entre tropas del ejercito nacional y miembros del eln durante un control de via en el sector de bucarasica, en el catatumbo. el enfrentamiento dejo un presunto integrante del grupo armado herido, otro capturado y la incautacion de dos vehiculos.",eln,Combate,Norte De Santander,Tibú,60,Ninguna,False,Tibú - Norte De Santander,"{""Agropecuario"": ""Positivo""}",Agropecuario
19417,2025-09-11,el pais,Bolívar,Cauca,Pacífico,False,False,Rural,Acciones de los grupos armados al margen de la ley,Enfrentamiento,Enfrentamientos,True,"eln, disidencias de las farc",,0,"el 11 de septiembre de 2025, en el corregimiento la carbonera, zona rural del municipio de bolivar (cauca), se registro un enfrentamiento entre integrantes del eln y las disidencias de las farc, lo que genero temor y desplazamiento preventivo entre los habitantes.","eln, disidencias de las farc",Enfrentamiento,Cauca,Bolívar,42,Ninguna,False,Bolívar - Cauca,"{""Agropecuario"": ""Negativo"", ""Humanitario"": ""Negativo""}","Agropecuario, Humanitario"
19379,2025-09-10,el colombiano,Medellín,Antioquia,Andina,False,False,Rural,Acciones de los grupos armados al margen de la ley,Ataque a infraestructura energetica,Ataque a infraestructura y bienes civiles,True,,,0,"ataque con explosivos derribo torre de energia de alta tension en el sector la asomadera, cerca de la via las palmas, medellin (antioquia), el 10/09/2025. segun epm, no se han reportado afectaciones al servicio electrico en la ciudad. el alcalde aseguro que las detonaciones estarian vinculadas al frente 36 de las disidencias de las farc como represalia por un operativo en campamento.",no identificado,Ataque a infraestructura energetica,Antioquia,Medellín,62,Ninguna,False,Medellín - Antioquia,"{""Energético"": ""Negativo""}",Energético
19381,2025-09-10,el pais,Campamento,Antioquia,Andina,False,False,Rural,Acciones de los grupos armados al margen de la ley,Combate,Acciones de la fuerza publica,True,disidencias de las farc,frente 36,4,"el 10 de septiembre de 2025, en la vereda el manzanillo, municipio de campamento, antioquia, fueron dados de baja cuatro miembros del frente 36 de las disidencias de las farc implicados en el ataque con explosivos contra un helicoptero en amalfi, que dejo 13 policias muertos.",disidencias de las farc,Combate,Antioquia,Campamento,46,Ninguna,False,Campamento - Antioquia,{},Ninguno
19401,2025-09-10,rcn,Urrao,Antioquia,Andina,False,False,Rural,Acciones de los grupos armados al margen de la ley,Activacion de artefacto explosivo,Ataque a infraestructura y bienes civiles,True,,,1,"el 10 de septiembre de 2025, en zona rural del municipio de urrao (antioquia), ivan restrepo gomez, de 26 anos, sufrio heridas al pisar un artefacto explosivo tipo mina antipersonal en la vereda los pavones. fue evacuado por la fuerza aeroespacial colombiana, mediante un helicoptero “angel”, hasta el hospital san vicente fundacion de rionegro, donde recibio atencion especializada.",no identificado,Activacion de artefacto explosivo,Antioquia,Urrao,58,Minería,False,Urrao - Antioquia,"{""Minero"": ""Negativo"", ""Agropecuario"": ""Negativo""}","Minero, Agropecuario"
19409,2025-09-10,alertas santanderes,Sardinata,Norte De Santander,Andina,True,True,Rural,Acciones de los grupos armados al margen de la ley,Quema de vehiculo,Ataque a infraestructura y bienes civiles,True,,,0,"el 10 de septiembre de 2025, en la via que conecta las minas hasta el casco del municipio de sardinata (norte de santander), fue interceptada una volqueta de carga de minerales por hombres armados, quienes obligaron al conductor a descender y posteriormente incendiaron el vehiculo. el hecho se suma a varios episodios similares en la region, atribuidos a grupos armados que exigen “cuotas” o extorsiones al sector transporte.",no identificado,Quema de vehiculo,Norte De Santander,Sardinata,68,Ninguna,False,Sardinata - Norte De Santander,{},Ninguno
19389,2025-09-09,semana,Morales,Bolívar,Caribe,True,False,Rural,Acciones de los grupos armados al margen de la ley,Hostigamiento,Ataques contra la fuerza publica,True,eln,,6,"el 9 de septiembre de 2025, en la vereda san isidro, lindera entre los municipios de santa rosa y morales (bolivar), un dron cargado con explosivos fue lanzado contra tropas del batallon de operaciones terrestres no. 8 del ejercito nacional, lo que causo la muerte de dos soldados profesionales, identificados como danier felipe munoz ortiz y cristian andres hernandez jimenez, y dejo gravemente heridos a cuatro uniformados mas. el ejercito atribuyo el ataque al eln y condeno el hecho como una grave violacion al derecho internacional humanitario, mientras continua operaciones militares en la zona para garantizar la seguridad.",eln,Hostigamiento,Bolívar,Morales,98,Ninguna,False,Morales - Bolívar,"{""Humanitario"": ""Negativo""}",Humanitario
19391,2025-09-09,semana,Morales,Bolívar,Caribe,True,False,Rural,Acciones de los grupos armados al margen de la ley,Hostigamiento,Ataques contra la fuerza publica,True,eln,,2,"el 9 de septiembre de 2025, en la vereda san isidro, entre los municipios de santa rosa y morales (sur de bolivar), un ataque con explosivos lanzados desde un dron atribuido al eln causo la muerte de dos soldados profesionales del batallon de operaciones terrestres n.° 8 y dejo heridos a varios uniformados, en una accion que el ejercito califico como “terrorista”.",eln,Hostigamiento,Bolívar,Morales,62,Ninguna,False,Morales - Bolívar,{},Ninguno
19392,2025-09-09,semana,Tibú,Norte De Santander,Andina,True,True,Rural,Acciones de la fuerza publica y otros servidores publicos,Combate,Acciones de la fuerza publica,True,eln,,1,"el 9 de septiembre de 2025, en la vereda las delicias, municipio de tibu (norte de santander), se produjo un enfrentamiento entre tropas de la fuerza de tarea vulcano del ejercito nacional y miembros del frente juan fernando porras martinez del eln, durante operaciones de control territorial. el combate dejo como saldo la muerte del soldado profesional yamid araque cely, quien resulto gravemente herido y fallecio mientras era atendido por enfermeros de combate.",eln,Combate,Norte De Santander,Tibú,73,Ninguna,False,Tibú - Norte De Santander,{},Ninguno
19411,2025-09-09,caracol,Valdivia,Antioquia,Andina,True,False,Rural,Acciones de los grupos armados al margen de la ley,Combate,Acciones de la fuerza publica,True,otro grupo armado ilegal,clan del golfo,1,"el 9 de septiembre de 2025, en la vereda pensilvania, zona rural del municipio de valdivia (antioquia), tropas de la brigada 11 del ejercito nacional sostuvieron combates con integrantes del clan del golfo. un soldado profesional resulto herido y fue evacuado a medellin, mientras que un presunto miembro del grupo ilegal fue neutralizado. en el lugar se incautaron armas, municion (271 cartuchos calibre 7,62 mm), proveedores, un fusil, equipos de comunicacion y prendas de uso privativo de las fuerzas armadas.",otro grupo armado ilegal,Combate,Antioquia,Valdivia,80,Ninguna,False,Valdivia - Antioquia,"{""Agropecuario"": ""Negativo""}",Agropecuario
19397,2025-09-08,la guajira hoy,Uribia,La Guajira,Caribe,False,False,Rural,Acciones de los grupos armados al margen de la ley,Activacion de artefacto explosivo,Ataque a infraestructura y bienes civiles,True,,,0,"la noche del 8 de septiembre de 2025, en los kilometros 40 y 67 de la linea ferrea que une la mina de cerrejon con puerto bolivar, en jurisdiccion del municipio de uribia (la guajira), se activaron dos artefactos explosivos, generando panico entre comunidades cercanas; no se reportaron personas heridas.",no identificado,Activacion de artefacto explosivo,La Guajira,Uribia,50,Minería,False,Uribia - La Guajira,"{""Minero"": ""Negativo""}",Minero
19398,2025-09-08,infobae,Puerto Leguízamo,Putumayo,Amazonia,True,True,Rural,Acciones de los grupos armados al margen de la ley,Hostigamiento,Ataques contra la fuerza publica,True,disidencias de las farc,frente carolina ramirez,3,"el 8 de septiembre de 2025, en el corregimiento la tagua, zona rural de puerto leguizamo (putumayo), se registro un ataque con explosivos contra un puesto de la armada nacional. el incidente dejo tres infantes de marina heridos, uno de ellos en estado grave, y causo danos a dos buques y un elemento de combate fluvial. fuentes militares atribuyen la accion al grupo armado organizado residual carolina ramirez, aunque no se descarta la participacion de otros grupos ilegales que operan en la zona.",disidencias de las farc,Hostigamiento,Putumayo,Puerto Leguízamo,83,Ninguna,False,Puerto Leguízamo - Putumayo,"{""Agropecuario"": ""Negativo""}",Agropecuario
19405,2025-09-08,semana,Buriticá,Antioquia,Andina,False,False,Urbana,Acciones de los grupos armados al margen de la ley,Emboscada,Ataques contra la fuerza publica,True,,,1,"el 8 de septiembre de 2025, en el casco urbano del municipio de buritica (antioquia), una patrulla de la policia fue atacada con armas de fuego; el sargento segundo jhon freddy castano resulto herido en uno de sus brazos.",no identificado,Emboscada,Antioquia,Buriticá,39,Ninguna,False,Buriticá - Antioquia,{},Ninguno
19410,2025-09-08,el pais,Corinto,Cauca,Pacífico,True,False,Urbana,Acciones de los grupos armados al margen de la ley,Ataque a instalaciones de la fuerza publica,Ataques contra la fuerza publica,True,,,0,"el 8 de septiembre de 2025, un dron cargado con explosivos fue lanzado contra la estacion de policia del municipio de corinto (cauca), causando una explosion que duro varias horas y dejando danos estructurales en las instalaciones. las autoridades investigan el hecho y evaluan la gravedad de las lesiones entre los uniformados heridos, atribuyendo el ataque a grupos armados ilegales que operan en la region.",no identificado,Ataque a instalaciones de la fuerza publica,Cauca,Corinto,65,Ninguna,False,Corinto - Cauca,{},Ninguno
19380,2025-09-07,el tiempo,San Pablo,Bolívar,Caribe,True,True,Rural,Acciones de la fuerza publica y otros servidores publicos,Combate,Acciones de la fuerza publica,True,otro grupo armado ilegal,clan del golfo,1,"el 7 de septiembre de 2025, en zona rural de san pablo, sur de bolivar, se registraron combates entre tropas del ejercito nacional y estructuras del clan del golfo en la serrania de san lucas, lo que provoco el desplazamiento de 1.052 personas de las veredas la loba y san martin de loba. durante la operacion militar fue dado de baja alias “frank”, senalado como cabecilla urbano del clan del golfo. las fuerzas militares mantienen presencia en el area para controlar la situacion, verificar la posible instalacion de minas antipersonal y adoptar medidas de proteccion a las comunidades.",otro grupo armado ilegal,Combate,Bolívar,San Pablo,98,Ninguna,False,San Pablo - Bolívar,"{""Agropecuario"": ""Negativo"", ""Humanitario"": ""Negativo""}","Agropecuario, Humanitario"
19418,2025-09-07,el tiempo,San Pablo,Bolívar,Caribe,True,True,Rural,Acciones de la fuerza publica y otros servidores publicos,Combate,Acciones de la fuerza publica,True,otro grupo armado ilegal,clan del golfo,1,"el 7 de septiembre de 2025, en zona rural del municipio de san pablo (sur de bolivar), se registraron enfrentamientos entre tropas de la fuerza de tarea conjunta marte del ejercito nacional y estructuras del clan del golfo, en el area de la serrania de san lucas. los combates ocasionaron el desplazamiento de mas de 1.000 personas provenientes de las veredas la loba y san martin de loba. durante las operaciones fue dado de baja alias “frank”, identificado como cabecilla urbano de la estructura.",otro grupo armado ilegal,Combate,Bolívar,San Pablo,84,Ninguna,False,San Pablo - Bolívar,"{""Agropecuario"": ""Negativo"", ""Humanitario"": ""Negativo""}","Agropecuario, Humanitario"
19412,2025-09-06,caracol,San José De La Montaña,Antioquia,Andina,False,False,Rural,Acciones de la fuerza publica y otros servidores publicos,Combate,Acciones de la fuerza publica,True,,,1,"el 6 de septiembre de 2025, en la via san jose de la montana – hidroituango (norte de antioquia), tropas del ejercito nacional con puesto de control interceptaron un vehiculo con tres ocupantes sospechosos. al recibir senal de parada, los ocupantes abrieron fuego contra los uniformados, iniciandose un combate que duro varios minutos. los atacantes huyeron a pie abandonando el carro; no se reportaron bajas entre la fuerza publica.",no identificado,Combate,Antioquia,San José De La Montaña,69,Ninguna,False,San José De La Montaña - Antioquia,{},Ninguno
19393,2025-09-05,blu radio,Santa Rosa Del Sur,Bolívar,Caribe,True,True,Rural,Acciones de los grupos armados al margen de la ley,Combate,Acciones de la fuerza publica,True,eln,,1,"el 5 de septiembre de 2025, en inmediaciones del corregimiento la marizosa, zona rural de santa rosa del sur (bolivar), se registraron combates entre tropas de la fuerza de despliegue rapido de la primera division del ejercito nacional y miembros del eln, en el marco de una ofensiva para recuperar control territorial. durante el enfrentamiento fallecio un integrante del eln; ademas, las fuerzas militares incautaron un fusil y varios proveedores.",eln,Combate,Bolívar,Santa Rosa Del Sur,70,Ninguna,False,Santa Rosa Del Sur - Bolívar,"{""Agropecuario"": ""Negativo""}",Agropecuario
19390,2025-09-04,el heraldo,Sucre,Cauca,Pacífico,False,False,Rural,Acciones de la fuerza publica y otros servidores publicos,Combate,Acciones de la fuerza publica,True,disidencias de las farc,frente andres patino,2,"la noche del 4 de septiembre de 2025, en la vereda cascada, zona rural del municipio de sucre (cauca), tropas del batallon de alta montana no. 4 del ejercito nacional sostuvieron combates contra la disidencia “estructura andres patino” de las disidencias de las farc, lo que dejo dos soldados profesionales muertos: jaduer cordoba ruiz (oriundo de dagua, valle del cauca) y jheison jose puchaina barliza (procedente de manaure, la guajira). el ejercito afirmo que continuara sus operaciones ofensivas en la zona para neutralizar a los responsables.",disidencias de las farc,Combate,Cauca,Sucre,86,Ninguna,False,Sucre - Cauca,"{""Agropecuario"": ""Negativo""}",Agropecuario
19399,2025-09-04,el pais,Jamundí,Valle Del Cauca,Pacífico,False,False,Rural,Acciones de los grupos armados al margen de la ley,Hostigamiento,Ataques contra la fuerza publica,True,disidencias de las farc,frenta jaime martinez,3,"la noche del 4 de septiembre de 2025, en la vereda la pradera, corregimiento villa colombia, municipio de jamundi (valle del cauca), un dron con explosivos cayo sobre una vivienda mientras las tropas del ejercito participaban en combates contra disidencias de las farc, dejando tres civiles heridos por esquirlas, entre ellos una menor de catorce anos. el artefacto causo danos parciales en la estructura del inmueble y genero alarma entre vecinos. las autoridades atribuyeron el ataque al frente jaime martinez y anunciaron refuerzo militar en la zona para proteger a la poblacion.",disidencias de las farc,Hostigamiento,Valle Del Cauca,Jamundí,92,Ninguna,False,Jamundí - Valle Del Cauca,{},Ninguno
19403,2025-09-04,la opinion,Chinácota,Norte De Santander,Andina,False,False,Rural,Acciones de los grupos armados al margen de la ley,Quema de vehiculo,Ataque a infraestructura y bienes civiles,True,,,0,"el 4 de septiembre de 2025, en la via la donjuana – chinacota (norte de santander), fue interceptado un camion de bebidas gaseosas de la empresa postobon, cuyo conductor fue obligado a descender antes de que el vehiculo fuera incendiado completamente por hombres armados.",no identificado,Quema de vehiculo,Norte De Santander,Chinácota,44,Ninguna,True,Chinácota - Norte De Santander,{},Ninguno
19442,2025-09-04,el tiempo,El Charco,Nariño,Pacífico,True,False,Rural,Acciones de la fuerza publica y otros servidores publicos,Combate,Acciones de la fuerza publica,True,disidencias de las farc,frente 30 refael aguilera,0,"desde el 27 de septiembre de 2025, en el municipio de el charco (narino) se han intensificado enfrentamientos entre tropas del ejercito nacional y la estructura 30 rafael aguilera de las disidencias de las farc. estas hostilidades han provocado el desplazamiento de 1.937 personas (808 familias), entre ellas 392 ninos, ninas y adolescentes, ademas de 90 personas confinadas en 28 familias asentadas en 9 veredas de los consejos comunitarios afrodescendientes.",disidencias de las farc,Combate,Nariño,El Charco,70,Ninguna,False,El Charco - Nariño,"{""Humanitario"": ""Negativo""}",Humanitario
19394,2025-09-03,semana,Saravena,Arauca,Orinoquía,True,False,Urbana,Acciones de los grupos armados al margen de la ley,Hostigamiento,Ataques contra la fuerza publica,True,eln,,4,"l 3 de septiembre de 2025, en el casco urbano de saravena (arauca), un ataque armado perpetrado contra el anillo de seguridad de la estacion de policia dejo dos policias muertos —el intendente jaime moreno cuasialpud y el patrullero juan david perez bechara— y dos uniformados heridos, mientras realizaban labores de inteligencia de la seccional de investigacion criminal (sijin). el hecho fue atribuido al eln, que reivindico la accion como represalia; el departamento de policia arauca ofrecio hasta $200 millones de recompensa por informacion que conduzca al paradero de los responsables.",eln,Hostigamiento,Arauca,Saravena,91,Ninguna,False,Saravena - Arauca,{},Ninguno
19395,2025-09-03,caracol,La Celia,Risaralda,Andina,False,False,Rural,Acciones de los grupos armados al margen de la ley,Quema de vehiculo,Ataque a infraestructura y bienes civiles,True,,,0,"el 3 de septiembre de 2025, en la via panamericana que comunica risaralda con choco, en jurisdiccion del municipio de la celia (risaralda), fueron incinerados tres vehiculos por parte de desconocidos, quienes bloquearon el paso e intimidaron a los conductores. el hecho interrumpio el transito en la zona y genero alteraciones en la movilidad regional, hasta que autoridades habilitaron rutas alternas y adelantaron investigaciones para identificar a los responsables.",no identificado,Quema de vehiculo,Risaralda,La Celia,69,Ninguna,False,La Celia - Risaralda,{},Ninguno
19406,2025-09-03,la fm,Puerto Rondón,Arauca,Orinoquía,False,False,Rural,Acciones de los grupos armados al margen de la ley,Combate,Acciones de la fuerza publica,True,disidencias de las farc,frente 28,3,"el 3 de septiembre de 2025, en la vereda el palmar, municipio de puerto rondon (arauca), tropas del ejercito nacional, en el marco del plan ayacucho plus, abatieron a tres integrantes de la subestructura 28 de las disidencias de las farc. en la operacion se incautaron 40 balones bomba, ademas de fusiles, explosivos, uniformes, municion, equipos de comunicaciones, una antena satelital, tractor y otros elementos logisticos.",disidencias de las farc,Combate,Arauca,Puerto Rondón,66,Ninguna,False,Puerto Rondón - Arauca,"{""Agropecuario"": ""Negativo""}",Agropecuario
19419,2025-09-03,la voz del cinaruco,Tame,Arauca,Orinoquía,True,False,Rural,Acciones de los grupos armados al margen de la ley,Hostigamiento,Ataques contra la fuerza publica,True,eln,,0,"el 3 de septiembre de 2025, en zona rural del municipio de tame (arauca), el eln aseguro haber lanzado un ataque contra tropas del ejercito nacional, reportando destruccion de una tanqueta y bajas entre los uniformados; hasta ahora, el ejercito no ha emitido pronunciamiento oficial. segun poblacion local, los hechos ocurrieron en las veredas la hermosa, alto cauca y la arabia.",eln,Hostigamiento,Arauca,Tame,61,Ninguna,True,Tame - Arauca,"{""Agropecuario"": ""Positivo""}",Agropecuario
19382,2025-09-02,el espectador,Patía,Cauca,Pacífico,True,False,Rural,Acciones de los grupos armados al margen de la ley,Hostigamiento,Ataques contra la fuerza publica,True,disidencias de las farc,frente carlos patino,2,"el 2 de septiembre de 2025, en la vereda la fonda, municipio de el patia, cauca, se activo un carro bomba contra tropas del batallon de alta montana 4 del ejercito nacional, cuando respondian a una denuncia por robo de tractomula; el ataque dejo con heridas leves a un suboficial y a un soldado profesional, quienes estan fuera de peligro. el ejercito atribuye el hecho a la estructura carlos patino de las disidencias de las farc, mientras mantiene presencia en la zona y adelanta acciones de seguridad para evitar nuevos ataques.",disidencias de las farc,Hostigamiento,Cauca,Patía,91,Ninguna,False,Patía - Cauca,{},Ninguno
19404,2025-09-02,el espectador,El Tambo,Cauca,Pacífico,True,True,Rural,Acciones de la fuerza publica y otros servidores publicos,Combate,Acciones de la fuerza publica,True,disidencias de las farc,frente carlos patino,0,"el 2 de septiembre de 2025, en la vereda llano grande del municipio de el tambo (cauca), tropas del ejercito nacional, apoyadas por la fuerza aeroespacial colombiana y la policia nacional, capturaron a fardey diaz, alias “stiven”, presunto cabecilla de escuadra de la estructura carlos patino de las disidencias de las farc. en el operativo, que involucro combates con esa estructura, tambien fue recuperado un menor de edad reclutado por el grupo y se confiscaron mas de 2.000 cartuchos, explosivos, armas, uniformes y equipos de comunicacion.",disidencias de las farc,Combate,Cauca,El Tambo,86,Ninguna,False,El Tambo - Cauca,{},Ninguno
19407,2025-09-02,la fm,Tibú,Norte De Santander,Andina,True,True,Rural,Acciones de los grupos armados al margen de la ley,Combate,Acciones de la fuerza publica,True,"eln, disidencias de las farc",frente 33,9,"el 2 de septiembre de 2025, en la vereda 20 de julio, zona rural del municipio de tibu (norte de santander), se desataron combates entre disidencias de las farc y el eln, que dejaron nueve muertos segun fuentes comunitarias. la poblacion denuncio que se usaron drones con explosivos y que varias victimas fueron enterradas de forma clandestina; ademas, habitantes del sector reportaron temor, cierres de vias y amenazas a quienes intentaban documentar los hechos.","eln, disidencias de las farc",Combate,Norte De Santander,Tibú,74,Ninguna,False,Tibú - Norte De Santander,"{""Agropecuario"": ""Negativo""}",Agropecuario
19408,2025-09-02,caracol,San Cayetano,Norte De Santander,Andina,False,False,Rural,Acciones de la fuerza publica y otros servidores publicos,Combate,Acciones de la fuerza publica,True,eln,,1,"el 2 de septiembre de 2025, en zona rural del municipio de san cayetano (norte de santander), un operativo del gaula de la policia nacional dejo un presunto integrante del eln abatido y otro capturado, tras un enfrentamiento en el que las autoridades les seguian la pista por su posible participacion en la quema de un camion distribuidor de gaseosas.",eln,Combate,Norte De Santander,San Cayetano,60,Ninguna,False,San Cayetano - Norte De Santander,"{""Agropecuario"": ""Positivo""}",Agropecuario
19420,2025-09-02,la patria,Belén De Umbría,Risaralda,Andina,False,False,Urbana,Acciones de los grupos armados al margen de la ley,Hostigamiento,Ataques contra la fuerza publica,True,,,1,"el 2 de septiembre de 2025, en el casco urbano del municipio de belen de umbria (risaralda), miembros de la policia nacional fueron atacados con disparos mientras patrullaban un escenario deportivo; un uniformado resulto herido y respondio al ataque.",no identificado,Hostigamiento,Risaralda,Belén De Umbría,39,Ninguna,False,Belén De Umbría - Risaralda,{},Ninguno
19421,2025-09-02,la fm,Tibú,Norte De Santander,Andina,True,True,Rural,Acciones de los grupos armados al margen de la ley,Enfrentamiento,Enfrentamientos,True,"eln, disidencias de las farc",,9,"el 3 de septiembre de 2025, en la vereda 20 de julio, zona rural del municipio de tibu (norte de santander), se registro un enfrentamiento entre el eln y las disidencias de las farc que dejo nueve personas muertas, entre ellas combatientes de ambos grupos y al menos dos civiles segun testimonios comunitarios; la comunidad denuncio que los cuerpos fueron enterrados en fosas clandestinas en la zona afectada.","eln, disidencias de las farc",Enfrentamiento,Norte De Santander,Tibú,68,Ninguna,False,Tibú - Norte De Santander,"{""Agropecuario"": ""Negativo""}",Agropecuario
19396,2025-09-01,blu radio,Toledo,Antioquia,Andina,False,False,Rural,Acciones de los grupos armados al margen de la ley,Activacion de artefacto explosivo,Ataque a infraestructura y bienes civiles,True,disidencias de las farc,frente 36,1,"el 1 de septiembre de 2025, en la via entre san andres de cuerquia y valle de toledo (norte de antioquia), un artefacto explosivo activado mientras tropas del grupo marte verificaban amenazas dejo mortalmente herido al sargento segundo cesar leonardo pardo rojas, quien fallecio luego de ser trasladado al hospital local. el ejercito senalo que el explosivo habria sido instalado por disidencias del frente 36 y que las labores de control y desbloqueo del tramo continuan.",disidencias de las farc,Activacion de artefacto explosivo,Antioquia,Toledo,76,Ninguna,True,Toledo - Antioquia,{},Ninguno
19413,2025-09-01,blu radio,Toledo,Antioquia,Andina,False,False,Rural,Acciones de los grupos armados al margen de la ley,Emboscada,Ataques contra la fuerza publica,True,disidencias de las farc,frente 36,1,"el 1 de septiembre de 2025, en el tramo vial entre san andres de cuerquia y valle de toledo (norte de antioquia), un artefacto explosivo activado mientras tropas del grupo marte del ejercito nacional realizaban labores de seguridad dejo gravemente herido al sargento segundo cesar leonardo pardo rojas, quien fallecio luego de recibir atencion medica. las autoridades atribuyeron el atentado a integrantes de las disidencias del frente 36 y mantienen controles en la zona para evitar nuevos hechos.",disidencias de las farc,Emboscada,Antioquia,Toledo,78,Ninguna,False,Toledo - Antioquia,{},Ninguno
19370,2025-08-30,rcn,Buenaventura,Valle Del Cauca,Pacífico,True,False,Rural,Acciones de los grupos armados al margen de la ley,Hostigamiento,Ataques contra la fuerza publica,True,disidencias de las farc,frente jaime martinez,1,"el 30 de agosto de 2025, en la manana, en el sector san joaquin, corregimiento de bajo calima, zona rural de buenaventura (valle del cauca), un infante de marina perdio la vida al ser atacado con drones cargados con explosivos atribuidos a disidencias de las farc, estructura 'jaime martinez', durante labores de registro y control territorial del batallon de infanteria de marina no. 21.",disidencias de las farc,Hostigamiento,Valle Del Cauca,Buenaventura,64,Ninguna,False,Buenaventura - Valle Del Cauca,"{""Agropecuario"": ""Negativo""}",Agropecuario
19371,2025-08-30,el espectador,Támesis,Antioquia,Andina,False,False,Rural,Acciones de la fuerza publica y otros servidores publicos,Combate,Acciones de la fuerza publica,True,otro grupo armado ilegal,clan del golfo,1,"el 31 de agosto de 2025, en la vereda rio frio, zona rural del municipio de tamesis (antioquia), tropas de la cuarta brigada del ejercito nacional sostuvieron combates contra presuntos integrantes del clan del golfo, lo que dejo como resultado la muerte de un presunto cabecilla conocido como alias “politico”, ademas de la captura de tres de sus hombres.",otro grupo armado ilegal,Combate,Antioquia,Támesis,59,Ninguna,False,Támesis - Antioquia,"{""Agropecuario"": ""Positivo"", ""Ambiental"": ""Positivo""}","Agropecuario, Ambiental"
19374,2025-08-29,el tiempo,Pradera,Valle Del Cauca,Pacífico,True,False,Rural,Acciones de la fuerza publica y otros servidores publicos,Combate,Acciones de la fuerza publica,True,disidencias de las farc,frente dagoberto ramos,0," el 29 de agosto de 2025, en la vereda la primavera, zona rural del municipio de pradera (sur del valle del cauca), tropas del batallon de ingenieros n.º 3 de la tercera brigada del ejercito nacional sostuvieron combates con la estructura residual “dagoberto ramos” de las disidencias de las farc; durante la operacion recuperaron una posicion estrategica, incautaron un fusil, municiones, viveres, seis equipos de campana y material de intendencia abandonado por los integrantes del grupo armado, toda vez que no se reportaron heridos ni muertos.",disidencias de las farc,Combate,Valle Del Cauca,Pradera,86,Ninguna,False,Pradera - Valle Del Cauca,"{""Agropecuario"": ""Negativo""}",Agropecuario
19377,2025-08-29,el pais,Corinto,Cauca,Pacífico,True,False,Rural,Acciones de los grupos armados al margen de la ley,Hostigamiento,Ataques contra la fuerza publica,True,disidencias de las farc,frente dagoberto ramos,0,"el 29 de agosto de 2025, en la zona rural de corinto, corregimiento de los andes (vereda cristalinas), en el norte del cauca, mas de treinta disidentes del frente dagoberto ramos de las farc atacaron durante mas de tres horas con morteros artesanales, explosivos lanzados desde drones y rafagas de fusil una unidad militar situada en la vereda santa helena; el combate provoco temor entre los habitantes, quienes se refugiaron en sus viviendas, mientras los soldados activaron el plan de defensa y respondieron al hostigamiento.",disidencias de las farc,Hostigamiento,Cauca,Corinto,85,Ninguna,False,Corinto - Cauca,"{""Agropecuario"": ""Negativo""}",Agropecuario
19364,2025-08-28,el colombiano,Briceño,Antioquia,Andina,True,True,Rural,Acciones de los grupos armados al margen de la ley,Emboscada,Ataques contra la fuerza publica,True,,,3,"el 28 de agosto de 2025, en la manana, en la vereda el hoyo, zona rural del municipio de briceno (antioquia), tropas del batallon de infanteria n.º 10 “coronel atanasio girardot” —adscritas a la cuarta brigada— fueron atacadas durante una operacion para retirar un artefacto explosivo improvisado dejado en la via; la emboscada dejo el saldo de un soldado muerto y dos heridos.",no identificado,Emboscada,Antioquia,Briceño,63,Ninguna,False,Briceño - Antioquia,"{""Agropecuario"": ""Negativo""}",Agropecuario
19365,2025-08-28,blu radio,Dagua,Valle Del Cauca,Pacífico,False,True,Urbana,Acciones de los grupos armados al margen de la ley,Hostigamiento,Ataques contra la fuerza publica,True,disidencias de las farc,frente jaime martinez,0,"el 28 de agosto de 2025, en la manana, en la cabecera municipal de dagua, valle del cauca, desde el cerro conocido como tres cruces, disidencias de las farc, frente jaime martinez, hostigaron con rafagas de fusil contra la estacion de policia, lo que genero panico entre la poblacion civil que se refugio en sus viviendas; no se registraron muertos ni heridos.",disidencias de las farc,Hostigamiento,Valle Del Cauca,Dagua,62,Ninguna,False,Dagua - Valle Del Cauca,{},Ninguno
19368,2025-08-28,el espectador,Anorí,Antioquia,Andina,True,True,Rural,Acciones de la fuerza publica y otros servidores publicos,Combate,Acciones de la fuerza publica,True,otro grupo armado ilegal,clan del golfo,0,"el 28 de agosto de 2025, en la vereda providencia, zona rural del municipio de anori (antioquia), combates entre el ejercito nacional y el clan del golfo obligaron el desplazamiento de al menos 22 familias hacia el corregimiento de liberia y municipios del bajo cauca como caceres, el bagre y zaragoza, mientras las autoridades locales activaron planes de contingencia, la defensoria del pueblo alerto sobre esta situacion humanitaria y se hizo un llamado al gobierno nacional para reforzar medidas de proteccion.",otro grupo armado ilegal,Combate,Antioquia,Anorí,81,Ninguna,False,Anorí - Antioquia,"{""Agropecuario"": ""Negativo"", ""Humanitario"": ""Negativo""}","Agropecuario, Humanitario"
19372,2025-08-28,la opinion,San José De Cúcuta,Norte De Santander,Andina,False,False,Urbana,Acciones de los grupos armados al margen de la ley,Quema de vehiculo,Ataque a infraestructura y bienes civiles,True,,,0,"el 28 de agosto de 2025, al mediodia, en el anillo vial oriental de cucuta (norte de santander), sujetos armados interceptaron un camion de carga de gaseosas de la empresa postobon frente a una estacion de servicio, abrieron fuego contra el vehiculo e incendiaron el camion, sin que se registraran heridos; el cuerpo de bomberos acudio de inmediato a controlar el fuego, mientras la policia y la sijin acordonaron el area e iniciaron las investigaciones, ante la sospecha de que se trato de un acto de intimidacion por parte de grupos armados ilegales para controlar corredores de contrabando. ",no identificado,Quema de vehiculo,Norte De Santander,San José De Cúcuta,98,Contrabando,True,San José De Cúcuta - Norte De Santander,{},Ninguno
19375,2025-08-28,periodico virtual,Cajibío,Cauca,Pacífico,True,False,Rural,Acciones de la fuerza publica y otros servidores publicos,Combate,Acciones de la fuerza publica,True,,,0,"el 28 de agosto de 2025, en el sector el tunel de la via panamericana, en el municipio de cajibio (cauca), tropas del ejercito nacional enfrentaron a un grupo armado ilegal que pretendia instalar un reten, resultando en un combate que culmino con la muerte de un presunto integrante, la captura de otro y la incineracion de un vehiculo, mientras reforzaban la seguridad en el corredor vial.",no identificado,Combate,Cauca,Cajibío,67,Ninguna,False,Cajibío - Cauca,{},Ninguno
19363,2025-08-27,la fm,Guática,Risaralda,Andina,False,False,Rural,Acciones de la fuerza publica y otros servidores publicos,Combate,Acciones de la fuerza publica,True,otro grupo armado ilegal,clan del golfo,4,"el 27 de agosto de 2025, en la manana, en el corregimiento de san clemente, zona rural del municipio de guatica (risaralda), se desarrollo un operativo policial coordinado desde bogota con apoyo de inteligencia, en el que fue abatido alias “colonia”, cabecilla del clan del golfo encargado de expandir la estructura criminal hacia el eje cafetero; en el intercambio de disparos tambien murieron dos de sus escoltas, y un miembro de la fuerza publica resulto herido; durante la accion fueron incautados dos fusiles (ak-47 y m4), una pistola y municion, configurando un golpe significativo a la organizacion criminal en esa region.",otro grupo armado ilegal,Combate,Risaralda,Guática,101,Ninguna,False,Guática - Risaralda,"{""Agropecuario"": ""Negativo""}",Agropecuario
19373,2025-08-27,w radio,Villa Del Rosario,Norte De Santander,Andina,False,False,Urbana,Acciones de los grupos armados al margen de la ley,Emboscada,Ataques contra la fuerza publica,True,,,1,"el 26 de agosto de 2025, en el barrio gran colombia del municipio de villa del rosario (norte de santander), policias que patrullaban en la zona limitrofe con venezuela fueron atacados por hombres armados con rafagas de fusil; un uniformado resulto herido, fue trasladado al hospital jorge cristo sahium, y posteriormente el ejercito reforzo la seguridad en la zona. ",no identificado,Emboscada,Norte De Santander,Villa Del Rosario,59,Ninguna,False,Villa Del Rosario - Norte De Santander,{},Ninguno
19366,2025-08-26,caracol,Tibú,Norte De Santander,Andina,True,True,Rural,Acciones de los grupos armados al margen de la ley,Enfrentamiento,Enfrentamientos,True,"eln, disidencias de las farc",frente 33; eln,5,"el 26 de agosto de 2025, en la vereda bertrania, zona rural del municipio de tibu (norte de santander), enfrentamientos entre disidencias de las farc y el eln dejaron cinco subversivos muertos, lo que provoco el desplazamiento de mas de 80 familias que abandonaron sus hogares por temor al fuego cruzado, mientras las autoridades locales emitieron alertas tempranas y coordinan la atencion humanitaria para los afectados.","eln, disidencias de las farc",Enfrentamiento,Norte De Santander,Tibú,66,Ninguna,False,Tibú - Norte De Santander,"{""Agropecuario"": ""Negativo"", ""Humanitario"": ""Negativo""}","Agropecuario, Humanitario"
19367,2025-08-26,alerta peisa,Andes,Antioquia,Andina,False,False,Rural,Acciones de los grupos armados al margen de la ley,Emboscada,Ataques contra la fuerza publica,True,otro grupo armado ilegal,clan del golfo,0,"el 26 de agosto de 2025, en la manana, en la vereda la soledad del corregimiento de santa rita, zona rural del municipio de andes (antioquia), tropas del ejercito nacional y miembros del cti fueron hostigados mientras realizaban una inspeccion a un cadaver, presuntamente por integrantes del clan del golfo; el enfrentamiento duro aproximadamente una hora, no dejo heridos ni victimas fatales.",otro grupo armado ilegal,Emboscada,Antioquia,Andes,62,Ninguna,False,Andes - Antioquia,"{""Agropecuario"": ""Negativo""}",Agropecuario
19369,2025-08-26,w radio,Villa Del Rosario,Norte De Santander,Andina,False,False,Urbana,Acciones de la fuerza publica y otros servidores publicos,Emboscada,Ataques contra la fuerza publica,True,,,1,"el 26 de agosto de 2025, en la noche, en el barrio gran colombia, municipio de villa del rosario (norte de santander), hombres armados atacaron con rafagas de fusil una patrulla de la policia en un patrullaje en la zona limitrofe con venezuela, dejando el saldo de un policia herido.",no identificado,Emboscada,Norte De Santander,Villa Del Rosario,50,Ninguna,False,Villa Del Rosario - Norte De Santander,{},Ninguno
19376,2025-08-26,caracol,Zaragoza,Antioquia,Andina,True,False,Rural,Acciones de la fuerza publica y otros servidores publicos,Bombardeo,Acciones de la fuerza publica,True,otro grupo armado ilegal,clan del golfo,0,"el 26 de agosto de 2025, en la vereda vegas de segovia, zona rural del municipio de zaragoza (bajo cauca antioqueno), la fuerza aerea colombiana, en coordinacion con el ejercito nacional y la fiscalia general de la nacion, bombardeo un campamento del clan del golfo en la desembocadura del rio porce; la operacion provoco sobrevuelos, disparos y detonaciones cerca del casco urbano, generando temor entre los habitantes; hasta el momento no se han confirmado bajas ni capturas, y la fuerza publica permanece en la zona para consolidar los resultados de la operacion.",otro grupo armado ilegal,Bombardeo,Antioquia,Zaragoza,92,Ninguna,False,Zaragoza - Antioquia,"{""Agropecuario"": ""Negativo"", ""Ambiental"": ""Negativo""}","Agropecuario, Ambiental"
19378,2025-08-26,la opinion,El Zulia,Norte De Santander,Andina,False,False,Rural,Acciones de los grupos armados al margen de la ley,Quema de vehiculo,Ataque a infraestructura y bienes civiles,True,,,0,"el 26 de agosto de 2025, en la carretera que conecta al municipio de el zulia con el sector ye de astilleros (norte de santander), un grupo de hombres armados intercepto e incendio un camion que transportaba cerveza; la comunidad reacciono con rapidez y logro controlar las llamas, evitando victimas y heridos.",no identificado,Quema de vehiculo,Norte De Santander,El Zulia,52,Ninguna,False,El Zulia - Norte De Santander,{},Ninguno
19352,2025-08-25,la fm,Anorí,Antioquia,Andina,True,True,Rural,Acciones de la fuerza publica y otros servidores publicos,Combate,Acciones de la fuerza publica,True,otro grupo armado ilegal,clan del golfo,4,"el 25 de agosto de 2025, en la vereda providencia, zona rural del municipio de anori (antioquia), tropas de la decima cuarta brigada del ejercito nacional, con apoyo de la fuerza aeroespacial colombiana, sostuvieron combates con integrantes del clan del golfo; en el enfrentamiento, tres soldados profesionales resultaron heridos y un presunto integrante de la subestructura jorge mario valle de esta organizacion criminal fue abatido.",otro grupo armado ilegal,Combate,Antioquia,Anorí,65,Ninguna,False,Anorí - Antioquia,"{""Agropecuario"": ""Negativo""}",Agropecuario
19353,2025-08-25,caracol,Santa Rosa Del Sur,Bolívar,Caribe,True,True,Rural,Acciones de la fuerza publica y otros servidores publicos,Combate,Acciones de la fuerza publica,True,otro grupo armado ilegal,clan del golfo,0,"el 25 de agosto de 2025, en la vereda villanueva, municipio de santa rosa del sur (bolivar), tropas del batallon de selva n.º 48, adscrito a la brigada 19 del ejercito nacional, sostuvieron un intenso combate contra presuntos integrantes del clan del golfo.",otro grupo armado ilegal,Combate,Bolívar,Santa Rosa Del Sur,43,Ninguna,False,Santa Rosa Del Sur - Bolívar,{},Ninguno
19336,2025-08-24,el heraldo,Ciénaga,Magdalena,Caribe,True,False,Rural,Acciones de la fuerza publica y otros servidores publicos,Combate,Acciones de la fuerza publica,True,otro grupo armado ilegal,los pachenca,1,"el 24 de agosto de 2025, en la vereda cherua del municipio de cienaga, magdalena, tropas del batallon de alta montana n.º 6, con apoyo de la fuerza aeroespacial colombiana, se enfrentaron a integrantes del grupo armado residual “los pachenca”; en la operacion fueron capturados siete presuntos combatientes y rescatados dos menores de 16 anos, ademas de incautarse municion, material de intendencia, comunicaciones y explosivos improvisados, mientras un soldado resulto levemente herido por esquirlas y fue atendido sin riesgo para su vida.",otro grupo armado ilegal,Combate,Magdalena,Ciénaga,82,Ninguna,False,Ciénaga - Magdalena,{},Ninguno
19354,2025-08-24,ejercito nacional,El Retorno,Guaviare,Amazonia,True,True,Rural,Acciones de la fuerza publica y otros servidores publicos,Combate,Acciones de la fuerza publica,True,disidencias de las farc,bloque movil martin villa,1,"el 24 de agosto de 2025, en la tarde, en la vereda nueva york, zona rural del municipio de el retorno (guaviare), tropas del ejercito nacional, apoyadas por la fuerza aerea y la policia, sostuvieron combates con integrantes del bloque movil 'martin villa', faccion disidente de las farc al mando de alias ivan mordisco; en el enfrentamiento, fue abatido willinton vanegas leyva, conocido como alias 'dumar' o 'chito', quien lideraba dicha estructura.",disidencias de las farc,Combate,Guaviare,El Retorno,72,Ninguna,False,El Retorno - Guaviare,"{""Agropecuario"": ""Negativo""}",Agropecuario
19340,2025-08-23,infobae,Puerto Leguízamo,Putumayo,Amazonia,True,True,Rural,Acciones de los grupos armados al margen de la ley,Emboscada,Ataques contra la fuerza publica,True,,,0,"el 23 de agosto de 2025, en aguas del rio putumayo, entre santa barbara y puerto leguizamo (putumayo), una embarcacion de la compania berlin de la armada nacional fue atacada con un dron cargado con artefactos explosivos improvisados mientras navegaba en el marco de la operacion ayacucho; el impacto provoco danos visibles en la estructura del navio.",no identificado,Emboscada,Putumayo,Puerto Leguízamo,57,Ninguna,False,Puerto Leguízamo - Putumayo,"{""Ambiental"": ""Negativo""}",Ambiental
19346,2025-08-23,caracol,Becerril,Cesar,Caribe,True,False,Rural,Acciones de los grupos armados al margen de la ley,Quema de vehiculo,Ataque a infraestructura y bienes civiles,True,eln,,0,"el 23 de agosto de 2025, en el corregimiento de santa cecilia, zona rural de becerril (cesar), miembros del eln incineraron dos maquinas amarillas utilizadas en obras viales pertenecientes a un contratista privado, dejando en el sitio banderas y mensajes alusivos al grupo armado.",eln,Quema de vehiculo,Cesar,Becerril,44,Ninguna,False,Becerril - Cesar,"{""Agropecuario"": ""Negativo""}",Agropecuario
19329,2025-08-22,caracol,Florencia,Caquetá,Amazonia,True,False,Urbana,Acciones de los grupos armados al margen de la ley,Activacion de artefacto explosivo,Ataque a infraestructura y bienes civiles,True,,,0,"el 22 de agosto de 2025, en el centro de florencia (caqueta), a tan solo una cuadra de la alcaldia, estallo un artefacto explosivo de baja intensidad en una zona comercial; el incidente causo danos materiales en varios locales, incluida una drogueria, pero no dejo personas lesionadas, y las autoridades activaron los protocolos de seguridad y los consejos de emergencia pertinentes.",no identificado,Activacion de artefacto explosivo,Caquetá,Florencia,61,Ninguna,False,Florencia - Caquetá,{},Ninguno
19343,2025-08-22,caracol,El Tarra,Norte De Santander,Andina,True,False,Rural,Acciones de los grupos armados al margen de la ley,Hostigamiento,Ataques contra la fuerza publica,True,,,0,"el 21 de agosto de 2025, en la base militar la esperanza del municipio de el tarra, en la region del catatumbo (norte de santander), un grupo guerrillero ataco durante mas de veinte minutos con rafagas de fusil y explosivos; la fuerza publica logro repeler el hostigamiento.",no identificado,Hostigamiento,Norte De Santander,El Tarra,47,Ninguna,False,El Tarra - Norte De Santander,{},Ninguno
19327,2025-08-21,blu radio,Santiago De Cali,Valle Del Cauca,Pacífico,False,False,Urbana,Acciones de los grupos armados al margen de la ley,Activacion de artefacto explosivo,Ataque a infraestructura y bienes civiles,True,,,6,"el 21 de agosto de 2025, en inmediaciones de la escuela militar de aviacion marco fidel suarez, en el barrio la base, norte de cali, un camion cargado con un cilindro bomba exploto, dejando al menos seis personas muertas y mas de sesenta heridas; tras el ataque, la comunidad logro capturar en flagrancia a uno de los presuntos responsables, walter esteban yonda ipia, alias “sebastian”, quien fue retenido por los vecinos y luego entregado a las autoridades.",no identificado,Activacion de artefacto explosivo,Valle Del Cauca,Santiago De Cali,77,Ninguna,False,Santiago De Cali - Valle Del Cauca,{},Ninguno
19328,2025-08-21,infobae,Amalfi,Antioquia,Andina,True,False,Rural,Acciones de los grupos armados al margen de la ley,Ataque contra aeronaves,Ataque a infraestructura y bienes civiles,True,disidencias de las farc,frente 36,15,"el 21 de agosto de 2025, en zona rural del municipio de amalfi, antioquia, un helicoptero de la policia que transportaba uniformados en mision de erradicacion de cultivos ilicitos fue derribado en un atentado terrorista atribuido al frente 36 del estado mayor central de las disidencias de las farc; el ataque dejo al menos doce policias muertos y tres heridos de gravedad, mientras los responsables difundieron un audio celebrando la accion.",disidencias de las farc,Ataque contra aeronaves,Antioquia,Amalfi,71,Ninguna,False,Amalfi - Antioquia,"{""Agropecuario"": ""Negativo""}",Agropecuario
19338,2025-08-21,hoy diario del magdalena,Ciénaga,Magdalena,Caribe,True,False,Rural,Acciones de la fuerza publica y otros servidores publicos,Combate,Acciones de la fuerza publica,True,otro grupo armado ilegal,los pachencas,0,"el 21 de agosto de 2025, en la vereda uranio, parte alta del corregimiento de palmor de la sierra —zona rural del municipio de cienaga, magdalena— tropas del batallon de alta montana n.º 6 sostuvieron fuertes combates contra integrantes del grupo armado organizado “los pachenca” (autodefensas conquistadoras de la sierra nevada); el enfrentamiento, resultado de una operacion militar planificada tras denuncias comunitarias.",otro grupo armado ilegal,Combate,Magdalena,Ciénaga,62,Ninguna,False,Ciénaga - Magdalena,"{""Agropecuario"": ""Negativo""}",Agropecuario
19344,2025-08-21,caracol,Anorí,Antioquia,Andina,True,True,Rural,Acciones de los grupos armados al margen de la ley,Activacion de artefacto explosivo,Ataque a infraestructura y bienes civiles,True,otro grupo armado ilegal,clan del golfo,1,"el 21 de agosto de 2025, en el sector de providencia, zona rural del municipio de anori, antioquia, integrantes del clan del golfo instalaron explosivos cargados de minas antipersonal que hirieron a un contratista de la empresa mineros s.a.",otro grupo armado ilegal,Activacion de artefacto explosivo,Antioquia,Anorí,39,Ninguna,True,Anorí - Antioquia,"{""Agropecuario"": ""Negativo""}",Agropecuario
19347,2025-08-21,caracol,Belén De Umbría,Risaralda,Andina,False,False,Rural,Acciones de la fuerza publica y otros servidores publicos,Combate,Acciones de la fuerza publica,True,otro grupo armado ilegal,clan del golfo,1,"el 21 de agosto de 2025, en la vereda santa emilia, municipio de belen de umbria (risaralda), un teniente de la sijin resulto herido durante un operativo contra el clan del golfo; el uniformado fue trasladado a un centro asistencial en pereira y se encuentra fuera de peligro.",otro grupo armado ilegal,Combate,Risaralda,Belén De Umbría,48,Ninguna,False,Belén De Umbría - Risaralda,{},Ninguno
19355,2025-08-21,el tiempo,Sucre,Cauca,Pacífico,False,False,Urbana,Acciones de los grupos armados al margen de la ley,Activacion de artefacto explosivo,Ataque a infraestructura y bienes civiles,True,,,0,"el 21 de agosto de 2025, en la madrugada, en el barrio 7 de abril, ubicado en la via que conduce al cementerio municipal de sucre (cauca), un artefacto explosivo artesanal destruyo una vivienda, reduciendola a escombros; aunque el fuerte estruendo sembro temor entre los habitantes, no se reportaron victimas ni heridos.",no identificado,Activacion de artefacto explosivo,Cauca,Sucre,52,Ninguna,False,Sucre - Cauca,{},Ninguno
19356,2025-08-21,la voz del cianuro,Tame,Arauca,Orinoquía,True,False,Rural,Acciones de la fuerza publica y otros servidores publicos,Combate,Acciones de la fuerza publica,True,eln,,2,"el 21 de agosto de 2025, en la tarde, en el caserio de corocito, zona rural del municipio de tame (arauca), se registro un enfrentamiento armado entre la fuerza publica y miembros del eln; en medio del cruce de disparos, una nina de 12 anos recibio un impacto de arma de fuego al igual que una persona adulta.",eln,Combate,Arauca,Tame,58,Ninguna,False,Tame - Arauca,"{""Agropecuario"": ""Negativo""}",Agropecuario
19342,2025-08-20,el tiempo,Popayán,Cauca,Pacífico,False,False,Rural,Acciones de los grupos armados al margen de la ley,Hostigamiento,Ataques contra la fuerza publica,True,,,0,"el 20 de agosto de 2025, en el sector conocido como el tunel, en la via panamericana que conecta popayan con cali, municipio de cajibio (cauca), se produjo un atentado contra militares que retiraban propaganda colocada por disidencias del frente carlos patino de las farc; el artefacto estallo en el momento en que lo manipulaban, causando danos a una camioneta utilizada por las tropas y a la infraestructura vial, mientras no se reportaron heridos entre los uniformados ni transeuntes.",no identificado,Hostigamiento,Cauca,Popayán,79,Ninguna,True,Popayán - Cauca,{},Ninguno
19348,2025-08-20,el pais,Jamundí,Valle Del Cauca,Pacífico,False,False,Rural,Acciones de la fuerza publica y otros servidores publicos,Combate,Acciones de la fuerza publica,True,disidencias de las farc,frente jaime martinez,0,"el 20 de agosto de 2025, en la tarde, en la vereda el cedro, zona alta del corregimiento de san antonio, jurisdiccion de jamundi (valle del cauca), se registraron intensos enfrentamientos entre tropas del ejercito nacional y presuntas disidencias de las farc, conocidas como 'jaime martinez'; segun la tercera brigada del ejercito, el incidente fue un ""hostigamiento leve"", sin que se reportaran heridos entre los uniformados ni entre la poblacion civil.",disidencias de las farc,Combate,Valle Del Cauca,Jamundí,71,Ninguna,False,Jamundí - Valle Del Cauca,{},Ninguno
19337,2025-08-19,el pais,El Tarra,Norte De Santander,Andina,True,False,Urbana,Acciones de los grupos armados al margen de la ley,Ataque a personal militar/ ataque francotirador,Ataques contra la fuerza publica,True,,,1,"el 19 de agosto de 2025, en el casco urbano del municipio de el tarra, norte de santander, un francotirador, presunto integrante del eln, ataco a dos policias que realizaban labores de patrullaje y control vehicular; en el hecho murio un subintendente.",no identificado,Ataque a personal militar/ ataque francotirador,Norte De Santander,El Tarra,42,Ninguna,False,El Tarra - Norte De Santander,{},Ninguno
19349,2025-08-19,caracol,Pamplona,Norte De Santander,Andina,False,False,Rural,Acciones de los grupos armados al margen de la ley,Hostigamiento,Ataques contra la fuerza publica,True,eln,,1,"el 19 de agosto de 2025, hacia la medianoche, en el peaje pamplonita, ubicado en la via cucuta–pamplona, norte de santander, unidades de la policia nacional, adscritas a la especialidad de transito y transporte, fueron atacadas con rafagas de fusil por presuntos milicianos del eln mientras adelantaban labores del plan retorno, un policia resulto herido.",eln,Hostigamiento,Norte De Santander,Pamplona,55,Ninguna,True,Pamplona - Norte De Santander,{},Ninguno
19358,2025-08-19,la opinion,San José De Cúcuta,Norte De Santander,Andina,False,False,Urbana,Acciones de los grupos armados al margen de la ley,Activacion de artefacto explosivo,Ataque a infraestructura y bienes civiles,True,,,0,"el 19 de agosto de 2025, en la noche, en el barrio pueblo nuevo, cerca de la terminal de transportes de cucuta (norte de santander), lanzaron una granada contra la sede de una empresa de transporte publico, que exploto en la fachada sin dejar heridos; el ataque, investigado como un acto de extorsion en curso contra la compania, provoco alarma entre la comunidad y llevo a reforzar la seguridad en el lugar.",no identificado,Activacion de artefacto explosivo,Norte De Santander,San José De Cúcuta,72,Extorsión,True,San José De Cúcuta - Norte De Santander,{},Ninguno
19359,2025-08-19,ejercito nacional,La Macarena,Meta,Orinoquía,True,True,Rural,Acciones de la fuerza publica y otros servidores publicos,Combate,Acciones de la fuerza publica,True,disidencias de las farc,bloque jorge suarez briceno,1,"el 19 de agosto de 2025, en operaciones ofensivas de la fuerza de tarea omega del ejercito nacional en la vereda bocas del perdido, municipio de la macarena (meta), se registraron combates con integrantes de la estructura ever castro del gao-r, durante los cuales un presunto integrante resulto herido, recibio primeros auxilios por parte de enfermeros militares y fue evacuado por la fuerza aeroespacial colombiana.",disidencias de las farc,Combate,Meta,La Macarena,65,Ninguna,False,La Macarena - Meta,{},Ninguno
19357,2025-08-18,alerta paisa,Montecristo,Bolívar,Caribe,False,False,Rural,Acciones de los grupos armados al margen de la ley,Activacion de artefacto explosivo,Ataque a infraestructura y bienes civiles,True,,,5,"el 18 de agosto de 2025, en horas de la manana, en un camino de herradura del corregimiento de guamoco, sector las brujas, en los limites entre antioquia y bolivar, un campo minado dejo un muerto y cuatro heridos, uno de ellos con amputacion de una pierna, cuando varias personas realizaban labores de limpieza; en la zona fueron halladas otras dos minas sin detonar.",no identificado,Activacion de artefacto explosivo,Bolívar,Montecristo,64,Ninguna,False,Montecristo - Bolívar,{},Ninguno
19333,2025-08-16,el tiempo,Ricaurte,Nariño,Pacífico,True,False,Rural,Acciones de los grupos armados al margen de la ley,Ataque a mision medica,Ataque a infraestructura y bienes civiles,True,,,1,"el 15 de agosto de 2025, en la via al mar, entre los municipios de ricaurte y mallama en narino, hombres armados detuvieron una ambulancia que trasladaba a un paciente gravemente herido y lo asesinaron con fusiles dentro del vehiculo; el conductor y el auxiliar resultaron ilesos, mientras las autoridades calificaron el hecho como un atentado directo contra la mision medica y convocaron un consejo de seguridad.",no identificado,Ataque a mision medica,Nariño,Ricaurte,67,Ninguna,False,Ricaurte - Nariño,"{""Humanitario"": ""Negativo""}",Humanitario
19330,2025-08-14,la fm,Morales,Cauca,Pacífico,True,False,Urbana,Acciones de los grupos armados al margen de la ley,Emboscada,Ataques contra la fuerza publica,True,,,2,"el 14 de agosto de 2025, en inmediaciones del parque principal del municipio de morales, cauca, dos patrulleros de la policia nacional fueron asesinados durante un ataque armado mientras realizaban labores de vigilancia en una zona comercial; los agresores, identificados como integrantes del frente jaime martinez de las disidencias de las farc.",no identificado,Emboscada,Cauca,Morales,52,Ninguna,False,Morales - Cauca,{},Ninguno
19331,2025-08-14,la fm,Santa Rosa Del Sur,Bolívar,Caribe,True,True,Rural,Acciones de los grupos armados al margen de la ley,Hostigamiento,Ataques contra la fuerza publica,True,eln,,8,"el 14 de agosto de 2025, en la vereda la pradera del municipio de santa rosa del sur, bolivar, integrantes del eln atacaron con un dron cargado de explosivos a tropas del batallon de selva n.º 48 del ejercito; en el hecho murio el soldado profesional jhon redondo jimenez y resultaron heridos siete uniformados mas, lo que obligo a reforzar las operaciones de seguridad en la zona rural.",eln,Hostigamiento,Bolívar,Santa Rosa Del Sur,68,Ninguna,False,Santa Rosa Del Sur - Bolívar,"{""Agropecuario"": ""Negativo""}",Agropecuario
19360,2025-08-14,el pais,Jambaló,Cauca,Pacífico,True,True,Rural,Acciones de los grupos armados al margen de la ley,Enfrentamiento,Enfrentamientos,True,"otro grupo armado ilegal, disidencias de las farc",columna dagoberto ramos; frente 57 yair bermudez,0,"el 14 de agosto de 2025, en horas de la manana, en el sector cerro loma larga, zona rural del municipio de jambalo (cauca), se registraron intensos enfrentamientos armados entre disidencias de las farc–columna dagoberto ramos y el frente 57 ‘yair bermudez’, que se prolongaron por mas de seis horas y dejaron a las comunidades indigenas atrapadas entre disparos y explosiones, aunque no se reportaron muertos ni heridos, y el personal de salud permanece en alerta ante eventuales emergencias.","otro grupo armado ilegal, disidencias de las farc",Enfrentamiento,Cauca,Jambaló,79,Ninguna,False,Jambaló - Cauca,"{""Agropecuario"": ""Negativo""}",Agropecuario
19361,2025-08-14,el pais,Santander De Quilichao,Cauca,Pacífico,True,False,Rural,Acciones de los grupos armados al margen de la ley,Hostigamiento,Ataques contra la fuerza publica,True,disidencias de las farc,frente jaime martinez,0,"el 14 de agosto de 2025, en horas de la noche, en la glorieta san jose, sobre la via que conecta santander de quilichao con el corregimiento de timba (cauca), presuntos milicianos del frente jaime martinez de las disidencias de las farc lanzaron una granada contra una unidad militar (una tanqueta y un camion), sin que se reportaran heridos en el ataque, aunque causo temor y obligo a reforzar la seguridad en la zona.",disidencias de las farc,Hostigamiento,Cauca,Santander De Quilichao,74,Ninguna,False,Santander De Quilichao - Cauca,{},Ninguno
19350,2025-08-13,alerta paisa,Andes,Antioquia,Andina,False,False,Rural,Acciones de los grupos armados al margen de la ley,Enfrentamiento,Enfrentamientos,True,,,0,"el 13 de agosto de 2025, en la manana, en la vereda el barcino, ubicada entre los municipios de andes y pueblorrico, en el suroeste de antioquia, se registro un enfrentamiento armado entre grupos ilegales por el control territorial de corredores estrategicos utilizados para el trafico de armas, drogas y otras economias ilicitas; aunque no se reportaron heridos, organizaciones sociales y lideres comunitarios advirtieron sobre la falta de presencia institucional y la reconfiguracion del poder territorial en la zona, lo que ha intensificado las disputas violentas entre grupos armados ilegales.",no identificado,Enfrentamiento,Antioquia,Andes,90,Ninguna,False,Andes - Antioquia,{},Ninguno
19351,2025-08-13,blu radio,Maceo,Antioquia,Andina,False,False,Rural,Acciones de los grupos armados al margen de la ley,Ataque a infraestructura energetica,Ataque a infraestructura y bienes civiles,True,disidencias de las farc,frente 36,0,"el 13 de agosto de 2025, en la vereda el ingenio, zona rural del municipio de maceo (antioquia), disidencias de las farc, presuntamente el frente 36, atentaron contra la infraestructura electrica al activar cargas explosivas en dos torres de transmision de energia de isa.",disidencias de las farc,Ataque a infraestructura energetica,Antioquia,Maceo,44,Ninguna,True,Maceo - Antioquia,"{""Energético"": ""Negativo"", ""Agropecuario"": ""Negativo""}","Energético, Agropecuario"
19332,2025-08-12,el tiempo,Buenaventura,Valle Del Cauca,Pacífico,True,False,Rural,Acciones de los grupos armados al margen de la ley,Emboscada,Ataques contra la fuerza publica,True,disidencias de las farc,frente jaime martinez,7,"el 12 de agosto de 2025, en un puesto de control fluvial ubicado en la margen del rio naya, sector pastico, del municipio de buenaventura (valle del cauca), integrantes de la estructura jaime martinez, disidencias de las farc, atacaron con drones cargados de explosivos a tropas del batallon de infanteria n.º 56 del ejercito y del batallon fluvial de infanteria de marina n.º 24; el ataque dejo tres miembros de la fuerza publica muertos (sargento segundo wilmar rivas moreno y los soldados profesionales dario estrada pacheco y andres estrada munoz) y cuatro heridos (dos soldados profesionales y dos infantes de marina), quienes fueron evacuados y reciben atencion medica.",disidencias de las farc,Emboscada,Valle Del Cauca,Buenaventura,108,Ninguna,False,Buenaventura - Valle Del Cauca,"{""Ambiental"": ""Negativo""}",Ambiental
19334,2025-08-12,semana,El Paujíl,Caquetá,Amazonia,True,True,Rural,Acciones de los grupos armados al margen de la ley,Ataque a bienes civiles,Ataque a infraestructura y bienes civiles,True,disidencias de las farc,,0,"el 12 de agosto de 2025, en la finca ubicada en el kilometro 58 de la via entre el paujil y cartagena del chaira, municipio de caqueta, disidencias de las farc perpetraron un ataque terrorista: detonaron un artefacto explosivo que destruyo por completo la vivienda de la familia de la esposa del gobernador, retuvieron por varias horas a tres trabajadores y al esposo de la hermana de la propietaria bajo amenazas de muerte, y robaron mas de ochocientas reses de ganado.",disidencias de las farc,Ataque a bienes civiles,Caquetá,El Paujíl,81,Ninguna,True,El Paujíl - Caquetá,"{""Agropecuario"": ""Negativo""}",Agropecuario
19339,2025-08-12,alerta paisa,Ituango,Antioquia,Andina,True,True,Rural,Acciones de la fuerza publica y otros servidores publicos,Combate,Acciones de la fuerza publica,True,disidencias de las farc,frente 18,1,"el 12 de agosto de 2025, en la vereda palo blanco del municipio de ituango, antioquia, tropas del ejercito nacional sostuvieron intensos combates contra disidencias del frente 18 de las farc; resulto herida una mujer conocida como alias “tifany”, quien fue atendida por el personal medico militar y evacuada a medellin, y las autoridades incautaron un arsenal que incluyo fusiles ak-47 y m16, radios, brazaletes alusivos al grupo, mas de 100 kilos de explosivos y numerosos detonadores, los cuales fueron destruidos controladamente por las tropa.",disidencias de las farc,Combate,Antioquia,Ituango,85,Ninguna,False,Ituango - Antioquia,{},Ninguno
19341,2025-08-12,el tiempo,Caldono,Cauca,Pacífico,True,False,Rural,Acciones de los grupos armados al margen de la ley,Enfrentamiento,Enfrentamientos,True,"eln, disidencias de las farc",frente dagoberto ramos,0,"el 12 de agosto de 2025, en las veredas las palmas y altamira del resguardo pueblo nuevo, municipio de caldono, norte del cauca, se registraron enfrentamientos entre la disidencia dagoberto ramos de las farc y el frente juan carlos chilhueso pazu del eln.","eln, disidencias de las farc",Enfrentamiento,Cauca,Caldono,43,Ninguna,False,Caldono - Cauca,{},Ninguno
19345,2025-08-12,el tiempo,Caldono,Cauca,Pacífico,True,False,Rural,Acciones de los grupos armados al margen de la ley,Enfrentamiento,Enfrentamientos,True,"eln, disidencias de las farc",frente dagoberto ramos,2,"el 12 de agosto de 2025, en horas de la tarde, en las veredas las palmas y altamira del resguardo indigena pueblo nuevo, zona rural de caldono (cauca), se presentaron enfrentamientos durante mas de seis horas entre las disidencias de las farc, frente dagoberto ramos, y el eln, frente juan carlos chilhueso pazu, que dejaron como resultado la muerte de un campesino y una joven de 18 anos herida, presuntamente reclutada, quien fue recuperada por la guardia indigena y puesta bajo proteccion institucional; los combates con armas de fuego y explosivos afectaron viviendas cercanas y generaron temor en la comunidad por posibles desplazamientos.","eln, disidencias de las farc",Enfrentamiento,Cauca,Caldono,103,Ninguna,False,Caldono - Cauca,"{""Agropecuario"": ""Negativo""}",Agropecuario
19335,2025-08-11,qhubo,Anorí,Antioquia,Andina,True,True,Rural,Acciones de los grupos armados al margen de la ley,Quema de vehiculo,Ataque a infraestructura y bienes civiles,True,,,0,"el 11 de agosto de 2025, en la vereda villa fatima, a unos 12 kilometros del casco urbano de anori (nordeste de antioquia), integrantes de grupos armados ilegales interceptaron un camion que prestaba servicios a la cadena d1, obligaron al conductor a descender, hurtaron mercancia valorada en aproximadamente 35 millones de pesos y luego lo incineraron, sin que se registraran personas lesionadas.",no identificado,Quema de vehiculo,Antioquia,Anorí,62,Ninguna,False,Anorí - Antioquia,{},Ninguno
19362,2025-08-11,el pais,Los Andes,Nariño,Pacífico,True,False,Rural,Acciones de los grupos armados al margen de la ley,Activacion de artefacto explosivo,Ataque a infraestructura y bienes civiles,True,,,1,"el 11 de agosto de 2025, en labores de patrullaje y control territorial en el sector rural del municipio de los andes-sotomayor (narino), un soldado resulto herido al pisar una mina antipersonal, sufrio laceraciones graves y fue atendido por enfermeros de combate antes de ser trasladado a un centro asistencial de mayor complejidad; el incidente, atribuido a artefactos colocados por grupos armados ilegales que disputan la zona, motivo el despliegue de tareas de desminado en la region.",no identificado,Activacion de artefacto explosivo,Nariño,Los Andes,77,Minería,False,Los Andes - Nariño,"{""Minero"": ""Negativo"", ""Agropecuario"": ""Negativo""}","Minero, Agropecuario"
19297,2025-08-10,semana,La Vega,Cauca,Pacífico,False,False,Urbana,Acciones de los grupos armados al margen de la ley,Ataque a instalaciones de la fuerza publica,Ataques contra la fuerza publica,True,disidencias de las farc,ala mordisco,6,"el 10 de agosto de 2025, durante la conmemoracion del aniversario 248 del municipio de la vega, en el sur del cauca, se produjo un ataque terrorista contra la estacion de policia local, que interrumpio las festividades con al menos ocho explosiones y rafagas de disparos. el atentado, atribuido al frente andres patino, tambien conocido como alias mordisco, dejo como resultado dos agentes de la policia nacional heridos y cuatro civiles lesionados.",disidencias de las farc,Ataque a instalaciones de la fuerza publica,Cauca,La Vega,72,Ninguna,True,La Vega - Cauca,{},Ninguno
19315,2025-08-10,la opinion,San José De Cúcuta,Norte De Santander,Andina,False,False,Urbana,Acciones de los grupos armados al margen de la ley,Activacion de artefacto explosivo,Ataque a infraestructura y bienes civiles,True,,,0,"el 10 de agosto de 2025 en cucuta, en el callejon garcia de los alpes, atacaron con granada dejando danos en tres viviendas. la familia afectada desconoce las razones del ataque que sembro terror en la zona.",no identificado,Activacion de artefacto explosivo,Norte De Santander,San José De Cúcuta,37,Ninguna,False,San José De Cúcuta - Norte De Santander,{},Ninguno
19304,2025-08-09,el tiempo,Puerto Concordia,Meta,Orinoquía,True,True,Rural,Acciones de la fuerza publica y otros servidores publicos,Combate,Acciones de la fuerza publica,True,disidencias de las farc,segunda marquetalia,1,"el 9 de agosto en el area rural de la vereda san jorge, en el municipio de puerto concordia, meta, el ejercito nacional llevo a cabo un operativo militar contra la estructura armada conocida como segunda marquetalia. durante la operacion, se registro la muerte de un combatiente y se logro la incautacion de material de guerra, entre armas y municiones.",disidencias de las farc,Combate,Meta,Puerto Concordia,60,Ninguna,False,Puerto Concordia - Meta,"{""Agropecuario"": ""Negativo""}",Agropecuario
19310,2025-08-09,la nacion,Algeciras,Huila,Andina,True,False,Rural,Acciones de la fuerza publica y otros servidores publicos,Combate,Acciones de la fuerza publica,True,disidencias de las farc,bloque jorge suarez briceno,1,"el 9 de agosto, , en la vereda el toro del municipio de algeciras, huila, tropas del batallon de alta montana n.° 9 y del batallon de accion directa y reconocimiento n.° 5 de la novena brigada, con apoyo aereo, ejecutaron una operacion militar contra integrantes de la comision ivan diaz del bloque jorge suarez briceno, presuntas disidencias de las farc. ",disidencias de las farc,Combate,Huila,Algeciras,61,Ninguna,False,Algeciras - Huila,{},Ninguno
19318,2025-08-09,alerta santanderes,San Calixto,Norte De Santander,Andina,True,False,Urbana,Acciones de los grupos armados al margen de la ley,Hostigamiento,Ataques contra la fuerza publica,True,,,0,"el 9 de agosto de 2025, en el casco urbano del municipio de san calixto (region del catatumbo, norte de santander), la estacion de policia fue objeto de multiples ataques con fusil por parte de un grupo armado ilegal aun no identificado; aunque no hubo victimas ni heridos, las rafagas causaron danos tanto en la fachada de la sede como en varias viviendas cercanas, y los uniformados lograron repeler la agresion.",no identificado,Hostigamiento,Norte De Santander,San Calixto,71,Ninguna,False,San Calixto - Norte De Santander,{},Ninguno
19309,2025-08-08,alerta santanderes,Tibú,Norte De Santander,Andina,True,True,Rural,Acciones de los grupos armados al margen de la ley,Enfrentamiento,Enfrentamientos,True,eln,,0,"el viernes 8 de agosto, se registraron enfrentamientos entre el eln y disidencias de las farc en zona rural del municipio de tibu en la vereda oru siete, alli varias familias se vieron obligadas a salir de sus parcelas por temor a quedar en medio de este fuego cruzado.",eln,Enfrentamiento,Norte De Santander,Tibú,49,Ninguna,False,Tibú - Norte De Santander,"{""Agropecuario"": ""Negativo""}",Agropecuario
19303,2025-08-07,semana,Sipí,Chocó,Pacífico,True,False,Urbana,Acciones de los grupos armados al margen de la ley,Ataque a instalaciones de la fuerza publica,Ataques contra la fuerza publica,True,,,0,"el jueves 7 de agosto de 2025, alrededor de las 10:30 p.m., la cabecera municipal de sipi, en choco, fue atacada y hostigada por hombres armados presuntamente vinculados al ejercito de liberacion nacional (eln). el grupo armado intento llegar a la estacion de policia nacional, donde se produjeron hechos violentos que fueron repelidos por los uniformados con el apoyo de la fuerza aerea colombiana. no se reportaron afectaciones fisicas entre el personal policial; sin embargo, la poblacion civil quedo inmersa en el caos y temor generado por el ataque.",no identificado,Ataque a instalaciones de la fuerza publica,Chocó,Sipí,89,Ninguna,False,Sipí - Chocó,{},Ninguno
19305,2025-08-07,la fm,San José Del Guaviare,Guaviare,Amazonia,True,True,Rural,Acciones de la fuerza publica y otros servidores publicos,Combate,Acciones de la fuerza publica,True,disidencias de las farc,bloque jorge suarez briceno,1,"el 7 de agosto de 2025, en una operacion de inteligencia de alta precision llevada a cabo en la zona rural del municipio de san jose del guaviare, departamento de guaviare, tropas de las fuerzas especiales neutralizaron a anibal garavito hernandez, alias miller, cabecilla de la estructura jhon linares del bloque ‘jorge suarez briceno’ de las disidencias de las farc. ",disidencias de las farc,Combate,Guaviare,San José Del Guaviare,60,Ninguna,False,San José Del Guaviare - Guaviare,"{""Agropecuario"": ""Negativo""}",Agropecuario
19312,2025-08-07,caracol,Plato,Magdalena,Caribe,False,False,Rural,Acciones de la fuerza publica y otros servidores publicos,Combate,Acciones de la fuerza publica,True,otro grupo armado ilegal,clan del golfo,2,"el 7 de agosto de 2025, en el corregimiento de apure, municipio de plato, magdalena, la policia nacional capturo a alias “el gordo”, identificado como albeiro contreras, de 24 anos, durante un enfrentamiento armado con integrantes de la subestructura sergio antonio carrascal gomez del clan del golfo. durante el enfrentamiento, dos soldados resultaron heridos.",otro grupo armado ilegal,Combate,Magdalena,Plato,54,Ninguna,False,Plato - Magdalena,{},Ninguno
19313,2025-08-07,el pais,Totoró,Cauca,Pacífico,False,False,Rural,Acciones de los grupos armados al margen de la ley,Enfrentamiento,Enfrentamientos,True,"eln, disidencias de las farc",frente dagoberto ramos,0,"el 7 de agosto de 2025, en la zona rural del municipio de totoro, cauca, especificamente en las veredas gabriel lopez y calvache, campesinos e indigenas del pueblo totoroez quedaron atrapados en intensos combates armados entre las disidencias de las farc, encabezadas por el frente dagoberto ramos, y la guerrilla del eln. ","eln, disidencias de las farc",Enfrentamiento,Cauca,Totoró,52,Ninguna,False,Totoró - Cauca,"{""Agropecuario"": ""Negativo""}",Agropecuario
19319,2025-08-07,el pais,Buenos Aires,Cauca,Pacífico,True,False,Rural,Acciones de los grupos armados al margen de la ley,Hostigamiento,Ataques contra la fuerza publica,True,disidencias de las farc,frente jaime martinez,0,"el 7 de agosto de 2025, miembros del frente jaime martinez de las disidencias de las farc atacaron con rafagas de fusil a soldados que patrullaban en la vereda la balsa, zona rural del municipio de buenos aires, en el norte del cauca, como parte de la operacion escudo del norte, sin que se reportaran heridos ni victimas mortales; el ejercito atribuyo este hostigamiento a una accion coordinada con otro ataque simultaneo en timba, valle del cauca, y reforzo su presencia en la region tras neutralizar, tambien ese dia, un cilindro bomba de 100 libras en caloto, ubicado en el resguardo indigena de toez.",disidencias de las farc,Hostigamiento,Cauca,Buenos Aires,104,Ninguna,False,Buenos Aires - Cauca,"{""Agropecuario"": ""Negativo""}",Agropecuario
19300,2025-08-06,ejercito nacional,Inzá,Cauca,Pacífico,False,False,Rural,Acciones de la fuerza publica y otros servidores publicos,Combate,Acciones de la fuerza publica,True,disidencias de las farc,frente dagoberto ramos,1,"el 6 de agosto, se adelataron combates en la vereda san vicente del municipio de inza, cauca contra la estructura dagoberto ramos. los combaes dejaron a un combatiente neutralizado y multiple material de guerra incautado.",disidencias de las farc,Combate,Cauca,Inzá,35,Ninguna,False,Inzá - Cauca,{},Ninguno
19311,2025-08-06,el pais,Buenos Aires,Cauca,Pacífico,True,False,Rural,Acciones de los grupos armados al margen de la ley,Combate,Acciones de la fuerza publica,True,disidencias de las farc,frente jaime martinez,0,"el 6 de agosto de 2025, en el sector de la balsa, zona rural del municipio de buenos aires, en el norte del cauca, tropas del ejercito nacional fueron atacadas por disidentes de las farc pertenecientes al frente jaime martinez. el ataque consistio en rafagas de fusil durante varios minutos en el punto de control militar con el objetivo de cerrar corredores de movilidad de estas fuerzas armadas ilegales.",disidencias de las farc,Combate,Cauca,Buenos Aires,69,Ninguna,False,Buenos Aires - Cauca,"{""Agropecuario"": ""Negativo""}",Agropecuario
19321,2025-08-06,el espectador,Santiago De Cali,Valle Del Cauca,Pacífico,False,False,Urbana,Acciones de los grupos armados al margen de la ley,Activacion de artefacto explosivo,Ataque a infraestructura y bienes civiles,True,,,0,"el 6 de agosto de 2025, en el barrio mojica, al oriente de cali, se produjo la explosion de un artefacto explosivo lanzado en el antejardin de una casa de tres pisos deshabitada ubicada en la calle 83 con carrera 28e3; aunque no hubo personas lesionadas, el inmueble sufrio danos en puertas y ventanales, y la policia metropolitana de cali mantiene abierta la investigacion para esclarecer lo ocurrido y establecer responsabilidades.",no identificado,Activacion de artefacto explosivo,Valle Del Cauca,Santiago De Cali,71,Ninguna,False,Santiago De Cali - Valle Del Cauca,{},Ninguno
19322,2025-08-06,caracol,Tibú,Norte De Santander,Andina,True,True,Rural,Acciones de los grupos armados al margen de la ley,Enfrentamiento,Enfrentamientos,True,"eln, disidencias de las farc",,0,"el 6 de agosto de 2025, habitantes de la zona rural del municipio de tibu, en la region del catatumbo, reportaron un recrudecimiento de los enfrentamientos entre integrants de grupos armados ilegales, tras un video difundido por las disidencias de las farc anunciando una ofensiva contra el eln; los combates se desarrollaron a lo largo de la via que conecta tibu con el corregimiento de la gabarra y, aunque se presume que hubo varios muertos, no hay cifras oficiales ni pronunciamiento de las autoridades locales.","eln, disidencias de las farc",Enfrentamiento,Norte De Santander,Tibú,85,Ninguna,False,Tibú - Norte De Santander,"{""Agropecuario"": ""Negativo""}",Agropecuario
19296,2025-08-05,infobae,Chita,Boyacá,Andina,False,False,Rural,Acciones de los grupos armados al margen de la ley,Emboscada,Ataques contra la fuerza publica,True,eln,,6,"el 5 de agosto, tres soldados profesionales del ejercito nacional fueron asesinados en una emboscada perpetrada por el eln en la vereda el moral, municipio de chita, boyaca. los uniformados atacados con artefactos explosivos y rafagas de fusil fueron identificados como durley ascencio tapiero, andres felipe arias ponce y jaider miguel mercado melendrez. ademas, otros tres soldados resultaron gravemente heridos y fueron trasladados a un centro asistencial para su atencion medica.",eln,Emboscada,Boyacá,Chita,71,Ninguna,False,Chita - Boyacá,{},Ninguno
19314,2025-08-05,alerta paisa,Belmira,Antioquia,Andina,False,False,Urbana,Acciones de la fuerza publica y otros servidores publicos,Combate,Acciones de la fuerza publica,True,otro grupo armado ilegal,clan del golfo,1,"el 5 de agosto de 2025, en un combate en el municipio de belmira, antioquia, la policia y el ejercito abatieron a jesus octavio valencia arango, alias ""medallo"", cabecilla urbano del clan del golfo, senalado autor material e intelectual del atentado terrorista perpetrado el 16 de abril en el sector la y, via que conecta entrerrios con san pedro de los milagros. durante la operacion se realizaron cuatro allanamientos en puntos estrategicos y fueron capturados dos integrantes mas de esta estructura criminal. ",otro grupo armado ilegal,Combate,Antioquia,Belmira,82,Ninguna,False,Belmira - Antioquia,{},Ninguno
19316,2025-08-05,alerta bogota,"Bogotá, D.C.",Cundinamarca,Andina,False,False,Urbana,Acciones de los grupos armados al margen de la ley,Activacion de artefacto explosivo,Ataque a infraestructura y bienes civiles,True,,,0,"el 5 de agosto en la localidad de kennedy en bogota, se registro la detonacion de un artefacto explosivo contra varios establecimientos comerciales. la policia capturo a un hombre que se movilizaba en motocicleta y seria el presunto responsable de lanzar la granada.",no identificado,Activacion de artefacto explosivo,Cundinamarca,"Bogotá, D.C.",43,Ninguna,False,"Bogotá, D.C. - Cundinamarca",{},Ninguno
19320,2025-08-05,el pais,Almaguer,Cauca,Pacífico,False,False,Rural,Acciones de los grupos armados al margen de la ley,Enfrentamiento,Enfrentamientos,True,"eln, disidencias de las farc",frente andres patino,2,"el 5 de agosto de 2025, en el sector de el picacho —limite entre las veredas gonzalo y moras, en la zona rural del municipio de almaguer, sur del cauca— se intensifico el temor entre la poblacion rural ante los combates entre disidencias de las farc (frente andres patino) y la guerrilla del eln por el control territorial de la zona; los enfrentamientos, que se registraron desde hace dias, ya dejaron al menos dos personas muertas, presuntos integrantes de grupos armados ilegales, causaron el desplazamiento de campesinos hacia poblaciones como el bordo, y generaron restricciones en la movilidad y confinamiento en los cascos urbanos, mientras el ejercito desplego tanquetas y unidades en el area para proteger a las comunidades y contener la violencia.","eln, disidencias de las farc",Enfrentamiento,Cauca,Almaguer,123,Ninguna,False,Almaguer - Cauca,"{""Agropecuario"": ""Negativo"", ""Humanitario"": ""Negativo""}","Agropecuario, Humanitario"
19306,2025-08-04,semana,Tame,Arauca,Orinoquía,True,False,Rural,Acciones de la fuerza publica y otros servidores publicos,Combate,Acciones de la fuerza publica,True,eln,frente de guerra oriental,1,"el 4 de agosto, tropas del ejercito nacional desarrollaron una operacion militar en la vereda siberia 1, municipio de tame, departamento de arauca, donde fue abatido un integrante del frente de guerra oriental, heroes y martires del eln tras intensos combates. durante la accion, los militares incautaron un arsenal compuesto por armas largas, municiones, granadas, chalecos multiusos y explosivos listos para ser usados, que fueron destruidos de manera controlada por el grupo antiexplosivos.",eln,Combate,Arauca,Tame,73,Ninguna,False,Tame - Arauca,{},Ninguno
19317,2025-08-04,el pais,Los Andes,Nariño,Pacífico,True,False,Rural,Acciones de los grupos armados al margen de la ley,Activacion de artefacto explosivo,Ataque a infraestructura y bienes civiles,True,,,1,"el 4 de agosto de 2025, en la vereda la planada del municipio los andes sotomayor, narino, raul mecario solarte alvarez, de 61 anos, murio tras pisar accidentalmente una mina antipersona mientras trabajaba en una finca agricola. los familiares lo encontraron gravemente herido y lo llevaron al puesto de salud del municipio, donde fue confirmado su fallecimiento.",no identificado,Activacion de artefacto explosivo,Nariño,Los Andes,57,Minería,True,Los Andes - Nariño,"{""Minero"": ""Negativo"", ""Agropecuario"": ""Negativo""}","Minero, Agropecuario"
19323,2025-08-04,el colombiano,Frontino,Antioquia,Andina,False,False,Rural,Acciones de los grupos armados al margen de la ley,Hostigamiento,Ataques contra la fuerza publica,True,otro grupo armado ilegal,clan del golfo,3,"el 4 de agosto de 2025, en el corregimiento de nutibara, municipio de frontino (occidente de antioquia), integrantes del clan del golfo atacaron a la fuerza publica, lo que genero un enfrentamiento que dejo tres militares heridos y causo preocupacion entre los habitantes de la zona, mientras se reforzaban las operaciones de control por parte del ejercito.",otro grupo armado ilegal,Hostigamiento,Antioquia,Frontino,57,Ninguna,False,Frontino - Antioquia,{},Ninguno
19307,2025-08-03,el universal,Arenal,Bolívar,Caribe,True,False,Urbana,Acciones de los grupos armados al margen de la ley,Hostigamiento,Ataques contra la fuerza publica,True,,,0,"el domingo 3 de agosto de 2025, alrededor de las 9:00 p.m., cinco hombres fuertemente armados atacaron con rafagas de armas largas la estacion de policia ubicada en el casco urbano del municipio de arenal del sur, sur del departamento de bolivar",no identificado,Hostigamiento,Bolívar,Arenal,42,Ninguna,False,Arenal - Bolívar,{},Ninguno
19324,2025-08-03,alerta paisa,Dabeiba,Antioquia,Andina,True,False,Rural,Acciones de la fuerza publica y otros servidores publicos,Combate,Acciones de la fuerza publica,True,otro grupo armado ilegal,clan del golfo,0,"el 3 de agosto de 2025, en el sector remolino, zona rural de dabeiba (occidente de antioquia), integrantes del clan del golfo atacaron a la fuerza publica, lo que desencadeno combates con tropas de la fuerza de despliegue rapido n.º 7 y la brigada 17 del ejercito; el hecho no dejo heridos, pero genero alarma en la comunidad.",otro grupo armado ilegal,Combate,Antioquia,Dabeiba,58,Ninguna,False,Dabeiba - Antioquia,"{""Agropecuario"": ""Negativo""}",Agropecuario
19325,2025-08-03,akerta paisa,Cáceres,Antioquia,Andina,True,True,Rural,Acciones de la fuerza publica y otros servidores publicos,Combate,Acciones de la fuerza publica,True,otro grupo armado ilegal,clan del golfo,0,"el 3 de agosto de 2025, en el municipio de caceres (bajo cauca antioqueno), se registraron enfrentamientos entre integrantes del clan del golfo y unidades del ejercito en medio de operaciones de control territorial; aunque no se reportaron victimas, los choques armados causaron zozobra entre los habitantes.",otro grupo armado ilegal,Combate,Antioquia,Cáceres,47,Ninguna,False,Cáceres - Antioquia,{},Ninguno
19298,2025-08-02,blu radio,Santa Rosa Del Sur,Bolívar,Caribe,True,True,Rural,Acciones de los grupos armados al margen de la ley,Emboscada,Ataques contra la fuerza publica,True,eln,,6,"el 2 de agosto, en la zona rural de la vereda pie de sabana, municipio de santa rosa del sur, sur de bolivar, seis militares fueron heridos en medio de combates contra el eln y el clan del golfo, luego de un ataque con artefactos explosivos lanzados desde drones. ",eln,Emboscada,Bolívar,Santa Rosa Del Sur,49,Ninguna,False,Santa Rosa Del Sur - Bolívar,"{""Agropecuario"": ""Negativo""}",Agropecuario
19299,2025-08-02,blu radio,Santa Rosa Del Sur,Bolívar,Caribe,True,True,Rural,Acciones de la fuerza publica y otros servidores publicos,Combate,Acciones de la fuerza publica,True,eln,,6,"el 2 de agosto, en la zona rural de la vereda pie de sabana, municipio de santa rosa del sur, sur de bolivar, seis militares fueron heridos en medio de combates contra el eln y el clan del golfo, luego de un ataque con artefactos explosivos lanzados desde drones. ",eln,Combate,Bolívar,Santa Rosa Del Sur,49,Ninguna,False,Santa Rosa Del Sur - Bolívar,"{""Agropecuario"": ""Negativo""}",Agropecuario
19301,2025-08-02,el colombiano,Uramita,Antioquia,Andina,False,False,Rural,Acciones de la fuerza publica y otros servidores publicos,Combate,Acciones de la fuerza publica,True,otro grupo armado ilegal,clan del golfo,3,"el 2 de agosto tropas del ejercito nacional de colombia sostuvieron combates con una subestructura del clan del golfo, conocida como edwin roman velasquez valle, en la zona rural del municipio de uramita, occidente de antioquia. durante el enfrentamiento, un grupo de soldados del batallon de infanteria n.º 32 de la cuarta brigada fue emboscado, resultando en al menos tres militares heridos.",otro grupo armado ilegal,Combate,Antioquia,Uramita,62,Ninguna,False,Uramita - Antioquia,"{""Agropecuario"": ""Negativo""}",Agropecuario
19302,2025-08-02,el colombiano,Uramita,Antioquia,Andina,False,False,Rural,Acciones de los grupos armados al margen de la ley,Emboscada,Ataques contra la fuerza publica,True,otro grupo armado ilegal,clan del golfo,3,"el 2 de agosto tropas del ejercito nacional de colombia sostuvieron combates con una subestructura del clan del golfo, conocida como edwin roman velasquez valle, en la zona rural del municipio de uramita, occidente de antioquia. durante el enfrentamiento, un grupo de soldados del batallon de infanteria n.º 32 de la cuarta brigada fue emboscado, resultando en al menos tres militares heridos.",otro grupo armado ilegal,Emboscada,Antioquia,Uramita,62,Ninguna,False,Uramita - Antioquia,"{""Agropecuario"": ""Negativo""}",Agropecuario
19308,2025-08-02,el tiempo,Cañasgordas,Antioquia,Andina,False,False,Rural,Acciones de los grupos armados al margen de la ley,Hostigamiento,Ataques contra la fuerza publica,True,otro grupo armado ilegal,clan del golfo,3,"el 2 de agosto de 2025, en el corregimiento cestillal, zona rural del municipio de canasgordas, occidente de antioquia, un comandante operativo de la policia de antioquia, resulto herido en el antebrazo derecho durante un ataque armado atribuido a la subestructura edwin roman velasquez valle del clan del golfo. en el hecho tambien resultaron heridos otros tres uniformados.",otro grupo armado ilegal,Hostigamiento,Antioquia,Cañasgordas,58,Ninguna,False,Cañasgordas - Antioquia,"{""Agropecuario"": ""Negativo""}",Agropecuario
19326,2025-08-02,el pais,Cajibío,Cauca,Pacífico,True,False,Rural,Acciones de la fuerza publica y otros servidores publicos,Combate,Acciones de la fuerza publica,True,disidencias de las farc,frente jaime martinez,0,"el 1 de agosto de 2025, en las veredas dinde y ortega del municipio de cajibio, cauca, se registraron enfrentamientos entre el ejercito y presuntos integrantes del frente jaime martinez de las disidencias de las farc; los combates comenzaron en dinde en horas de la noche y se extendieron hasta la madrugada del 2 de agosto cuando las tropas patrullaban en ortega, generando temor en la comunidad por las rafagas y explosiones, aunque no se reportaron heridos.",disidencias de las farc,Combate,Cauca,Cajibío,77,Ninguna,False,Cajibío - Cauca,{},Ninguno
